step,time,mean_damage,max_damage,mean_cytokine,max_cytokine,mean_ecm,max_ecm,mean_repair,mean_penetration,mean_necrosis,mean_activation_NFkB,mean_STAT3_IL6,mean_IFN,mean_cytotoxicity,mean_exhaustion,mean_TGFb_suppression,mean_repair_program
0,0.0,0.0,0.0,0.0,0.0,0.1193044702441469,0.5856469734308873,0.0,0.0,0.0,0.30956601262533456,0.2503435226326466,0.3174583469696546,0.37772825896945067,0.1253597062797618,0.24717437343506587,0.3275189513310772
1,0.045,6.320394001579508e-06,7.332615056423909e-05,0.0006429696876745915,0.07254360596651765,0.12140872265861012,0.5866152848591799,0.0025134374181361354,0.00010056235027380653,0.0,0.2909110976178894,0.24335844937211049,0.3068067898953342,0.3369422843370968,0.16745056657577756,0.22388541112009258,0.31054271807316164
2,0.09,1.2906159950351425e-05,0.0001495448859281831,0.0012691159460526597,0.12253910951946238,0.12352004823574142,0.5876875104125537,0.004848933353713846,0.00018912405581397542,0.0,0.2750468384932417,0.23760447481526056,0.29756223036284685,0.3029949603137716,0.20373177421447214,0.2040185096799669,0.2959456877635079
3,0.135,1.9735032973206586e-05,0.00022877465194867257,0.001881022918950925,0.1719116569599318,0.1256385126488802,0.5886135045887224,0.007021407535651912,0.0002690858678137805,0.0,0.2616715841099421,0.23290494915721002,0.28934116820012357,0.2744153646882651,0.23534042550953552,0.18703813324837357,0.2833185259427617
4,0.18,2.6833877076365253e-05,0.0003111387186090341,0.0024810076826521222,0.19931128102083334,0.12775427870969455,0.5896711725454368,0.009043304809135337,0.00033671870571013113,0.0,0.25046026980232416,0.22904907801489693,0.28257851609072787,0.25103571769922156,0.26231061558622154,0.17251260276983857,0.2723058499446203
5,0.22499999999999998,3.4330161406777814e-05,0.00039676537310253003,0.003071374744551513,0.22926338705190222,0.129871850306665,0.5906667815266549,0.010925814535313143,0.0003961598302777948,0.0,0.24118461776822972,0.2259615168812824,0.2764783646107321,0.23132357158168199,0.28585644747418193,0.1601441043621817,0.2626773002111411
6,0.27,4.2024959393600055e-05,0.0005324649210910138,0.0036541820061498148,0.2761807056192528,0.13201863267732927,0.5916018184632474,0.012680442991210062,0.00045261085784358614,0.0,0.23357685242874482,0.2236392299372734,0.27120862606170715,0.21485622802085544,0.3066525870589078,0.14958660262943993,0.2543594491612742
7,0.315,5.00089440270335e-05,0.0006219403052733926,0.0042315847843984065,0.3226954367844323,0.13416584631408618,0.5926156456452495,0.01431757440000529,0.0005039415371784402,0.0,0.22751616868399138,0.22199193163435324,0.26695474718767853,0.20153372535953973,0.3245869065264526,0.14061871944563847,0.24717086634949137
8,0.36,5.830270124553443e-05,0.0007149795886730096,0.004804121900858791,0.3700750810730642,0.13631082001195227,0.5938006619825574,0.015846373963080466,0.0005504281729079896,0.0,0.22237952649037132,0.22063685621986603,0.26326525928503863,0.19055917636718614,0.340063897143396,0.13298903531913864,0.24094077228285754
9,0.40499999999999997,6.694391652738403e-05,0.0008117284570704428,0.005373396857275117,0.42158814658609917,0.13846187114313377,0.5948325251524036,0.01727492290698139,0.000595207168750535,0.0,0.21834000791809027,0.21974013340563053,0.26023825228109504,0.18166373928520585,0.3535843187287879,0.12650535497643361,0.2355196922012018
10,0.44999999999999996,7.591103915905242e-05,0.0009123385003837601,0.005939949312436583,0.4795574268760909,0.14061190455051029,0.5958385832253676,0.018612239198415606,0.0006388638917743486,0.0,0.21502871169707902,0.21919173757340513,0.2574546329426515,0.17391290827972547,0.3660015626822659,0.12102527890546355,0.23094086641006176
11,0.495,8.526381864749044e-05,0.0010169674453598292,0.006504595617921662,0.5155903258759162,0.1427649944495503,0.5968483691568683,0.0198646345363114,0.000679443878224948,0.0,0.2123882969585635,0.21881619265438776,0.2552250307624494,0.16746009421995645,0.3768483628526413,0.11638021840694696,0.2269350426861818
12,0.54,9.49865571816194e-05,0.0011257793966632764,0.007068495804286705,0.5569077001116142,0.14491861696076833,0.597671650608723,0.02104001246002826,0.0007183392784808111,0.0,0.2105535721823215,0.21898616180469432,0.2535223382136406,0.16228999758164145,0.38706045239888964,0.11255628189901988,0.2236132176090014
13,0.585,0.00010507031194343242,0.0012389450865841708,0.007632231932049996,0.6048116780346017,0.1470882188631654,0.5989223969614802,0.022144613440697767,0.0007554979457418973,0.0,0.20920492638750066,0.21941224483246421,0.25260490431445176,0.1585127549488464,0.3962132653302514,0.10936439180751442,0.2208102951194716
14,0.63,0.00011561301699051616,0.0013566421335827659,0.00819564830056153,0.6382649445750346,0.14924952964918756,0.599954901237386,0.02318286129308579,0.0007928679683917072,0.0,0.2081940122981269,0.21983423099966393,0.2518317765612364,0.15516846492465627,0.404741609476755,0.1067759426400932,0.2183554990965927
15,0.6749999999999999,0.00012657227068938574,0.0014790553098857912,0.008759328263339597,0.6831704028625692,0.1514032395206411,0.6008367887322966,0.024160795142758783,0.0008333398984153894,0.0,0.20754570526893557,0.22052170479399938,0.251437890002193,0.1526308134835661,0.4126499563060336,0.10462027203063745,0.2163663208076447
16,0.72,0.00013793969299753174,0.0016063768183437331,0.009322681077974643,0.7269829694320257,0.15356673634276494,0.6022659700393058,0.025083284717256717,0.0008731164032883028,0.0,0.2069133194533375,0.22116827427517508,0.2506221528652221,0.14991744812783372,0.42033617537973245,0.10291675678986022,0.21473130841096116
17,0.765,0.00014973689755524278,0.0017388065787521747,0.009886103204195324,0.76300723269091,0.1557340209132117,0.6054440844687365,0.025953841984784537,0.0009117701238988815,0.0,0.20653778922648222,0.2218121536054647,0.24966976936742677,0.14735461615629905,0.4272816536169365,0.10156869960825098,0.21332420586296744
18,0.8099999999999999,0.0001620071689685914,0.0018765525238324326,0.010449382703281374,0.7835242120273739,0.15790561207753498,0.6079019271854817,0.02677616520031333,0.0009499902696426093,0.0,0.20619442811522176,0.2223223669420105,0.24917933102219564,0.14546595212808408,0.4329539892056329,0.10034186913631665,0.21215209081995265
19,0.855,0.000174865614187218,0.002023756721686003,0.011013427557165771,0.8083478311147598,0.16006148610905602,0.6110575995596955,0.027553613489418215,0.0009889919975617036,0.0,0.206339868197533,0.22318940664903253,0.24909471694820037,0.14388183639117832,0.43914997385919813,0.09947472010092075,0.21119267864208774
20,0.8999999999999999,0.00018821040344300477,0.0021778103451488558,0.011578685095146295,0.8303912155458686,0.16222822436079784,0.614393063465675,0.028290426919272957,0.001029105978460076,0.0,0.20677443122272418,0.22428388430003504,0.2493683251461126,0.14292861331978907,0.4450847821678632,0.09889791270449858,0.2105120093633634
21,0.945,0.0002021133359071954,0.0023380499820942076,0.01214507928101863,0.8579023429981896,0.1643860788781842,0.6175274984750967,0.028989567293379752,0.0010693926189687495,0.0,0.20732320691878103,0.22537982253554564,0.24976423164670167,0.14210116790208205,0.45075592675427817,0.09850498086743267,0.21000195978293532
22,0.99,0.00021651981500560294,0.0025047267032456103,0.012713404945683062,0.8963253159138855,0.1665497548529389,0.6202203627974965,0.02965115869394999,0.00111191032983943,0.0,0.2081623249493047,0.2265091090327221,0.2502105505773982,0.14149342250779492,0.4559714393620705,0.09812127004572543,0.20942152975279335
23,1.035,0.00023145851502144788,0.0026781015374752128,0.013282015943321925,0.917064438989661,0.1687055350647391,0.6233321099961697,0.03027957929140031,0.0011516148417340076,0.0,0.20858058271283464,0.2274153229303021,0.25065800292696994,0.14111313028852307,0.4606332869902738,0.09789258208457605,0.20911752673208772
24,1.08,0.00024707858662899307,0.002858445840834765,0.013852547392333736,0.9371615772514148,0.17085770355633978,0.6262213136373317,0.0308779489767092,0.0011951075566021198,0.0,0.20950159231174492,0.22869254020400234,0.25144881899043836,0.1410538747056395,0.46536484625322394,0.09790274491112474,0.20899425868233232
25,1.125,0.000263295448103589,0.00304604167658978,0.01442517406348556,0.9718812077303631,0.17300190281480896,0.6294189795353168,0.03144851380899737,0.0012375652432967655,0.0,0.21055094544370018,0.2300788794410484,0.2521457253250539,0.14084786332202331,0.47037860443706897,0.09803571861054493,0.20898335618653063
26,1.17,0.0002801472129704353,0.003241182206322206,0.015001050612257353,1.0281585955109687,0.17516371552617543,0.6323193678147364,0.031993263449587216,0.001284515818788995,0.0,0.21204910543731906,0.23185495608407847,0.25330854282881216,0.14107636955195257,0.4757450440311802,0.09822454065395282,0.209074604596939
27,1.2149999999999999,0.0002976370039658496,0.003444172092138524,0.015579686411228,1.048068665723958,0.17732112589626225,0.635635276631499,0.03251361415506142,0.0013305769856296725,0.0,0.21347409357814673,0.2334718416054145,0.25449695266944006,0.1414401708542831,0.48078112147875324,0.09867585006350868,0.2092066346507692
28,1.26,0.0003158302509103047,0.0036553279099886355,0.01616164325752862,1.1030064984620438,0.17947304040338924,0.6385510160137594,0.033010826410071255,0.0013751496376978643,0.0,0.2150330192449797,0.23509520196398853,0.2556771374650335,0.14175419211223064,0.4854782568758904,0.09911114457415515,0.209366354542587
29,1.305,0.0003349375353022158,0.0038749785740660255,0.016744615822501408,1.1209650116525072,0.18162559694597452,0.641919981821176,0.03348746631740079,0.0014200401872150872,0.0,0.21593943046599076,0.2363173685154942,0.25642461870550315,0.14176086386095893,0.4899890284199194,0.0996324591016909,0.2096723826455095
30,1.3499999999999999,0.0003548685954573365,0.004103465772221358,0.017329228820605388,1.1354440178030136,0.18378244022826778,0.6449504014588038,0.03394463347392077,0.0014677575485804303,0.0,0.21708525287931518,0.23766349468928002,0.2572076381245467,0.14162560628871118,0.494706534282566,0.10022821848334734,0.21000864554564774
31,1.395,0.0003754494015940916,0.004341144412279656,0.017916308962415306,1.1616460507188997,0.1859280965935573,0.6476565084479478,0.03438360427793083,0.001518352857712696,0.0,0.2185428094562191,0.23923911327090963,0.2579143503733745,0.14129878254070236,0.4999581272275746,0.10095669724875668,0.21039135831798408
32,1.44,0.0003972787729571781,0.004588383079105385,0.01850534659936914,1.176823161785013,0.18807263170077704,0.6506839433213822,0.0348052508042365,0.0015679828421166584,0.0,0.2198468209408918,0.24070829725969797,0.25888085029882546,0.14135065805689956,0.5047678494711875,0.10163896296196914,0.21078692982847186
33,1.4849999999999999,0.0004196631542360679,0.004845564502209945,0.019095580852335394,1.1811516329709537,0.19021624827086003,0.6537920285971865,0.03521164828248184,0.0016216317879789875,0.0,0.22100067716881994,0.24215505402190285,0.2597523569914804,0.14120625784849047,0.5100368037092208,0.10243574666516615,0.21130490900233503
34,1.53,0.0004427102548655603,0.00511308603364211,0.019685280192143998,1.1769629851449608,0.19235561041328378,0.6569224488487807,0.035602868867194944,0.0016735999393370873,0.0,0.22162101418095156,0.2431233248925462,0.25970281805038636,0.14038358498467335,0.5149249546920968,0.10334467557475577,0.21176825261755342
35,1.575,0.000466799962732496,0.005391360135843737,0.020275981909794138,1.1787545516344196,0.1944891267257467,0.6600396495400004,0.035980364740356395,0.001725346407217333,0.0,0.22270715837466304,0.24445876478000983,0.2598523588165575,0.13974503725859663,0.519877632434912,0.10417782192800719,0.21230228554351532
36,1.6199999999999999,0.0004920409005570311,0.005680814879090412,0.020870455966583754,1.1917466325166728,0.19661631044476494,0.6630411804858003,0.03634686189167012,0.0017809001477660782,0.0,0.22470299186316428,0.24669258499383148,0.2605938283552671,0.13981306780760813,0.5257666593835484,0.10511526547638753,0.21302788413305354
37,1.665,0.0005181034134837854,0.0059818944480696185,0.021469227655001286,1.2049867504540765,0.19873752757158694,0.6661336129325033,0.036703500149042334,0.0018379898864503436,0.0,0.22696472991790984,0.2492267981624094,0.26203011600924014,0.14029609234628063,0.5322816106337933,0.10615861258955815,0.2138188334886692
38,1.71,0.0005454018456098683,0.00629505965707732,0.022070487783881158,1.2157787102120643,0.20085020244475701,0.6688430478285124,0.03704924263168673,0.0018916143737937633,0.0,0.22865178880999693,0.2511702458171886,0.2630297597590076,0.14034775389088908,0.5380664866133581,0.10719876638486824,0.21447608287445064
39,1.755,0.0005736393397471767,0.006620788473237593,0.022675047435952576,1.22932771436176,0.20297715036296338,0.6720339469397841,0.03738313178317517,0.0019467418448604883,0.0,0.23056014470301553,0.2531414912769067,0.26395128251138317,0.14022813193220188,0.5437794887954763,0.10809919875223056,0.2150083690442862
40,1.7999999999999998,0.0006032849653285629,0.0069595765470691,0.02328210610802226,1.248688252489386,0.2050915387246945,0.6752961019925343,0.037706527360723045,0.001999729318905056,0.0,0.23217971352596525,0.2549104397683149,0.2648015706126196,0.13997624809821937,0.5491977918785667,0.10896987450027922,0.2156042203333965
41,1.845,0.0006339776288596826,0.007311937749636764,0.023891364780909415,1.2596854326938605,0.20721549306715362,0.6781231634177632,0.03802056936503819,0.002051106770663778,0.0,0.23368203327032802,0.2566393121128881,0.26610115363620995,0.14046383800816845,0.5538881643452338,0.10978911631055856,0.2162554595291121
42,1.89,0.0006655741344841684,0.0076784047154371555,0.024503483101156295,1.30088541796863,0.20933244281484722,0.6808002705276917,0.03832556620205202,0.0021049022359027583,0.0,0.23538816261850476,0.2584995873520419,0.26722243077843766,0.14081406470515143,0.5586117452243701,0.11048449302172988,0.2168978682335244
43,1.9349999999999998,0.0006986387216608742,0.008059529390071879,0.025118745574929727,1.31120569867324,0.21145680327451527,0.6837097292554899,0.0386217823431197,0.0021588261832523126,0.0,0.23718849685177987,0.260381883776037,0.2691769381743732,0.1418223350436623,0.5630985396223454,0.11134866923852649,0.21752416969265098
44,1.98,0.0007329511236719389,0.00845588358166497,0.025736440478284456,1.3271718126478667,0.21356704364104753,0.686703758681892,0.03890955124629664,0.0022088610766345536,0.0,0.23874201769009526,0.2620346102125427,0.2707743455876954,0.14240966865899252,0.5672290660595352,0.11220029358941402,0.21813497511787594
45,2.025,0.0007684555475210885,0.008868059514878108,0.02635511064410054,1.3342290845252718,0.2156782503287623,0.6897587753282749,0.03918815289238835,0.0022577326798470855,0.0,0.2397685494152683,0.2632877187176761,0.2720124312866531,0.1429130238785656,0.5708110182847528,0.11276641955700538,0.21864898011982262
46,2.07,0.0008056112079495916,0.009296670386271749,0.026976160842575755,1.368105257180062,0.21776974637045035,0.6927797592939259,0.03945677828815368,0.0023138684274428604,0.0,0.24134080349840198,0.2649674434365241,0.2743593797176325,0.14430648761332585,0.5748805917261617,0.11327159198947809,0.219072349473873
47,2.1149999999999998,0.0008445029666003421,0.00974235091965159,0.02760005729198562,1.4071748120182885,0.2198722391592631,0.6954884234309133,0.039714986265274754,0.0023683040504951804,0.0,0.24303728792817045,0.26670042218024576,0.2763432832255626,0.14544104646879139,0.5789048288946096,0.11370290727598278,0.219414680082607
48,2.16,0.0008849792971106576,0.01020575791992826,0.028225451542190225,1.4226749292770382,0.22196607540051572,0.6981176168216265,0.039963030528412935,0.002427755265556275,0.0,0.24431766460283977,0.26809739627309703,0.2782068568136515,0.146364889693491,0.5824696203137644,0.11412238273223825,0.21973481018931257
49,2.205,0.0009273149926148131,0.010687570823904835,0.0288516451534457,1.4350872557913683,0.22406212823889282,0.7012532913656674,0.040203071030893205,0.002489696755597779,0.0,0.24542860843359013,0.2694193690874735,0.27979714129473837,0.1467643170553948,0.5866380651587635,0.1147009177970569,0.22019753329069008
50,2.25,0.0009709692028011273,0.011188492246292083,0.029479312540555445,1.4608291663207473,0.22615066680495505,0.7042923577094513,0.04043573455837682,0.0025520669917708026,0.0,0.24679563292643944,0.27093284256531813,0.28167568436863166,0.14741837440699673,0.5908645090352111,0.11536375295924216,0.22067999491469684
51,2.295,0.0010162587779664453,0.011709248519136002,0.030107937468738893,1.5108944366987829,0.22823852196097452,0.707298745693435,0.040660189079608555,0.0026121859340777313,0.0,0.2479123325397066,0.27214009163138786,0.28305551429217923,0.14774533067210452,0.5944741146160438,0.11588881029615077,0.22105447350464463
52,2.34,0.0010635442235391902,0.012250590222727474,0.030740236232318204,1.5476176209622587,0.23033063569290765,0.7099019158314874,0.04087857367338587,0.0026768860782355013,0.0,0.24990674353904477,0.2741611581264337,0.2844790979148258,0.14830174938527885,0.598884634181828,0.11661116225734924,0.22158034784335276
53,2.385,0.0011131898352714667,0.012813292705950255,0.03137549016925655,1.56840489639848,0.232425345898411,0.7126547407975262,0.04109215812362543,0.002739018984674484,0.0,0.2516141666695353,0.2759092459308616,0.2856019075074708,0.14829895100671198,0.6030790526740967,0.11733470167340732,0.22217894038371602
54,2.4299999999999997,0.0011645290174263556,0.013398156593912481,0.03201284984406148,1.5998940685855954,0.23450626398668373,0.7153227585749279,0.04130201691371831,0.002802193963316479,0.0,0.25311437500545353,0.27753834035619074,0.28641752619797,0.1481196803815022,0.6072533576816461,0.11823226326155788,0.2228493328715651
55,2.475,0.001217547528192404,0.014006008280631789,0.03265288664365215,1.6171606784154322,0.23659721892724242,0.718359470257147,0.04150771466937392,0.002871736172684646,0.0,0.25479743798401633,0.2792772575918024,0.28729176459187833,0.1480022107439326,0.6116942121927526,0.11918426711066532,0.22346844639741234
56,2.52,0.001273078643219689,0.014637700404312523,0.03329500264872137,1.6321962327767239,0.23868478940840365,0.7210938706324757,0.041709433303255876,0.0029399499653960893,0.0,0.25627186799332397,0.2807366560137612,0.28801909398619474,0.14807596375125595,0.6148595415586032,0.12015469125569346,0.22407978010844706
57,2.565,0.0013307243575326967,0.015294112302851891,0.03393904165734412,1.6427466135779072,0.24076114102459978,0.724166434005553,0.04190628141730615,0.003003931293970019,0.0,0.25759531161611204,0.282007610821547,0.2891641305454166,0.1485599140219801,0.6175768602988497,0.12110118663161576,0.2245872071528774
58,2.61,0.001390950594343196,0.01597615044699418,0.03458555736996645,1.6398751266598015,0.24283164645579985,0.72702748909378,0.04209987190491383,0.003072786212972081,0.0,0.259166169157929,0.2836823153832279,0.2905714202907402,0.14902134388442198,0.6210328494125507,0.1220403444722289,0.22522702225419045
59,2.655,0.0014526534849188058,0.016684748848506268,0.03523507920387952,1.6364541516577575,0.2449036782859068,0.729613387346435,0.04229030569046485,0.0031436867603858434,0.0,0.26087182015221894,0.2854427983647817,0.2921838910901126,0.1496104261521273,0.6246193359459272,0.12305972877552515,0.2258608260114478
60,2.6999999999999997,0.0015175707092021753,0.017420869440680612,0.035886197103262484,1.6467315265776987,0.24695581882855722,0.7322526800315532,0.0424789774143939,0.0032197391283297883,0.0,0.26221109582125113,0.2870674347608724,0.293636947389539,0.14978837251268995,0.6287143142921657,0.12404810360599137,0.226607786545694
61,2.745,0.00158377019220788,0.018185502428417783,0.03653825712545407,1.6427427067481741,0.2490210228551812,0.7350499954266665,0.042663929019311354,0.003294046004296529,0.0,0.26334721207101686,0.28844830275453925,0.29512698811143745,0.15012949207402054,0.6323619043572025,0.12492925395564006,0.22718404945494522
62,2.79,0.0016536927358222146,0.018979666605101517,0.03719193568519729,1.6362795513492905,0.2510648675635017,0.738060271134616,0.04284420375350489,0.003373897895985493,0.0,0.26468461606399984,0.2899916354459237,0.29661936310222703,0.1504788610191804,0.6364150297304907,0.125706789871866,0.22766908374493022
63,2.835,0.001725895061010764,0.01980440963345658,0.03784551813195277,1.6298992306183933,0.25311832400662254,0.7406934788185187,0.043019925490417915,0.0034532498467240466,0.0,0.26539602708552246,0.2910933346800455,0.2979767890415486,0.15096520411536868,0.6397656487118389,0.12628722914453902,0.22814050975915515
64,2.88,0.0018013893137447667,0.02066080828757593,0.03850199661939977,1.6249287800197136,0.2551702221970549,0.7436998517992128,0.043192087238071206,0.003532574670656152,0.0,0.267207412691425,0.29313585178543455,0.2999161191442995,0.15195720058722095,0.6441409590924904,0.1271576933714016,0.2286868565644397
65,2.925,0.0018793937509414547,0.021549968653319793,0.03916081104713046,1.6458284999524926,0.2572187892696025,0.7461993670314622,0.04336174193287498,0.003612362473610351,0.0,0.2688071956957309,0.29492324542139603,0.30127567159266,0.15210519033071646,0.6479534467919655,0.12801150884055726,0.22929483487847752
66,2.9699999999999998,0.0019603103391787617,0.022473026284327957,0.03982093187349607,1.6738567091214984,0.25927087342014693,0.7489154770966432,0.0435312387378692,0.003688150196880484,0.0,0.2699079089532282,0.29642329018579616,0.30201896273105117,0.15185306282804356,0.6512727544689123,0.12875871463325964,0.23007838489457194
67,3.0149999999999997,0.0020431318445573465,0.023431146310948697,0.04048411304369458,1.6976800340386509,0.26131163798855,0.7518689225406667,0.04370062287452911,0.0037565292877917017,0.0,0.2714643690413672,0.29809543817328416,0.30267244068741583,0.15124746348177084,0.655035043174639,0.12958382887088848,0.23085097541038077
68,3.06,0.002130415535888584,0.02442552349947547,0.04114926681790671,1.731688255397297,0.26336125601507215,0.7545816954546575,0.04386760061708178,0.0038197287954136773,0.0,0.27257895577322355,0.29925562669289596,0.3033131659153545,0.15095346132322132,0.6576457580452535,0.13010460036716182,0.23142410486530232
69,3.105,0.0022212181101278075,0.025457382259196873,0.0418170719830666,1.7849402623339161,0.2654013844595832,0.7577760588257648,0.04403243140299851,0.0038818245324420473,0.0,0.27390691242771176,0.30063624952496326,0.3044231162048948,0.1513610495477113,0.66002362860855,0.13069698429796925,0.2320097616480853
70,3.15,0.002314737555473107,0.02652797659490781,0.04248593010828782,1.8330258244576179,0.2674415865440113,0.7605451829650876,0.04419399550315614,0.003942050960668034,0.0,0.27461426487615076,0.3014701039608915,0.30562644749472895,0.15207823215674848,0.6613064759824459,0.13109877206550552,0.23248501935490026
71,3.195,0.0024133556407002514,0.027638590002701174,0.04315531158543405,1.8842763480096845,0.2694714562242456,0.7633566143525763,0.04435271232996213,0.003996692162626693,0.0,0.2751332286805374,0.3019758930438923,0.3062117480204234,0.15250945446536518,0.6622625291457066,0.1316443904502557,0.23296878896153647
72,3.2399999999999998,0.0025153936639788796,0.028790535307060317,0.043826033716472576,1.9057667827004932,0.271492887228297,0.7663211267142329,0.04450889184509914,0.004045277627679391,0.0,0.27597127544095185,0.30270327807828634,0.30661540708003504,0.15302222926035952,0.6635529929751626,0.132425821394631,0.23346583509541327
73,3.2849999999999997,0.002620767327992767,0.029985154437503755,0.044497775900327885,1.9444853598880762,0.273521346945177,0.7692103396890849,0.04466244829857316,0.004091937540401348,0.0,0.27673480130273165,0.30338581741583953,0.3064364716160616,0.15195651744983735,0.6653199141470871,0.13328495915666225,0.23394567246933187
74,3.33,0.00273044081306431,0.031223818143294564,0.04516968072322007,1.9805106168063353,0.27555369687425735,0.7719320738366628,0.044812555432140126,0.004140285476299302,0.0,0.2771027103243767,0.30371935266192934,0.30680473114005463,0.15204993867328098,0.6662635226452331,0.13401437647394474,0.23434019032109055
75,3.375,0.0028442115612391135,0.032507925645017866,0.04584163958443637,2.0310665935145376,0.2775642327996084,0.774962066883334,0.044957787059568335,0.004189555970570571,0.0,0.2774056604443507,0.3039190785483306,0.30728568748261226,0.15268654096528853,0.6666894546396082,0.13467561517345875,0.2346006119676639
76,3.42,0.0029614799790491134,0.0338389042221493,0.04651458095901719,2.0497690314451424,0.27957762551312787,0.777472562913928,0.04510161746350726,0.004241284546696628,0.0,0.27791641922287075,0.30451670460065833,0.3075345300508554,0.15244810999549377,0.6684679341308327,0.1352633427130875,0.23513739325352181
77,3.465,0.003085551093041357,0.03521820873608494,0.047189851691860345,2.0524468635147155,0.2815950220083731,0.7801628124995679,0.04524510623138038,0.00428783760747848,0.0,0.27890285871563464,0.30548974318344824,0.3074195305860002,0.15185517143320543,0.6708518151749927,0.13604792029906548,0.23575701118340922
78,3.51,0.003212561921765606,0.03664732108847606,0.04786722604504748,2.0554000025406505,0.2836045578768192,0.7827206919541657,0.04538549504365439,0.004340138398700179,0.0,0.27987687204114453,0.3064439071362624,0.3077580367218978,0.1519806522424103,0.6733322911768543,0.13680028896544083,0.23615781972027952
79,3.5549999999999997,0.0033429620834615247,0.03812774961510932,0.04854703375979633,2.0553274265774233,0.28560613622149306,0.7855419716147987,0.04552401488998948,0.004396599977881163,0.0,0.28092114961735126,0.3075324388793039,0.30874656548457796,0.15238340900329134,0.6753591506100687,0.1374881956218119,0.23664910949536913
80,3.5999999999999996,0.0034790104618292288,0.039661028415990264,0.049229507057543524,2.078045658408585,0.2876052865441492,0.7883562927932484,0.045661266630183786,0.004452304984203661,0.0,0.28198752718912634,0.3086471163626414,0.3089471771850361,0.15153622262242242,0.6779935580606471,0.1380471863392836,0.23718281992692317
81,3.645,0.0036170901872535554,0.04124871662272419,0.04991662388708561,2.1366508140413005,0.2896074273950866,0.7910734508840995,0.045796103881576455,0.004513105143757787,0.0,0.2837134319119394,0.31026340486428255,0.31072045091862593,0.15224806201211125,0.6805391411672076,0.1386579623621583,0.23762267158353637
82,3.69,0.0037621830255745014,0.04289239760473723,0.05060846347738443,2.1847906868261915,0.29161498675602004,0.7937782364949009,0.04593115930361924,0.004581493299156037,0.0,0.2856210441375173,0.3122889383441238,0.3127242938391131,0.1534553143490413,0.6836984890060008,0.13932747565173467,0.2382922974628307
83,3.735,0.003913090057896742,0.04459367811634047,0.05130427035356867,2.2203777509878946,0.2936127010566274,0.7965126637953738,0.04606533352996654,0.004643996575543922,0.0,0.28715243490519055,0.313970428460553,0.3142871140163571,0.1541075150611343,0.6864158552495195,0.13988982548244205,0.238858502553098
84,3.78,0.004066046541411364,0.04635418738710403,0.052003710179594244,2.2542482427854673,0.29559482628233297,0.7994817288198294,0.046198730675747784,0.004719649053413021,0.0,0.2886603682735987,0.31568668061157235,0.31535987972594504,0.15415958692948747,0.6893489940625361,0.14062454855151713,0.23944473124834645
85,3.8249999999999997,0.004229289879712646,0.04817557615847323,0.052704780078004325,2.316086499234226,0.29758495397127155,0.8021313171603479,0.04633055353790732,0.004797514293526858,0.0,0.28939995668794155,0.3166405479131337,0.31663233975671573,0.15451175082587223,0.6914383832669163,0.14121994353693718,0.23994706191426748
86,3.8699999999999997,0.004400957288387131,0.05005951567001876,0.05340933875359034,2.3737707399285566,0.2995696383567206,0.8047985554060677,0.04645937342606609,0.004879063956987193,0.0,0.290599951971825,0.317838007769336,0.3180265490688635,0.1552206689971234,0.6933518634173746,0.14163325189009715,0.24031981880616948
87,3.915,0.004576807825390356,0.05200769659916204,0.05411680692791145,2.437175433078132,0.30156447842111817,0.8076589803690569,0.046587434262716644,0.0049626182638772024,0.0,0.2917363202266343,0.3190770566320837,0.31889592019038093,0.1550678631042155,0.6962824905900348,0.14256643426692672,0.24087292324001108
88,3.96,0.004756642823027392,0.054021827958650445,0.05482633205405473,2.461713292607553,0.30355229067876544,0.8106318031762281,0.04671387657176292,0.0050458236715316,0.0,0.2925547055029271,0.31994570106597475,0.3194805359779133,0.15500224891780637,0.6984726697642818,0.14340289425006902,0.2413433746731107
89,4.005,0.004942248999185481,0.05610363595646787,0.055537506734082774,2.480947555421873,0.3055334338112376,0.8133581696519588,0.046838063652263895,0.0051327041707718915,0.0,0.2933077893044773,0.32078424113816056,0.3204157903866358,0.15513172453550605,0.7006992266722455,0.1443578154605955,0.24176127007390202
90,4.05,0.005135553355433982,0.05825486282324991,0.05625191561530117,2.51367754282643,0.307520420920883,0.8164826620045684,0.04696325975569425,0.005231697109840254,0.0,0.2946251343296678,0.3223650685663407,0.3223086028915404,0.1562933371164471,0.7034896788468082,0.14541293115198048,0.24245973449985153
91,4.095,0.0053339320632835845,0.06047726561262309,0.056970560508620295,2.548196944836761,0.30949610399504884,0.8195181183886658,0.0470893142589444,0.005329494747530917,0.0,0.29619355579736134,0.32415537277134515,0.3239308496768866,0.1570922337379282,0.7065232827416558,0.14627784016795822,0.24315110866566744
92,4.14,0.005535032318933547,0.06277261498019876,0.057693283221237186,2.594351845579884,0.31147456334817325,0.8224718586674497,0.0472137527113734,0.005425735681297886,0.0,0.29758539005924506,0.32562064118086936,0.32571716107643306,0.15818321567611837,0.70909535868369,0.1469031509939724,0.24363091448255347
93,4.185,0.005744043607284762,0.06514269394722,0.05842132556656482,2.635517513553303,0.3134382376856179,0.8251448765877559,0.04733641842548712,0.005518103370526156,0.0,0.29911868266472863,0.3270950200651243,0.32653250008450785,0.15838078285356139,0.7114977883009677,0.1471606701434915,0.24407166230232027
94,4.2299999999999995,0.005963375339294287,0.06758929665507933,0.059153615966277474,2.6705314750209617,0.3154113294020183,0.8281489118837103,0.047459446913233345,0.005607178104014162,0.0,0.30030891311802815,0.32846558632401646,0.32705964269103327,0.1585098197473173,0.7136162147623913,0.14752195556135742,0.24468511841963064
95,4.2749999999999995,0.006188928990032851,0.07011422711709128,0.059889488386887305,2.7298492640060665,0.31739418553818893,0.8309407654043568,0.04758003209520368,0.00570074813549826,0.0,0.30117001114786063,0.329464505262579,0.32817245261980804,0.15965230623747062,0.7151122407859083,0.1477731942852919,0.24506459773156994
96,4.32,0.006425973229264469,0.07271929797401468,0.060628871405448245,2.791605307472151,0.31936382983835354,0.8334099976228349,0.04769677640798707,0.005798387499168633,0.0,0.3019910446040136,0.3303046740406939,0.329621892818759,0.16109679317162073,0.7159780224058231,0.148170789903182,0.2453126790927807
97,4.365,0.006668639554010318,0.0754063292598719,0.06137161021681232,2.8428530357999438,0.321317043850881,0.8360674800743391,0.04781141311825331,0.005884740970847289,0.0,0.30258354043976177,0.3309914301616331,0.33052276980356116,0.16174244284988,0.7167368741287741,0.148386476859823,0.24567893396398527
98,4.41,0.006919598538802413,0.07817714718460314,0.06211765159065601,2.8486579417601434,0.3232832867358044,0.8384214394367503,0.04792577396803433,0.005967049086429028,0.0,0.3032153370726671,0.3317985286371522,0.3313509094194552,0.1624504169499373,0.7180839628512458,0.1487511296561223,0.2461921424581241
99,4.455,0.007170419432968782,0.08103358294002376,0.06286584502384301,2.9036649975198565,0.325254411261909,0.8413189297252511,0.048034798899767195,0.006042823426748678,0.0,0.3032725054001206,0.3317439949482633,0.3307949065497861,0.16187109565728713,0.7184620198781424,0.14885634574900972,0.24626074057412942
100,4.5,0.007437882029247998,0.08565909470847356,0.06361575654618701,2.948954189434906,0.3272206902862308,0.8437270199982956,0.04814089251706597,0.006112937627604094,0.0,0.30321198482655526,0.33181245133794834,0.33204000866237426,0.16348450765191325,0.7178829478566058,0.1490633730554776,0.24651182116571477
101,4.545,0.007707691944324041,0.08868319125122852,0.06436799841175478,2.972105266477846,0.32917152950524,0.846596503375887,0.04824563341909157,0.0061604498072463,0.0,0.3032145332964304,0.3319220669701586,0.33263557466250926,0.16407700949922188,0.7175795290237715,0.14923692013675455,0.24687325331789214
102,4.59,0.007987547947580846,0.0917982999448531,0.06512434580967999,2.9952771440101302,0.33111810418836235,0.8491882331994337,0.04834831231067831,0.006213235773850192,0.0,0.3039137619280815,0.332604858308942,0.3327249624939934,0.1637806391491173,0.7191103260153896,0.14970944948201298,0.24718118081043428
103,4.635,0.008285144060068635,0.09500625797911665,0.06588498980074833,2.995850292282615,0.33307564136295315,0.8520397876259507,0.04845003003094976,0.006272719765612244,0.0,0.304656828155001,0.3334794521857475,0.3334747497977292,0.16398117689834868,0.7207583676946945,0.1501453150779623,0.24758408756845113
104,4.68,0.008583928141404625,0.09830890212062045,0.0666483518293157,3.0112945834748452,0.3350231962363095,0.8547398863152729,0.048552734056321344,0.0063358139664294304,0.0,0.3048089040266578,0.3340777532456637,0.3332922273641201,0.16309034050774424,0.7227959362541843,0.15049142492003922,0.2481530795784252
105,4.725,0.008892196625657081,0.10170806778415852,0.06741445749030006,3.05050250736577,0.33696915127703525,0.8574016557905199,0.0486522052985905,0.006389694051196433,0.0,0.3048923321027887,0.33420371471246785,0.3330677301677854,0.16189957947632053,0.7245031481765326,0.1508486028729681,0.24835740960692892
106,4.77,0.009206544178112674,0.10520575145102494,0.06818378813635607,3.1101184517088503,0.3389181594494317,0.8600804913907676,0.048748408968803225,0.006457930546513924,0.0,0.3051870991936956,0.33464653712714704,0.33375078797951774,0.16189816709997804,0.7261548642905155,0.15114571066768112,0.24856200313583013
107,4.8149999999999995,0.009532677339233167,0.10880361934957415,0.06895640621983064,3.159835770957321,0.34086433162421714,0.8632323605238651,0.048840823803880114,0.006524776892006365,0.0,0.305311071411909,0.3348687824146695,0.33450229899439826,0.16290919076075047,0.7258057287965437,0.151104891775522,0.2486963081030285
108,4.859999999999999,0.009866971976617804,0.1125034979029223,0.06973172684876464,3.197509383546288,0.34279914034878955,0.8658365201890826,0.04892913293371564,0.006592992044349317,0.0,0.305165756520951,0.3347853793091811,0.3346260125115636,0.1630886987934326,0.7255235643855534,0.15109059867562805,0.24878416895067365
109,4.905,0.010211564944789555,0.11630720911851625,0.07050986113515872,3.249830048985025,0.3447554154708569,0.8684567707599717,0.049011489650637105,0.006656137265055351,0.0,0.30488693532777295,0.33444934103385404,0.33489975259468646,0.1637609729188432,0.724864259970787,0.15084298756102676,0.248692709710555
110,4.95,0.010570307427429334,0.12021656999991173,0.07129133878625755,3.282615104757357,0.34670922117358394,0.8713453268977466,0.04909062987494011,0.0067212642844463695,0.0,0.304746032491497,0.3344515677631107,0.33425562199099884,0.16336508353870227,0.7254731405521818,0.15072777986734104,0.24881162788852773
111,4.995,0.010931870109032706,0.12423339203367369,0.07207676903866973,3.285053572374898,0.3486551608115935,0.8743668462426872,0.04916562031282146,0.006785698986163243,0.0,0.3046464425029918,0.33431260748234715,0.33312701754633295,0.1623273742679137,0.7266351835116185,0.1507435863065749,0.2488321051002138
112,5.04,0.011298639520976922,0.1283595054513908,0.07286693852758531,3.3084721748453227,0.3505981664708305,0.8769760274823899,0.04923831602059039,0.006842422901827085,0.0,0.3048950532892265,0.33459892216193604,0.3331037687209733,0.1621498582579655,0.7285933775839862,0.1510551309175645,0.24899864021059784
113,5.085,0.011681157451175959,0.13259668467206318,0.07366063865619749,3.32736318587088,0.35254494310286877,0.8825164828365272,0.049308015778578025,0.006903623702922824,0.0,0.30469001449452493,0.3345228888388785,0.3327559746495731,0.161907891080091,0.7302194430102434,0.15114802878014266,0.24909445035393257
114,5.13,0.012075428599924517,0.13694672231531235,0.07445869397822456,3.3784127683641767,0.3544745993178568,0.8882859015954695,0.04937539879068907,0.006959957620196949,0.0,0.3046581218074233,0.3345119630795755,0.33230292787563853,0.16171602515534345,0.7313368669331494,0.15140488492787976,0.2492249511518941
115,5.175,0.01247967506349472,0.1414114041931785,0.07526168456602367,3.3973341879831143,0.3564138049415991,0.8945271367669602,0.04944236993739663,0.007009896633223245,0.0,0.304635722092527,0.33455839425921685,0.33168136083644917,0.16127699145493413,0.7322549229063369,0.15161095112815406,0.249498089772621
116,5.22,0.012903786495743617,0.14679325272545093,0.07607068107849406,3.3931819666583722,0.35834078639523753,0.9006721902089575,0.04950813207104368,0.007062461874805883,0.0,0.3049549771264077,0.334782295128115,0.33145520206834617,0.16103622699184272,0.733270721404565,0.15178268434267353,0.24970741603203805
117,5.265,0.013324295889677014,0.151478977781094,0.07688690304971264,3.410794251178989,0.36027487900645083,0.9065288921043532,0.04957677691245579,0.0071241894014072,0.0,0.30558961423080905,0.33568824566221594,0.33179642142191335,0.1606276915813104,0.7353152502063257,0.1519139860894343,0.25026869487006137
118,5.31,0.013758064099080725,0.1562843559151488,0.07770982654013577,3.448510875978508,0.3622069496058049,0.9123046934861174,0.049648149868509815,0.0071828741805925736,0.0,0.3060993963512955,0.3364664365861097,0.33152093156314955,0.15996842031334013,0.7367052113307456,0.15199705485255643,0.2508278316442921
119,5.3549999999999995,0.014215661362672848,0.16121114057924962,0.078540836033269,3.4820883533362355,0.36414506393698554,0.9180504960348975,0.04972036993462212,0.007237132623573365,0.0,0.3070425403067254,0.337380074980368,0.33214509570532075,0.16047416486464663,0.7374176082239686,0.15230344779367191,0.25123267832073204
120,5.3999999999999995,0.014678771201568687,0.16626107845753657,0.07937857105822511,3.5,0.3660828798194087,0.9231865679544605,0.04979263762856358,0.007284882068315077,0.0,0.307538638592146,0.33782461384106505,0.33277762984327947,0.16161443309784454,0.7374092847654274,0.1526626999708897,0.2515651630625598
121,5.444999999999999,0.015152822894785176,0.17143590966459704,0.08022128534226,3.5,0.3680186855886458,0.9286012230823932,0.049864331104906706,0.007335080988558662,0.0,0.30863123662235326,0.3386537519753282,0.3336222222946992,0.16297761941325556,0.7381699935324512,0.15302995907231348,0.25184824575619524
122,5.49,0.01563229940999417,0.17673736799941983,0.08107029219460554,3.5,0.3699397472119881,0.9339466688065537,0.049932595943991735,0.00737376075388011,0.0,0.3097009123886528,0.3392044228114154,0.33338069056622177,0.1632646529953028,0.7386716907434716,0.1533464130296007,0.2518762013154604
123,5.535,0.01611978115071755,0.18216718125109646,0.08192656723441359,3.5,0.3718654765448154,0.9392323529691177,0.050002811759619174,0.007401206204607295,0.0,0.3099419444813885,0.33949162677379213,0.3331751954942582,0.1634749803281917,0.7388103280480681,0.15365224435206581,0.25234080091516997
124,5.58,0.016628959607421168,0.18772707155176027,0.08278615409624242,3.5,0.3737996979967004,0.9450526785348078,0.05007028958077852,0.007425750720388048,0.0,0.31059627798449135,0.3398618377265158,0.33338627354482664,0.16370629447553753,0.7393370364832414,0.1539225490740281,0.2524202089155993
125,5.625,0.017150267864201037,0.19341875577205472,0.08365478150868971,3.5,0.3757253568426583,0.9512779781716776,0.05013256550007216,0.007460945728893795,0.0,0.3118180301191115,0.34072731889443275,0.3349566203451292,0.16523910952973342,0.7399368966170579,0.15426279447582264,0.25229313604282183
126,5.67,0.017681520939890078,0.19924394595427208,0.08453682078059252,3.5,0.377663432133612,0.9575857511171898,0.050194377328665364,0.007507444682832872,0.0,0.3122334213695091,0.3411988563820445,0.33659796384128876,0.1669526061571298,0.7403080894950433,0.1546307764006534,0.2525463235917085
127,5.715,0.018228058070586577,0.20520434977819751,0.08542444676247181,3.5,0.37958759416223475,0.9639689353319939,0.050258248015656766,0.007554896674395715,0.0,0.31266655852881814,0.34185038348627395,0.3383401630447719,0.16821755810865235,0.7412600933514144,0.15532251140004913,0.2530210262782796
128,5.76,0.018782040074352455,0.21130167105463296,0.086328349523005,3.5,0.3815210004369426,0.9706928989001685,0.05032252840657023,0.007594995900729689,0.0,0.313599794942157,0.3426492116712457,0.33940356812528194,0.16869442414605257,0.7430812099213138,0.15591300295714192,0.25335087533476175
129,5.805,0.01934648240475405,0.21753761024155546,0.08723734025295585,3.5,0.383443265498337,0.978232061879578,0.05038812760133713,0.007643014229790648,0.0,0.3140824867043905,0.3431956535446744,0.3408132872290409,0.16952185035619857,0.7432503625649338,0.156273338272888,0.25376166024771557
130,5.85,0.01993246181315666,0.22391386497788615,0.08815437336263898,3.5,0.38536681185721655,0.9858137492104163,0.05045000791150575,0.00769635744059528,0.0,0.31502688461683526,0.3437783588131664,0.34164327057908117,0.1698639415371813,0.7437358358452815,0.15664845197122787,0.25374899080879
131,5.895,0.020527306044493963,0.2304321306299037,0.08908529989297374,3.5,0.3873121110609146,0.9932937869343343,0.0505078185768838,0.007758848964736472,0.0,0.31586968899976514,0.3443193981317099,0.34250105037656764,0.1707258319409625,0.7442745389411044,0.15673070282951101,0.25369891306819436
132,5.9399999999999995,0.021130696477189168,0.23709410084542867,0.09002194241621982,3.5,0.38924185284277546,1.0,0.050561207213850094,0.00781892315823213,0.0,0.31649819976665355,0.3447038560947584,0.34298063488181146,0.17086118399807854,0.745171856017707,0.15684693385183712,0.2535977012892343
133,5.984999999999999,0.02174720212064029,0.24390146811102859,0.09097274437222404,3.5,0.39117073699810523,1.0,0.05061260995670449,0.007895034226063276,0.0,0.31673228705222867,0.3449098490601788,0.3441317538569552,0.17191105667883344,0.7452107384252847,0.15700575290948696,0.25368783510109627
134,6.029999999999999,0.02238923513356747,0.2508559243076444,0.0919288089290764,3.5,0.3931038152719327,1.0,0.050665079281758264,0.007967402501893326,0.0,0.3170219447037159,0.34540256431286026,0.3455434101593358,0.17338981516484464,0.7467978079313161,0.1573636822879692,0.25402898243699035
135,6.075,0.02304040786858392,0.2579591612602152,0.09289096256957037,3.5,0.3950250568079316,1.0,0.05072071851466547,0.008037127860737174,0.0,0.3172402206351439,0.3457970595590506,0.3459758023618845,0.1735196060060854,0.7487101445491858,0.15806077909339133,0.25455181670254895
136,6.12,0.02369671601448838,0.2652128712770728,0.09386700964863291,3.5,0.39695105855960366,1.0,0.050775187221791675,0.00809468830353435,0.0,0.3173075277842843,0.34574144072961216,0.3461102226905864,0.1734293373104247,0.7501246324149019,0.15848558814194072,0.2547133090144399
137,6.165,0.02438551453513943,0.2726187476750954,0.09484617599060644,3.5,0.39888163092672446,1.0,0.05082811019495809,0.00814887963489802,0.0,0.3169958042326569,0.3454487897773402,0.3458922969757362,0.17320445176690924,0.7509634933805478,0.1588103547773475,0.2548442704162528
138,6.21,0.025070603309297373,0.2801784852868325,0.09583499964927936,3.5,0.40081153773129785,1.0,0.05087907169379365,0.008202075307312038,0.0,0.3165639978212685,0.34513770147885775,0.34573811113608904,0.17301504714610014,0.7516345547521611,0.15893662785417664,0.2549352771098734
139,6.255,0.025781119338505788,0.28789378094605855,0.09683712816077546,3.5,0.4027270697999852,1.0,0.0509282082613743,0.008250931837239928,0.0,0.31648359074346,0.3450507328730567,0.34523625231445626,0.17257310656772323,0.7522122670587185,0.15915997334782542,0.25502154301143043
140,6.3,0.026499209555723317,0.2957663339484568,0.09785339904092497,3.5,0.4046425003984964,1.0,0.05097888854667526,0.008306683303160789,0.0,0.31590592427900255,0.34479606137692825,0.3449439904478304,0.17199247763578687,0.7535249320888194,0.15957163683740191,0.2553891908006609
141,6.345,0.027239323716398877,0.303797847241725,0.09888031012517018,3.5,0.40656596452009175,1.0,0.05102877872432896,0.00835789225813884,0.0,0.3158024112824352,0.34468303528264027,0.3454978206396273,0.17204751032446117,0.7546359326908822,0.15989625499515886,0.2555674980539546
142,6.39,0.0279890386102872,0.3119900263070347,0.09991676880882974,3.5,0.4084797816856789,1.0,0.05108006807505545,0.00841437031977507,0.0,0.3158944292253931,0.34489809152440964,0.3464885526209191,0.17276217487901466,0.7561622944755372,0.16057195748960984,0.25594174455436025
143,6.435,0.02875217204778473,0.3203445802911584,0.10095516541613433,3.5,0.4104079376798104,1.0,0.051128844612580174,0.00847494650312667,0.0,0.31591982918306016,0.3449514440663114,0.34708535795216133,0.17302230637189253,0.7568944141102515,0.16111341627761352,0.2559990456851052
144,6.4799999999999995,0.029530840110546065,0.32886322233977966,0.10200593616643425,3.5,0.41234507802411413,1.0,0.051176159723136536,0.008540553712817206,0.0,0.31668252030964905,0.34559352320592457,0.34766038319663306,0.17317889353687776,0.7587540844548036,0.16157746496209394,0.2561333895845239
145,6.5249999999999995,0.03032288819555011,0.3384940074250152,0.10307352333816053,3.5,0.4142751886357239,1.0,0.05122168187519867,0.008596849499861151,0.0,0.3169083748033815,0.34574957000586437,0.34735891531812896,0.17200364127475215,0.7601739070704217,0.16193871206574625,0.25622653862812805
146,6.569999999999999,0.031133904793645438,0.3473702626128519,0.10415654644059918,3.5,0.416201370221966,1.0,0.05126824254466874,0.008649850780804855,0.0,0.3170233246201691,0.34595597640486303,0.3469648622585667,0.1711095242808039,0.7614526619290851,0.16241975637839326,0.25654834328097714
147,6.614999999999999,0.03195106563985656,0.35641619893963516,0.10525169217249333,3.5,0.4181263779296959,1.0,0.05131504950531112,0.008702409328312349,0.0,0.31706826649089054,0.3461311757030314,0.34730270567064525,0.17071899150769182,0.7631740958772167,0.16292816700945298,0.25681368802163573
148,6.66,0.032798308730643454,0.36563355259136615,0.10635856964884262,3.5,0.42005812557168,1.0,0.051360948342238456,0.008746273661667582,0.0,0.3169747547422599,0.34598476391890254,0.34675788145138026,0.16964267498170635,0.7640963706782403,0.1633917110513303,0.2569629889512494
149,6.705,0.03364979627456,0.3750240648373155,0.10747502582426545,3.5,0.42198572502824067,1.0,0.051405984931661396,0.008788499476199868,0.0,0.31718072333941205,0.34606787466440525,0.34661621160767964,0.16859536095923403,0.7655405342020406,0.1639465469061366,0.257114338081858
150,6.75,0.03453183780826378,0.38458948211610566,0.10861301619652214,3.5,0.42391123983400164,1.0,0.05145135511858295,0.008826387263743457,0.0,0.31721147142799,0.34606172224209186,0.3467820534785246,0.1683871824198547,0.7660469331687286,0.16439050618293924,0.2573587549848147
151,6.795,0.035414325769090226,0.3943315560767963,0.1097644975942694,3.5,0.4258537737242389,1.0,0.051496526527003136,0.008848796199146964,0.0,0.3172881386995148,0.34594595242082954,0.3462945322099491,0.16746104263346476,0.7669723280057124,0.16482878096356865,0.25755263060553635
152,6.84,0.03631988055301436,0.4042520435744663,0.11092871754143387,3.5,0.4277780846236467,1.0,0.05154725178311656,0.008862890567218465,0.0,0.31733737222144354,0.34626340260286553,0.3469828745545508,0.1679276908097993,0.76711339139807,0.165422618905536,0.25824179030781624
153,6.885,0.03723974930296589,0.4143527066199615,0.11210710230083647,3.5,0.4297094045255406,1.0,0.0515996116613051,0.008880512506635505,0.0,0.31761559551251384,0.3464646017620212,0.34729555142561613,0.16813470752954313,0.7670505457248118,0.16598635560630284,0.2586133954191429
154,6.93,0.03816927757701875,0.4246353123553936,0.11330072471136904,3.5,0.4316541453851478,1.0,0.051654589112205565,0.008919811787705251,0.0,0.31823687643555,0.3470525685409926,0.3480577031798605,0.1688198770844809,0.7678304260077496,0.1665726948223338,0.2590870038930665
155,6.975,0.039133296999486235,0.435101632768502,0.11450724534234154,3.5,0.4336064159775968,1.0,0.051713810915329485,0.008945006653437015,0.0,0.31877505795696787,0.347777959012917,0.34890332466293805,0.16947917098647727,0.7683842258740172,0.167069233640666,0.259709915665132
156,7.02,0.040096154697542484,0.4457534445751447,0.11572893347464674,3.5,0.43555165214598285,1.0,0.05177206334894819,0.008966844495129335,0.0,0.3190421055707336,0.34797911972885137,0.3493465609988052,0.16971653822780913,0.7687884776028656,0.16742313422712227,0.25990880916820513
157,7.0649999999999995,0.04109666120012062,0.45659281094039905,0.11696410997856786,3.5,0.4374969112573074,1.0,0.05183198337709016,0.00900562949922826,0.0,0.3188242218981771,0.34798069719228647,0.34958201964977037,0.16980097237901043,0.769187428322886,0.1676886101714041,0.2603302691888795
158,7.109999999999999,0.042102359789128956,0.47100370157932825,0.11821489692613191,3.5,0.4394547297249685,1.0,0.05189339596407975,0.009040612844194783,0.0,0.3192380025682879,0.3484217483520413,0.34973636020179144,0.16982798558480677,0.7701131849045815,0.1682220402347572,0.26074652726853437
159,7.154999999999999,0.04312245916461243,0.48209279237073605,0.11947946132703217,3.5,0.441405533206214,1.0,0.05195625779282611,0.009078365347312784,0.0,0.3190778568194784,0.3484368753095152,0.34877586459782434,0.1684394072454102,0.7712656689316633,0.16845481940813395,0.26116169589467336
160,7.199999999999999,0.04417071270378857,0.4933727294058365,0.12076225201435492,3.5,0.4433683242832344,1.0,0.05201735976756586,0.009105385191513177,0.0,0.31899367869511897,0.3483189454731239,0.34830899546893457,0.16816213312156691,0.7716995919305738,0.1686654677000706,0.2613027061665022
161,7.245,0.045235795497346847,0.5048452911904303,0.1220621808997096,3.5,0.4453394705335422,1.0,0.05207753021311014,0.009128102497529031,0.0,0.3194626976289617,0.3486322065688752,0.3473739893460176,0.16721615527071995,0.7728382068469091,0.16903457624671023,0.26151304247485474
162,7.29,0.04630289454896966,0.5165122588652805,0.1233785744087319,3.5,0.44730783125228085,1.0,0.05213714643652588,0.009145495659144524,0.0,0.3196217400276865,0.3486643329595295,0.3473179103929172,0.16713442727036432,0.7731004329746848,0.1695611991223647,0.2617447681908652
163,7.335,0.047390369142104115,0.5283754157146017,0.12471188089450497,3.5,0.449275982497013,1.0,0.052198426850468285,0.00915304243213368,0.0,0.31993835771584483,0.34889670186708904,0.3462227634144933,0.16639322003421864,0.7734446004281688,0.17009520783640564,0.26216030500484405
164,7.38,0.04850460887425579,0.540436547730429,0.12606245784610884,3.5,0.4512465519981729,1.0,0.052261977415286744,0.00916842211174339,0.0,0.32011313720677415,0.34924648681385045,0.3461341665390729,0.16695355667622674,0.7738082905240813,0.17047253964846953,0.26264640238707293
165,7.425,0.04962940913638908,0.5539755721962188,0.12742970037390688,3.5,0.453226127463991,1.0,0.05232549482628529,0.009196050247650415,2.6682975639241597e-08,0.32048855149328137,0.3496461393021218,0.3459468511790432,0.1671066300119376,0.7745971093164481,0.1707402806274636,0.2629536942373136
166,7.47,0.05076661723163137,0.5665348966863345,0.12881641758335058,3.5,0.4552085141571958,1.0,0.05239149104575391,0.009219665407955933,4.685199967043421e-07,0.32139223232692,0.3505804329654459,0.3468690039194556,0.16795004575875708,0.7756115366828061,0.1711517352543545,0.2634731853562285
167,7.515,0.05191270497057935,0.5798139143814202,0.13022385278449666,3.5,0.4571880764149385,1.0,0.05245700971920037,0.009237223900360463,2.006457221966297e-06,0.3227792692935186,0.35177945819359524,0.34744378126147435,0.16802052566687853,0.7772314404052597,0.17142660346338573,0.2637535730053031
168,7.56,0.05308342442619394,0.5927838232962523,0.13165348628375195,3.5,0.4591803319455212,1.0,0.05251900942443789,0.009268622853323912,5.321775616151581e-06,0.3243745312416767,0.3529201755216382,0.34848191210713186,0.16857336796976696,0.7788888126837941,0.17158470304683898,0.26377228297207883
169,7.6049999999999995,0.05428545772718039,0.6059620914092201,0.13310171733522103,3.5,0.4611796360468831,1.0,0.0525805006873967,0.009304910182324277,1.1063431459469947e-05,0.3248685732742492,0.35356964658502527,0.3490923440948577,0.169161017021017,0.7801359512118397,0.17180831354686246,0.26403308814992743
170,7.6499999999999995,0.0555130359541086,0.6193505103368068,0.13457029392107908,3.5,0.4631751539618833,1.0,0.05264367537067776,0.009356723258194045,1.9873688549563575e-05,0.32611169975621085,0.3547341640211768,0.3495430339429772,0.16964989532513905,0.7816914537570021,0.17222338589037997,0.26447287549573845
171,7.694999999999999,0.05673245365943796,0.6329508731169111,0.1360606582427686,3.5,0.4651864161602415,1.0,0.052708207314052964,0.00940284746656754,3.23860219105382e-05,0.3270585353309015,0.3555616533374999,0.34981942179090136,0.1704204951006182,0.7826179158589572,0.1724056539744251,0.264882302610311
172,7.739999999999999,0.05800561040202111,0.6467649664538861,0.13757460106402458,3.4920743210771135,0.46718379764260526,1.0,0.0527745820197649,0.009446920406986994,4.9165369640370254e-05,0.32751629363474566,0.35604750445709715,0.3495804013640601,0.17103092785616464,0.7830987131246855,0.17279889269117213,0.26533519462867494
173,7.785,0.05927252168148601,0.6621380197152705,0.13910972642402783,3.484250070601897,0.4691973411495454,1.0,0.05283791649675439,0.009501713757308955,7.084583626744414e-05,0.327969948459016,0.3562008132151993,0.3488777849098724,0.17151423044343164,0.7836672693979435,0.1731621836241536,0.26537675748798706
174,7.83,0.06055252417284523,0.6789509055608149,0.14066556398954452,3.5,0.4712107142962119,1.0,0.052899519005598805,0.009552698477115849,9.786455383868605e-05,0.32865094325905486,0.3565370063772991,0.34864004560405665,0.17230661439153333,0.7843881118456403,0.17366325551102868,0.2655154665227977
175,7.875,0.06187445812450775,0.6962339494083909,0.14223659867616684,3.5,0.4732311435095111,1.0,0.05296015352328546,0.009608124661184943,0.00013078003558574704,0.3292261626287729,0.3568777524030525,0.3482125903264017,0.17280447500230006,0.7855362558982684,0.17431660841135832,0.2657179689324291
176,7.92,0.06320523257540965,0.710973444073576,0.14382426653386748,3.5,0.47526079540238997,1.0,0.05301931272980451,0.00967216308477396,0.00017010205012291425,0.3300075508454662,0.3575516386191124,0.3486695785617662,0.17391186631665945,0.787143978251713,0.17491030066973948,0.2658834647422948
177,7.965,0.06458329129921087,0.7259364104571973,0.14544621437673055,3.5,0.47730278750079647,1.0,0.05307990075938474,0.009736923453175655,0.00021619025563919184,0.33038379942390256,0.358167389814512,0.3487585990294611,0.17480876571509735,0.7887146144734574,0.17549504894793588,0.26629912814310414
178,8.01,0.06596918172364932,0.7411245989488525,0.1470901451393865,3.5,0.4793405102501614,1.0,0.05314472987461448,0.00982081142785446,0.00026967942449238194,0.3311419777452637,0.35921835070776115,0.34910717164447436,0.1755538531175225,0.7909658142008476,0.17620877697571685,0.2669759722925822
179,8.055,0.06733492850007482,0.7565397492573863,0.14875709841738816,3.5,0.4813796268039909,1.0,0.05321217098179296,0.009908274029737473,0.000330763146408983,0.3324751870176944,0.3606175891903143,0.34946514263830664,0.17576775449163964,0.7939739164746737,0.17678448314560954,0.267535229113378
180,8.1,0.06874587991972182,0.7721835893599942,0.15044682314024596,3.5,0.4834315194257327,1.0,0.053280459574608544,0.00999349493546085,0.0003999254753471893,0.33400187176382456,0.3620629810709197,0.35032661235670814,0.17648528671513872,0.7959908448119734,0.17711561747589183,0.26794828032723683
181,8.145,0.0701596227588121,0.7880578344265583,0.15216256155878485,3.5,0.48547510948368394,1.0,0.05334990804549719,0.01009095438786104,0.00047771695980919706,0.33562487824321463,0.36352243596107997,0.35112728030105483,0.17780896299488422,0.7974388239558236,0.17743575811820975,0.26839578434692374
182,8.19,0.07162470344858322,0.8041641857238317,0.1539013366980098,3.5,0.48752877202721817,1.0,0.05342256083378872,0.010191645238537267,0.0005645347352067875,0.33705270434137946,0.3650498844163524,0.3519679064472038,0.17894424076992616,0.7988662298576775,0.17759596036838332,0.2690197449972656
183,8.235,0.07309157853508229,0.8205043294994322,0.15566557106960574,3.5,0.48958587082218963,1.0,0.053495362173091185,0.01027241992558293,0.0006606606913450739,0.33803135685847013,0.36597446657945926,0.3523580489307087,0.17926139768542018,0.7999362285241444,0.17769549696755016,0.2693812878776692
184,8.28,0.07459451981032211,0.8370801678996824,0.1574580902813357,3.5,0.49165645251023293,1.0,0.05356737924155202,0.010344523881691043,0.0007665445326278974,0.33965089576585966,0.36733546737875883,0.3525273804345769,0.17939880839952238,0.8016179692801494,0.17793679825618672,0.269661822431488
185,8.325,0.0761155704711527,0.8563169361330513,0.15927520712722887,3.5,0.4937253304311472,1.0,0.05363874062718483,0.010418563338968014,0.0008826334908620525,0.34145168270437404,0.3689497162828922,0.3527473986986944,0.17950897883888975,0.8036579293621364,0.17817434097815696,0.26995425817618346
186,8.37,0.07766131638208501,0.8732852357136803,0.16111908170376563,3.5,0.49580089769661323,1.0,0.053713916219401615,0.010486217633173674,0.0010094369212180702,0.3426304058773486,0.3702697886551541,0.3522261403921271,0.17914982776046423,0.805198130517824,0.17862699289854544,0.2706198444427208
187,8.415,0.07920684634199286,0.8904929851878763,0.16299279934830582,3.5,0.49787782312678786,1.0,0.053790595501807086,0.010542291909303522,0.0011470279720858468,0.3439710355984201,0.37138765995044776,0.3520736448114747,0.17883142695251408,0.8062855022911464,0.17888386857250269,0.2710967160232877
188,8.459999999999999,0.08078378939098162,0.9079417719320411,0.1648932802877657,3.5,0.4999710103014896,1.0,0.053867844080375794,0.010607346829228,0.0012958298095708265,0.3452211339819729,0.372676532818377,0.3533045983344525,0.17996907251303515,0.8076094610548145,0.1791818297783765,0.27151149571834854
189,8.504999999999999,0.08236543990959592,0.9256331613352274,0.166823171623857,3.5,0.5020733914168997,1.0,0.05394428078407035,0.010678070129459602,0.0014561485161558988,0.34622081187381315,0.37379176045348655,0.35324999328637385,0.1803675905967002,0.8086555945842179,0.1795327377421667,0.271814093065542
190,8.549999999999999,0.08398385158452,0.9435686955777668,0.1687794396635935,3.5,0.5041783140223947,1.0,0.05402047844504851,0.01073250530615447,0.0016285261690742385,0.3471214729124217,0.3746490744806609,0.35388889561441716,0.18089068928565794,0.8095081112848227,0.17989022850020228,0.27215294268672435
191,8.594999999999999,0.08560120716898259,0.9617498936560908,0.1707639001638296,3.5,0.5062920062721695,1.0,0.05409892863958394,0.010792820775214491,0.0018131600479147018,0.34775745009960995,0.37536716406580367,0.35443656919258965,0.1812962403597731,0.8102685935186489,0.18024980681437128,0.2727092451391266
192,8.64,0.0872857703316555,0.9801782476145532,0.17277159922950835,3.5,0.5084160637861989,1.0,0.054179519908902476,0.010853114249188731,0.0020104127589830626,0.34838528556758197,0.3761454373533479,0.3553786794210176,0.18171811974439106,0.8113874076406127,0.18069158853849362,0.27326369005814805
193,8.685,0.0889863708311778,0.9988552225614019,0.17481154375156704,3.5,0.5105358842059952,1.0,0.05426360988467042,0.010928979081948198,0.0022207318298882324,0.3492087847677171,0.37730885991489915,0.3573475120500977,0.1828170563834239,0.8126087717180382,0.1810612497571413,0.2739616025324905
194,8.73,0.09068572893922915,1.0177822554421911,0.17687882883078146,3.5,0.5126654903908658,1.0,0.054350895656613704,0.011017932200178346,0.0024442893659417527,0.3502729259459983,0.37851571317433497,0.3593224203101793,0.1844782938238163,0.8138822810918976,0.18154269336207862,0.2746549454602157
195,8.775,0.09241692829440107,1.0369607545738337,0.17897232286113718,3.5,0.5147895590895192,1.0,0.054439953778368404,0.011118920541515935,0.0026814838327633046,0.35150630188294996,0.3797703929367083,0.3619735112444309,0.18716448484886622,0.8148716168489855,0.18195267412253965,0.27523886936364056
196,8.82,0.09415849331203029,1.0563920974415262,0.18109521498662465,3.5,0.5169330823684571,1.0,0.05453002949524944,0.011230600050627877,0.002932742524475575,0.35294065198826463,0.3811718735967459,0.36403176278467375,0.18951716606918065,0.8155263148677435,0.18230878397908556,0.27576529556538354
197,8.865,0.09592581224258039,1.0760776200905802,0.1832515568148253,3.5,0.5190729216967597,1.0,0.05461715967855024,0.011339358524878551,0.0031985430746155606,0.35458583150044004,0.3824610129715594,0.36562481421794474,0.19091380558469068,0.8168074723162637,0.18267996234891687,0.27595747856283026
198,8.91,0.09771932937782923,1.0968025926928537,0.1854381684608584,3.5,0.521223602950925,1.0,0.054705098159192556,0.011447270437457397,0.0034790397886058817,0.35602599017060016,0.3837816292841661,0.3660682304158745,0.19168495308789435,0.8180185715658486,0.18314257809406362,0.27645033802448504
199,8.955,0.09953326387128256,1.116999246133841,0.1876552582923603,3.5,0.523385342648268,1.0,0.05479150381069238,0.011563565173351864,0.003774458085936442,0.35738242628222905,0.38495746903165196,0.3669880865163437,0.1926824652129969,0.8194303292047982,0.1836532143079479,0.2767534380274688
200,9.0,0.10138577668237013,1.1374420753421493,0.18989623758666063,3.5,0.5255548157790924,1.0,0.054875887316344685,0.011680817976558367,0.004085127048011558,0.3584386393812601,0.3857578219096,0.36696337562934017,0.19305608211888844,0.8205440774379413,0.18424776492747497,0.2770037043730297
201,9.045,0.10324260610479653,1.1581559644521138,0.19216835715848685,3.5,0.5277331293800209,1.0,0.054960020664098774,0.011802382305794808,0.004411414456726727,0.35992148432289134,0.38710809005462854,0.36785750413142404,0.19382315213135304,0.8224504431748078,0.18495099801101142,0.2774039119584242
202,9.09,0.10511771911631858,1.1794582888094305,0.19447328051824347,3.5,0.5299128047653836,1.0,0.05504384944394514,0.011920880040588187,0.004753588429736786,0.3618159893421475,0.3886977156371367,0.3694278962334912,0.1951905998925112,0.8245548093505083,0.18572036032651223,0.2777934292949926
203,9.135,0.10703316975718073,1.2006936075568055,0.19681602633800555,3.5,0.5321115522814422,1.0,0.05512752350019716,0.012053741636347893,0.005111874642739078,0.3631607849641586,0.38993321038221257,0.36976924882519235,0.19609578939771033,0.8264513396495505,0.1864593241038459,0.2781991616814864
204,9.18,0.10897850633173843,1.2221915252505462,0.19918924629057416,3.5,0.5343094868175415,1.0,0.055210775786323954,0.012184595523231085,0.005486826874452373,0.3640590468661399,0.390803838961022,0.371236072455965,0.19763775132974723,0.8280219812927264,0.18704725477892892,0.2785788526267322
205,9.225,0.11094479954764912,1.2458614434648043,0.20159347939661865,3.5,0.5365170165361487,1.0,0.05528927020670999,0.012301859724899554,0.005878565780001358,0.36517768839198095,0.3917140006909647,0.3710552977294597,0.19777549322461213,0.8297508919112361,0.18737170671784376,0.2785867962624427
206,9.27,0.11294829865251091,1.267954502350199,0.20403004422897775,3.5,0.5387280711844693,1.0,0.055363615133112526,0.012427546017478074,0.006287853214490831,0.3658821147212482,0.3922983371645944,0.37201669187360076,0.1988816516351154,0.8306667301377016,0.1877283560809833,0.27862596857550365
207,9.315,0.11495238421962423,1.2903137912894107,0.20650212864189355,3.5,0.5409414965664626,1.0,0.05543336344302085,0.012557243816473669,0.006714651467531766,0.36681296212441233,0.3930455627200905,0.3730405235790366,0.20011565041327783,0.8317180287806358,0.18826084456299058,0.2786104352240065
208,9.36,0.11698779499899141,1.3175036253287034,0.20900817267012542,3.5,0.5431684728708768,1.0,0.05550071303135288,0.012705081822729183,0.007159157704004077,0.36774449569803913,0.3938705990909935,0.3741836626986018,0.20160946200197982,0.8327808601166032,0.18881509504032393,0.27875849010682047
209,9.405,0.11906547960056844,1.3445892666083614,0.21154643446732158,3.5,0.5454053505994202,1.0,0.0555698858205515,0.012832548386229823,0.007621886779859824,0.36813337847271543,0.3945580179410018,0.375173621408319,0.20289274789580708,0.8338840451190068,0.1892605362300962,0.2792485353076426
210,9.45,0.12114928116392802,1.3680018637614055,0.21411815778156723,3.5,0.5476524098725454,1.0,0.05564025093200456,0.01295090463307502,0.00810315833508961,0.36842302993071135,0.39510048265063347,0.3751516469455168,0.20313688256189308,0.8348603445036457,0.18985932212362797,0.27968185744458557
211,9.495,0.12324655399972094,1.3914504125276776,0.21672302204812424,3.5,0.5499001940581529,1.0,0.05570906480688756,0.013063595601939329,0.008602793874647158,0.36893784990539225,0.39574876794631714,0.37603303922013565,0.2041852986314435,0.8355868167164625,0.19044397541493086,0.27988663193025853
212,9.54,0.12535884722863758,1.4170972953578331,0.2193602897139139,3.5,0.5521526895375204,1.0,0.05577321594808173,0.013168890018053435,0.009121348514400192,0.3694454645287364,0.3961517263068455,0.37695030498214915,0.20508241212700729,0.837060235329388,0.19109673431646623,0.27982263127515966
213,9.584999999999999,0.12752791661452634,1.4410840577675412,0.22203424046659398,3.5,0.554413719286226,1.0,0.05583365181940214,0.01326746979439518,0.009658956714914688,0.370217013613602,0.3967878618019063,0.3777130827566342,0.20574974237675941,0.8383705033610453,0.1917200613387235,0.27981986365428857
214,9.629999999999999,0.12970965650480692,1.4653436302493452,0.2247442588954322,3.4914342796538063,0.5566848368946165,1.0,0.05589229943656001,0.013354311930101006,0.01021591307532511,0.3707002863746407,0.39732023876090605,0.3769680103590425,0.20505080340697926,0.8395010999356217,0.1922179932564667,0.2799585061633741
215,9.674999999999999,0.13193256479063276,1.4898757566664318,0.22748892042064767,3.486694442629976,0.5589538523111124,1.0,0.0559477171001108,0.013432853076205968,0.01079291561204619,0.3710246342987131,0.39743821287825465,0.3771806884997134,0.20476700656244737,0.8401510453471085,0.19273468072711394,0.27995518595024116
216,9.719999999999999,0.1341524791800313,1.5146809335517317,0.2302680832984438,3.4803378902216227,0.5612222773930992,1.0,0.05600508503005411,0.013518705761090339,0.011389775653319384,0.3711847298992192,0.3977539231504346,0.37727287793907016,0.2048816853143852,0.8417300709021741,0.19342014635606639,0.28037956461821767
217,9.764999999999999,0.1363864831052483,1.5407389183634488,0.23308009221210554,3.5,0.5634960926447241,1.0,0.05606138852211409,0.013589492522230004,0.012007031311914442,0.3713391353711739,0.39789250647625535,0.37655756986328326,0.20460496267482708,0.8423827437809625,0.1939097789882482,0.2805568049398092
218,9.81,0.13865765283805354,1.5684133963688354,0.2359253192568751,3.5,0.5657631758529775,1.0,0.05611685488341656,0.013656153637715636,0.01264472496718721,0.3719314364094173,0.3982602902551135,0.37677044224342426,0.2050286862021503,0.8435576398342253,0.19444289047890265,0.28073894131553506
219,9.855,0.14096594075485522,1.5940355192879285,0.2388100902859901,3.5,0.568033736188189,1.0,0.05616749839339157,0.013701541932151064,0.013302469329547501,0.3727173158525627,0.39865587353549975,0.3765863345630011,0.20461521842377778,0.8446991494553784,0.1948737278215649,0.2805830607465949
220,9.9,0.14330101925175212,1.6199320959344807,0.24173187256903728,3.5,0.57030302943736,1.0,0.05621513247642596,0.013742519661654908,0.013979423712967948,0.37326963388120066,0.3991188963575343,0.37729947547475895,0.204849669660924,0.8455548974704187,0.19532458281856283,0.280559301716306
221,9.945,0.1456616374576996,1.6494923762917744,0.2446921294516438,3.5,0.5725789886870499,1.0,0.05626031417620016,0.013801387650177311,0.014674856910871038,0.37433122933584256,0.4000999202073796,0.3780429444682653,0.20523413493298348,0.8469636570667479,0.19568454602632854,0.28057574348230835
222,9.99,0.14801359076116646,1.6759320342154111,0.24768968549230322,3.5,0.5748422801572983,1.0,0.05630422062724438,0.013856136155645727,0.015387886157751834,0.37540381191136285,0.4010637812477974,0.37882123768259784,0.20573629903058674,0.8481960752930342,0.19599588200160406,0.2806826870750256
223,10.035,0.15040882196783184,1.70264656222375,0.25072493929186895,3.5,0.5771003720460514,1.0,0.05634632390417559,0.013910664732378904,0.016117867004494205,0.3765466284798729,0.4020513715878745,0.3800640579376019,0.20672906366674718,0.8492878474218926,0.19638098730325415,0.2807365303064263
224,10.08,0.15282774628979381,1.7296359671704062,0.2538031979884566,3.5,0.579358506138163,1.0,0.05638520705719321,0.013977374212614337,0.01686416093274962,0.3780837424965562,0.4032183522194604,0.38150800649871786,0.20801826290171885,0.8502836618432287,0.19670459688851225,0.28067175368678704
225,10.125,0.15532116601165763,1.760110366711783,0.2569205818757439,3.5,0.5815988386554772,1.0,0.05642385039433276,0.014036323345072047,0.01762626965924367,0.37950803516168286,0.40441611179399206,0.38280939595077274,0.20895603457662368,0.8510063063154035,0.19705323168716563,0.2808401906830975
226,10.17,0.15777025599478958,1.7876437419895088,0.2600807742864171,3.5,0.5838141668247576,1.0,0.05646271512747468,0.014112582624832226,0.01840303831724829,0.3807951847592774,0.4056126234394711,0.38377375231770555,0.20940507148947646,0.852272691214197,0.19732598475718072,0.28105562413427493
227,10.215,0.1602559951422014,1.8154516236705178,0.26327976364388533,3.5,0.5860254775662334,1.0,0.056497554813235214,0.014194221440664265,0.019194158972621403,0.3818546533349219,0.4063821733504554,0.38486479598783546,0.21064213301560722,0.852822453207462,0.19750320493790294,0.2809080556379504
228,10.26,0.1627934005532464,1.8435337476848501,0.2665206418972314,3.5,0.5882061392495365,1.0,0.05652941830388931,0.01427094403012922,0.019999069343935565,0.38283431708363236,0.4072349290160884,0.38536333222865077,0.2114576709070916,0.8531885891141846,0.19759943601581037,0.2808366609831064
229,10.305,0.16533953994927356,1.8735143327355297,0.26980776184995603,3.5,0.5903714497338148,1.0,0.05656125039666127,0.01429916094125699,0.020817229748251072,0.3837117754448765,0.4080087087965948,0.38489599248286016,0.2103491782134208,0.8539070919743053,0.19784945647095684,0.2809868948981782
230,10.35,0.16789977959202707,1.9077600942481705,0.27313812456684883,3.5,0.5925223117638262,1.0,0.05659102166803504,0.014332297771928453,0.02164790945352757,0.38504475788087866,0.4089441729745904,0.3858547565628181,0.2106566123639365,0.8546360805607783,0.19804179835574853,0.28097169777304587
231,10.395,0.1705070084771402,1.9366469045592967,0.27650540157542136,3.5,0.5946498774948317,1.0,0.05662085210362292,0.014371029226934265,0.022491186894697656,0.3859889111905777,0.40978044593497887,0.3861973133714415,0.21093162315697347,0.8553412440467163,0.19833038512358775,0.281128460431584
232,10.44,0.17312793960115924,1.9658594036863213,0.27991572088650757,3.5,0.59675215755155,1.0,0.05665452049812801,0.014404521295121299,0.023346187732227148,0.3866667681138127,0.4105847523605294,0.3862247015088146,0.21041408960609242,0.8560704394568371,0.19870293198424605,0.28160369084033393
233,10.485,0.17576844292564278,1.9952905169314066,0.2833676738976055,3.5,0.5988153550073557,1.0,0.056691601607513256,0.014429029949623662,0.02421256207296433,0.3869952030852956,0.4110850292210707,0.38639235857596493,0.21004515094426626,0.8564117686284703,0.19896603478779007,0.2820568276790627
234,10.53,0.17843356156148912,2.0249929845050985,0.2868612120225939,3.5,0.6008712561957653,1.0,0.056731737351954706,0.014450288120858249,0.025090288974168984,0.38739370925816624,0.4116201375187113,0.3862896096063755,0.20907347114691588,0.8572789520777955,0.19930904761457305,0.28249594218052193
235,10.575,0.18113410923784398,2.055748851100339,0.29039656767318944,3.5,0.6028883964267863,1.0,0.05677575890880477,0.014466138067756365,0.025979112338553295,0.388019131209567,0.4123054478837602,0.38708703240215964,0.2086945845675524,0.8579740947148735,0.1996259446455656,0.28301458234358157
236,10.62,0.18383308947782998,2.0872231002416086,0.2939698862303675,3.5,0.6048803223378438,1.0,0.05682192909497204,0.014478095886233932,0.026878108758528568,0.3886774801395394,0.41298704241989337,0.38775463803197213,0.20855025176735117,0.8587634972427202,0.19991394037501797,0.2834060276340687
237,10.665,0.18656352670540927,2.123979210038724,0.2975823521068744,3.5,0.6068357041862807,1.0,0.05686649996970819,0.014494983774512136,0.02778709368841066,0.3890782545840883,0.4131195088475687,0.38825317432431705,0.20843430032336835,0.8596330631538528,0.20021229846181765,0.28348489943267596
238,10.709999999999999,0.18931830871847116,2.154738336680096,0.3012423923848392,3.5,0.6087698349282514,1.0,0.056909960770198734,0.01452161898093022,0.02870607000143408,0.3898979773071782,0.41357521222551324,0.38911427270704335,0.2089961049045809,0.8605208706782903,0.20055636440339128,0.2836089179567214
239,10.754999999999999,0.1921227051531777,2.185764842327239,0.3049445505969828,3.5,0.6106797687551446,1.0,0.05695732599914826,0.014560551054792393,0.02963450478526863,0.39015344617531306,0.4139503206438733,0.3898538209888262,0.2099105203462753,0.8612385310428646,0.2008135709450975,0.2841525799640727
240,10.799999999999999,0.19491404425289469,2.2186305931781916,0.3086879562393509,3.5,0.6125635477844104,1.0,0.05700946724636931,0.014587494875734014,0.030571930568465785,0.3906064707299471,0.4143932021477861,0.3894054368839716,0.2099625713411994,0.8624280507771118,0.20128072402733352,0.2847807643328154
241,10.844999999999999,0.1977241644039353,2.2501852712136468,0.31247291981062364,3.5,0.6144195792994761,1.0,0.057062612701596946,0.014616068821965141,0.031517831607558895,0.391029275316498,0.4148134430368071,0.3892118122955854,0.20986575835114177,0.8636457908105786,0.20153690055949003,0.285125659363399
242,10.889999999999999,0.20057492482358957,2.2820028769689804,0.3162969933099592,3.5,0.6162487058715534,1.0,0.057115147122454045,0.014645289812401088,0.0324720428537363,0.3913850087535836,0.4151578364829471,0.3890429810124716,0.20897865731774634,0.864827458187483,0.20174975176228827,0.28533333041407466
243,10.934999999999999,0.2034447868540404,2.314910730546003,0.32016001806615413,3.5,0.6180609871141688,1.0,0.057170478961198916,0.014682107101851003,0.03343431541189266,0.3915639465150202,0.4156146859047433,0.38993825235287544,0.20932125924440048,0.8659485012883313,0.20212587462531217,0.28583277789507305
244,10.98,0.2063551017826259,2.350434631974398,0.32406733264158233,3.5,0.6198569198766821,1.0,0.057231533169771046,0.01472419153656493,0.034404687843565616,0.39271753930627007,0.41697097206814754,0.3913379150275439,0.21046283237358365,0.867190609736038,0.20253176341058426,0.28660948429993593
245,11.025,0.20928324990004646,2.3830244910554677,0.32801738124725216,3.5,0.6216307993863781,1.0,0.057295835537399364,0.014772544014024037,0.035382976748856446,0.39337307402127675,0.4176823779162044,0.39215737425882463,0.21093387351912465,0.8676374010977815,0.20299822692116365,0.2872031803900204
246,11.07,0.2122103226892273,2.415872246293009,0.3320136066226612,3.5,0.62339552014444,1.0,0.057363457709745054,0.014814300414087492,0.03636838034533925,0.3939925038719953,0.4183340985266406,0.3930552073372009,0.21116599215778312,0.8679291145388519,0.20345581985900943,0.28780643900217107
247,11.115,0.2151771687826547,2.4489760731248067,0.33605853395266605,3.5,0.625144375627466,1.0,0.05743216202526778,0.014866105987021276,0.037360671364573654,0.39484394908656545,0.4191239874809578,0.39441885881332106,0.21171573517176923,0.8682477614763772,0.20386081282301163,0.28823939259766995
248,11.16,0.2181900448988424,2.485769970302662,0.3401480220559461,3.5,0.626876698864443,1.0,0.057501523241108916,0.014923270537335399,0.038359704460752514,0.3956674558822314,0.41996449582103906,0.3962001253512872,0.2128634675479512,0.8684639237561221,0.20428824907120513,0.28864222752050306
249,11.205,0.2212195831771804,2.5211050299919053,0.3442785910237531,3.5,0.6285941332750985,1.0,0.057570356782901885,0.014986601425678427,0.0393654053210677,0.3967656125447878,0.42087523778561725,0.3972432970797854,0.21314231477710247,0.8692457182418355,0.20474295050556252,0.2889460008687158
250,11.25,0.22427063252260981,2.5549091962877597,0.34845681043244936,3.5,0.6303134380452908,1.0,0.057642209871959865,0.0150480778763929,0.04037766408254439,0.39724059832790337,0.4216268848254046,0.39900973168649256,0.21405176853814273,0.870039618380778,0.20515996134021283,0.2895414123156264
251,11.295,0.22736163710672078,2.588960494323105,0.35269136439803855,3.5,0.6320122568336195,1.0,0.057712288621715874,0.015110757710176129,0.04139642241571024,0.3981318593508061,0.42240281329114404,0.3999925933329064,0.215342268225989,0.8703583857746511,0.20548492956483316,0.2897496138071741
252,11.34,0.23045400835983032,2.623256804535366,0.3569653771186553,3.5,0.6337115373286042,1.0,0.05778446173478188,0.015185718713805673,0.04242104376094388,0.3985775877548641,0.4231138979386648,0.4009761123080757,0.21645253175961524,0.8708932163415294,0.2057384705517651,0.29027379329113645
253,11.385,0.23354047936227826,2.6577959258149115,0.36128854963105583,3.5,0.63539274790944,1.0,0.05785614432975774,0.01524831534157506,0.04345121405119027,0.39892466878789556,0.423582338205156,0.4019370411435046,0.21700080886326664,0.8713277002806871,0.20595753938911548,0.29058967372256217
254,11.43,0.23667431728491847,2.693664981867599,0.3656487701875523,3.5,0.637071626734709,1.0,0.057925321628249496,0.015317477120717857,0.044486588393871485,0.3991566077960221,0.424045275735848,0.4024683843688419,0.21745357443789695,0.871755203711452,0.20609441194687955,0.29072821002673666
255,11.475,0.23984535235884474,2.729560846405816,0.3700666014246958,3.5,0.6387383232216749,1.0,0.057990821031203836,0.015389342807700589,0.04552719594293735,0.39964102039960514,0.42440830115301525,0.402805201046717,0.21804942758239812,0.8718602902231857,0.2062212447055147,0.2907573295263874
256,11.52,0.24302361992918087,2.7715045957262308,0.3745345602013623,3.5,0.6403887282794278,1.0,0.05805366236949309,0.015464790186637243,0.0465728060756747,0.3998346958239992,0.4247003121660442,0.4029857190283621,0.21876413361268612,0.8718070713216205,0.20635884076120425,0.29085846818348887
257,11.565,0.24621255650682805,2.8,0.37905337298218156,3.5,0.6420405037309547,1.0,0.05811319195816815,0.015547153291416874,0.04762305936004667,0.4003203747645386,0.42511870963308857,0.40324608873721746,0.22016730272772178,0.8718055435393111,0.20642591047372366,0.2908868458593815
258,11.61,0.24939613582646827,2.8,0.38362075022943387,3.5,0.6436726059413511,1.0,0.05816941144616706,0.015636983325486586,0.048677973000439134,0.4007950699080193,0.4254429669824129,0.4035009476237013,0.2215636255656238,0.8721878937786026,0.20668544566186703,0.29089904200149125
259,11.655,0.252603426323651,2.8,0.38823461225345757,3.5,0.6453065085062093,1.0,0.058225409529945815,0.015734519970943894,0.04973754046489542,0.40091986350068737,0.42575714744473997,0.4033754176759418,0.22227694348444055,0.8728897138005403,0.20708533385460245,0.29116332900416353
260,11.7,0.25572364860869945,2.8,0.3928953219193951,3.5,0.6469311819669407,1.0,0.058281033775261254,0.01583175997582808,0.05080116216185654,0.4012406444771015,0.425947009452745,0.40380745902105036,0.22314504116996953,0.87342945204952,0.2074964334817977,0.2914093257530943
261,11.745,0.25880482409839467,2.8,0.3976028352893812,3.5,0.6485368295334595,1.0,0.05833634146924347,0.015942009562489968,0.0518686689837594,0.40202021663791526,0.42660118074518055,0.40376328775040804,0.22305205001829165,0.8745171417123506,0.2077942763938132,0.2916645774681379
262,11.79,0.26189317988796784,2.8,0.40235375300741083,3.5,0.650133634377804,1.0,0.05839096238028689,0.01605381874762718,0.05294016037011503,0.4025050002691571,0.4271244093311574,0.4031616506960313,0.2223943587803833,0.8755620921700684,0.20810521720902728,0.29189821059569476
263,11.834999999999999,0.2649005266132968,2.8,0.4071453760201155,3.5,0.6517204933965159,1.0,0.05844869286302868,0.016153881035389152,0.054015164204132944,0.4024896535245828,0.4274750618326929,0.40219205094174804,0.22147387197034818,0.8769104565612785,0.2084876698191008,0.29245362178176837
264,11.879999999999999,0.267911838420889,2.8,0.41197726703300397,3.5,0.6533070850565541,1.0,0.058507516890423945,0.016251704441448606,0.055093690790898625,0.40223628600145694,0.4274333121901717,0.4020447331876397,0.22171648418054427,0.8771065439084476,0.20862674002801868,0.2928415949433118
265,11.924999999999999,0.2708649460811468,2.8,0.41684865407002863,3.5,0.6548821236596737,1.0,0.05857269072973456,0.016341161943857662,0.05617544243348828,0.40170496731894884,0.42750394646070616,0.4006439222936247,0.22129499524923962,0.8776956924471209,0.20877471596169456,0.2936750740131239
266,11.969999999999999,0.2737905780100218,2.8,0.42175772544376483,3.5,0.6564504634060726,1.0,0.058642800154092914,0.016430596393294805,0.057260381149118744,0.40114071402052026,0.4273511037624735,0.39958562696822036,0.22119821477150536,0.8783027940753951,0.20893586759944308,0.2944039842662877
267,12.014999999999999,0.27669170759684597,2.8,0.4267050304457964,3.5,0.6580076607979087,1.0,0.058712874785164446,0.01650278118186633,0.0583483679149816,0.4013298532850495,0.4275506347943807,0.398599149259808,0.2203948515348272,0.8789473267016289,0.20899201873259268,0.29473143345049435
268,12.059999999999999,0.2795222028715675,2.8,0.43169774575576564,3.5,0.6595592335545565,1.0,0.058782850803074736,0.016556112523855603,0.05943884072216566,0.40179161097539745,0.4280965540987753,0.39799610215670267,0.22009546972207153,0.8796177975486593,0.20900232135411795,0.295051699081707
269,12.105,0.2823661928519056,2.8,0.4367147471581754,3.5,0.661103310446981,1.0,0.05885366961282708,0.016617351199326467,0.06053214050137017,0.4018494791661152,0.42834836931430953,0.3980541004941776,0.22115400972586768,0.8796603161161295,0.20906543301876573,0.29545382233147527
270,12.15,0.2851623525092227,2.8,0.441767666462927,3.5,0.6626326336423785,1.0,0.05892423062542432,0.01668235724337783,0.06162770811168046,0.4019082215623879,0.42859014746595336,0.3977617846143594,0.2218619314783758,0.8794429972774837,0.20903586071744198,0.2957654008834264
271,12.195,0.2879169373848107,2.8,0.4468550939661711,3.5,0.6641484636471002,1.0,0.058993547343812264,0.016743489431353707,0.06272545711293943,0.4022673872986501,0.4290176016414106,0.3978739484985932,0.22260248758207649,0.879459628030603,0.20903549488985032,0.29599248777370035
272,12.24,0.2907120426287216,2.8,0.45197912196482803,3.5,0.6656631275294204,1.0,0.059062288217887754,0.01680748595144071,0.06382557334436967,0.4027656870951421,0.4296777638737082,0.39902741342132386,0.2243438734874093,0.8795440795225495,0.20903926701045086,0.2962722187475419
273,12.285,0.2934481479046455,2.8,0.4571431808308947,3.5,0.6671641176073776,1.0,0.05913315065921211,0.016869419869007776,0.06492779758251319,0.4032919330803477,0.4305101464528036,0.3996568416115521,0.22464579336577947,0.880382022135199,0.20921721392271622,0.2967838494342334
274,12.33,0.296154017402148,2.8,0.46233911066933386,3.5,0.6686569233771991,1.0,0.059205222485889476,0.016920351448959862,0.06603173743916983,0.40323385680052887,0.4308577893368573,0.3998940747853744,0.22450090888212856,0.8811240009341884,0.20945802382491,0.29722153818123453
275,12.375,0.2988402926103521,2.8,0.4675678373086668,3.5,0.6701371413429699,1.0,0.05927909513801953,0.016966941606845733,0.06713710117096301,0.4034517883667607,0.43122048780368716,0.3997153504866847,0.22378390497044487,0.8823438608763264,0.20972242068930896,0.29771044144988146
276,12.42,0.3015218294460842,2.8,0.47281681983682655,3.5,0.6716123928776565,1.0,0.059354976446793835,0.01701709708152261,0.06824422171749928,0.4043726182220763,0.4322606719838379,0.4001244647661441,0.22409583585017637,0.8835116720181891,0.2101324118778102,0.2982326843241508
277,12.465,0.3041596218116386,2.8,0.4780338860961525,3.5,0.6730729082847887,1.0,0.05943336630496159,0.01706493085967208,0.06935264321321645,0.4050897745492337,0.43311928324408183,0.4006595327985899,0.22458652503549942,0.8846060998058158,0.21057065601014358,0.2988064659146037
278,12.51,0.306784984773978,2.8,0.48320827704650665,3.5,0.674519788398583,1.0,0.05951412513272243,0.017105921013021413,0.07046259420736938,0.4058113350415058,0.4339753766457174,0.4010564296142085,0.22460593694539058,0.885947942027863,0.21103594859868774,0.2993736889559582
279,12.555,0.3093878465796272,2.8,0.4883452002903348,3.5,0.6759420205230421,1.0,0.059595845550130394,0.01713536912882959,0.07157351682931433,0.40642265255637805,0.4346688265711389,0.4020099511143039,0.2256859822587574,0.8865853505892098,0.2114452686000321,0.29983052660653936
280,12.6,0.3119770053491304,2.8,0.49342749827077237,3.5,0.677358350232713,1.0,0.05967914720595017,0.01718039690568297,0.07268541033820983,0.40717026729866895,0.4354446268607938,0.40240700811296687,0.22663995344383353,0.8872620398871184,0.21192838026458624,0.3003425771700673
281,12.645,0.314516967891532,2.8,0.4984814531991937,3.5,0.6787647044372667,1.0,0.059763520027786954,0.017210243086268683,0.07379811822069629,0.4073284493166657,0.43562371425585705,0.40210990680874825,0.22692341049328452,0.8874444301373433,0.2122833834962015,0.30080488060088806
282,12.69,0.31706142435857604,2.8,0.5034659325717667,3.5,0.6801657547028228,1.0,0.05984919706173509,0.017251344275006863,0.07491170308238033,0.4077517399835206,0.4360443170787374,0.40166798154628586,0.22667543304252397,0.8887948239341116,0.21284555590184318,0.30129522955977933
283,12.735,0.3195750054411603,2.8,0.5083847410354925,3.5,0.6815567727330274,1.0,0.05993603481978251,0.017288847217515287,0.0760259653954945,0.40800165627113616,0.4363363483138298,0.4007838688499976,0.22695140849216786,0.8892930118170769,0.21335078636716068,0.30178497384741954
284,12.78,0.32208261398700416,2.8,0.5132332572411239,3.5,0.6829264468654348,1.0,0.06002298840701895,0.017332218812537485,0.07714053827299759,0.40862156640862846,0.4367785968312697,0.4010650684863374,0.22743741614693305,0.889897453875586,0.213607459855822,0.3021910139875229
285,12.825,0.32456870388328457,2.8,0.5180382582946292,3.5,0.6842902828333743,1.0,0.06010875178467397,0.017362877553345986,0.07825544994522113,0.40917036938691775,0.43707761184246485,0.399685428786724,0.22644581852086298,0.8902780857063025,0.21377383412654874,0.3024724175546501
286,12.87,0.3270171343229715,2.8,0.5227881893409866,3.5,0.6856533763451316,1.0,0.06019241854972838,0.017435663577155043,0.07937047915463327,0.40943194465650673,0.4373522292030215,0.4010758923297593,0.22842297303206333,0.8897383049506523,0.21396490280389807,0.3026903181613826
287,12.915,0.3294409422231107,2.8,0.5275158132248781,3.5,0.6869968921875594,1.0,0.06027610179870814,0.017513578774638425,0.08048532587127713,0.40962524028381353,0.4377690203861052,0.40190952245707373,0.23002615689334013,0.8898834453197079,0.21420918162910985,0.30308118114494437
288,12.959999999999999,0.3318206143227246,2.8,0.5321985985826628,3.5,0.6883292352441398,1.0,0.060362448152447845,0.017590265959636017,0.08159676029943846,0.40983541053031347,0.43838794696263106,0.4027664366767462,0.2316426665706211,0.8901614487109034,0.2145683589335713,0.3036878787120301
289,13.004999999999999,0.3342289459689709,2.8,0.5368310914117788,3.5,0.6896555370515202,1.0,0.060450264963482145,0.017663936969826616,0.08269942471085573,0.41005199170814555,0.43868882879372506,0.40191437847126804,0.23165363909799386,0.8906218361878545,0.2149338833207767,0.3041952447381245
290,13.049999999999999,0.33658364277710195,2.8,0.5414212585020762,3.5,0.6909780075649221,1.0,0.06054008127159403,0.0177131708549501,0.08379044936038385,0.4102081425415033,0.43899720883619847,0.4013862681201922,0.23112121209665404,0.8909082110874437,0.21532285278323285,0.30475384570297165
291,13.094999999999999,0.3389317555929536,2.8,0.5459642687840378,3.5,0.6922821327886307,1.0,0.06062951529125151,0.017766941190966456,0.08486930791576622,0.4108058480805342,0.43931963000255925,0.4024567764614211,0.23196259122731694,0.8918129754638395,0.215748290774646,0.3051229023453508
292,13.139999999999999,0.34128392534465074,2.8,0.5504866394966169,3.5,0.6935799576834162,1.0,0.06071897997502712,0.017831839314098777,0.08593761946376746,0.41112909009073434,0.43967985682176486,0.4037798127762488,0.2331063880317735,0.8925157787862215,0.21605667490977112,0.30552181003770057
293,13.184999999999999,0.3435854585158571,2.8,0.5549844379746997,3.5,0.6948709930673137,1.0,0.06080516960646951,0.017891875323622596,0.08699586086146571,0.41158135544991037,0.43984270850566154,0.4058439673041961,0.2347597034771016,0.8927898678979388,0.2162663993218293,0.30562956228493826
294,13.229999999999999,0.3458938842852674,2.8,0.5594518838456646,3.5,0.696158017454058,1.0,0.0608856738698072,0.017965394292065784,0.08804276402529894,0.41180736903230897,0.43980898565306425,0.40755903683037253,0.23682724612090789,0.8929509020779013,0.2163071917927536,0.3055234066670427
295,13.275,0.34815863338137054,2.8,0.563897894420124,3.5,0.6974276228877035,1.0,0.060957570483944845,0.01804940442674566,0.08908054444608578,0.4123291436753519,0.4397059660128608,0.40885170894872774,0.23866520004500405,0.8927750241520073,0.21625854364402425,0.30515074930037334
296,13.32,0.3503871382478186,2.8,0.5683306035170097,3.5,0.6986946704754776,1.0,0.06102431272415454,0.018136306942365107,0.0901085712147189,0.41215125411491454,0.43927079689717896,0.4101166522432802,0.24057688917481934,0.892867668278432,0.2163291788341786,0.30502852043032325
297,13.365,0.35263814391581344,2.8,0.5727300866960957,3.5,0.6999474168664426,1.0,0.06108900165122378,0.018219688881437483,0.09112739073375176,0.41216361286566555,0.4392385544843396,0.4107258820722271,0.24143155559562454,0.8931053062440981,0.21634714859550716,0.30514343515415326
298,13.41,0.354888682175097,2.8,0.5771109029314446,3.5,0.7011915996986331,1.0,0.061150603051605405,0.018292788879333288,0.09213828556102455,0.41270773009974127,0.43955461879193347,0.4122735072393819,0.24207673510814856,0.89321502746633,0.21634562229236906,0.30515470858940924
299,13.455,0.3571053621031649,2.8,0.5814650807445434,3.5,0.7024344424121435,1.0,0.06120912545550727,0.018370875843084927,0.09314213656681883,0.4132474058274862,0.44009040705446806,0.4138746889296955,0.24317032082079312,0.8934157661072091,0.2163315065116815,0.3051712762163761
300,13.5,0.3592872415592669,2.8,0.5858010159558085,3.5,0.7036732445840979,1.0,0.06126133102585672,0.018445766293364897,0.09413651189739772,0.414330032440675,0.4407858060566368,0.4155452332845733,0.24385695808080204,0.8939826071199768,0.21641404971339842,0.30490949274892537
301,13.545,0.3614601364027,2.8,0.5901134615021126,3.5,0.7049015948621914,1.0,0.0613109164744465,0.018521073084885667,0.09512328126944065,0.41465327767292176,0.4411982055646502,0.4163468972955841,0.24473203481454667,0.8945755658845826,0.2163958766790217,0.3049312505220413
302,13.59,0.36361055498839934,2.8,0.594409546069539,3.5,0.7061251329535426,1.0,0.06135942150556466,0.018601899441300963,0.09610495439328004,0.41511662824409884,0.4417789623291849,0.41643414812762247,0.24613026974423566,0.8951387218734287,0.21635540028347397,0.3050727794448134
303,13.635,0.3657764101584303,2.8,0.5986849757064875,3.5,0.707336685999239,1.0,0.06140688160951326,0.01867745718136966,0.09707857820768596,0.4152956599585766,0.4419436523752166,0.4154637291095367,0.24660202491783087,0.894809945121097,0.21630499858366514,0.30519577729071246
304,13.68,0.36791155769755507,2.8,0.6029245693086703,3.5,0.7085420330276612,1.0,0.06145311897928543,0.018748705337208446,0.09804330724933163,0.4151710335127003,0.4419772478031808,0.41589544144847884,0.2474526839595194,0.8949735206777264,0.2164517685028683,0.30530592423370456
305,13.725,0.37001028987646706,2.8,0.6071220006158821,3.5,0.7097566761456671,1.0,0.06149858027298787,0.018833375889287417,0.09900200660813728,0.4152200717049219,0.4421592531271288,0.4169795057837905,0.2485761977632409,0.8948052045310144,0.21670671576767858,0.30544735117828503
306,13.77,0.3720862847222393,2.8,0.6112943147934241,3.5,0.7109558091592413,1.0,0.061543468771968424,0.01891241110984475,0.09995459057198017,0.41525429745095005,0.44235620376569085,0.4173429040181497,0.24865627165558138,0.8950924616844664,0.21704899635566807,0.30560886823773376
307,13.815,0.3741803568889527,2.8,0.6154466523957521,3.5,0.7121497754245376,1.0,0.061589012245886456,0.018992894711300792,0.10089983653972245,0.4155333885519493,0.4428442951739935,0.41816180807402903,0.24911257787549596,0.8955172766145844,0.21722266373392932,0.30587828950685003
308,13.86,0.3762022912497566,2.8,0.6195855392183666,3.5,0.7133443827586841,1.0,0.06163509240441436,0.019070871869855677,0.10183667882646119,0.4164379315532218,0.4436115351034821,0.4194798310740105,0.24995453837544418,0.8962783976083638,0.21751066397371105,0.30614941668651746
309,13.905,0.3782687904381792,2.8,0.6237015563140423,3.5,0.7145274139394932,1.0,0.06168177807746693,0.019135653861778946,0.10276696591842689,0.41730161812992644,0.4443761931705033,0.4208895346105461,0.2512666431807234,0.8967328975144596,0.21778520255590317,0.3064267310507056
310,13.95,0.3802954434528866,2.8,0.62778569751337,3.5,0.7157150471549739,1.0,0.06173059844441029,0.019193323176572408,0.10369257300142308,0.4183238005525662,0.44525825850015244,0.421576821714357,0.25168743350902206,0.8971307117509176,0.21799674570319283,0.30682802917948315
311,13.995,0.3823257963989465,2.8,0.6318308286059753,3.5,0.7169007224447247,1.0,0.061781764298925575,0.01924522940094396,0.1046125456018931,0.4185998176335428,0.4457367031082193,0.4209224413643391,0.2513372444244792,0.8970430140598445,0.21802948646773634,0.3072608585503384
312,14.04,0.38434401744266244,2.8,0.635868199283243,3.5,0.7180827803577388,1.0,0.06183458306993628,0.01928905675290076,0.10552555699193192,0.418854982176535,0.44624564114979887,0.42056817987704,0.2505907686687215,0.8972818805485766,0.21808348587774953,0.3076350735910628
313,14.084999999999999,0.38631222052345626,2.8,0.6398809910575362,3.5,0.7192382804436053,1.0,0.06188411330752259,0.019313149613174298,0.10642997039448726,0.41904187086141026,0.44630636122755635,0.41938705563766926,0.24913777164411272,0.8973592881560044,0.21799978003570364,0.30758372741028284
314,14.129999999999999,0.388252655947983,2.8,0.6438725647866111,3.5,0.7204059593132683,1.0,0.06192976951907433,0.019331587449478722,0.10732778896431226,0.41944796956093444,0.44642964714925587,0.4187659446182474,0.24876553294410253,0.8974173442788511,0.21797520573147292,0.30746682753340876
315,14.174999999999999,0.39021567321415856,2.8,0.6478599543889587,3.5,0.721573204526601,1.0,0.061977243199778674,0.019359043320672904,0.10822128089342774,0.41989526236929947,0.4471241841415245,0.418062412294276,0.2481819691010081,0.8977722200234742,0.21797823759789167,0.30782680877198965
316,14.219999999999999,0.3921344570754205,2.8,0.6518395033383673,3.5,0.7227151611769029,1.0,0.06202451197834774,0.019387749148263977,0.10911033689459917,0.419487139089546,0.4470838599900977,0.41779346885430824,0.24775073340528933,0.8979505308144473,0.21809796516160357,0.308020994270349
317,14.264999999999999,0.39402844906579326,2.8,0.655785180308569,3.5,0.7238605754093606,1.0,0.06207006167233485,0.0194216948825178,0.10999460320717956,0.41925305968723997,0.44687180019486966,0.41654824770626464,0.2469350855202552,0.8982578166444269,0.2181410126113156,0.30808056260170924
318,14.309999999999999,0.3959201594803209,2.8,0.6597164639662747,3.5,0.7250132405168631,1.0,0.0621148698387292,0.019446162256403592,0.11086900827872657,0.4189940149388917,0.44664063044553887,0.41468618127921997,0.24524495209215255,0.8990502528233264,0.21821016997400833,0.30821327128900305
319,14.354999999999999,0.3978203612411927,2.8,0.663602800329146,3.5,0.7261547407608872,1.0,0.06215794698223569,0.019466858436233976,0.11173772509298441,0.41849544753075074,0.44631931588420043,0.41360020670516584,0.24418241670769278,0.8993661907803833,0.2182270454811268,0.30826296140916243
320,14.399999999999999,0.39964725946497137,2.8,0.6674787738068882,3.5,0.7272970863154108,1.0,0.06220144736199632,0.019494229576507253,0.11260065254180332,0.41816404597326634,0.4461799222747938,0.412931324763219,0.24417846580874966,0.8990229867867118,0.21822390538533545,0.3084913595694153
321,14.445,0.4015018836055549,2.8,0.671329222582846,3.5,0.7284362333226891,1.0,0.06224613628576292,0.019529751992198783,0.11345842987388506,0.4179118413569997,0.44631363060697804,0.4122930108957449,0.2440512429844695,0.899261550651628,0.2181794861221141,0.3087999232554652
322,14.49,0.40331695618427965,2.8,0.6751805733135315,3.5,0.7295806109846842,1.0,0.06228977898603212,0.019559183006892186,0.11431149597627216,0.4181668078719698,0.4466438328617365,0.4124238915651613,0.24440981723369673,0.8996484542751276,0.21816629780261157,0.3089141773127712
323,14.535,0.40515992981898763,2.8,0.6790026727512295,3.5,0.7307041720760155,1.0,0.0623321489321379,0.019589767084567385,0.11515860267455678,0.41880678096530094,0.44723463969596006,0.4129115611123041,0.24509450066728097,0.9001379380527537,0.21830122327715615,0.30900379478601553
324,14.58,0.4069551340355242,2.8,0.6828110652650486,3.5,0.7318343077871002,1.0,0.06237594788027672,0.01963540644080779,0.11599963370742467,0.4194960769738247,0.44786943563008835,0.4135988200714878,0.2461719127879583,0.9009955469171778,0.2184882691120974,0.3093223852601043
325,14.625,0.40873937952954853,2.8,0.6865865757405594,3.5,0.7329562825735969,1.0,0.062422616205109256,0.019685970487962137,0.11683398293721219,0.4198267170853584,0.4482504838567961,0.413220805138997,0.24653636783548735,0.901835410772138,0.21858926719899444,0.3097694023540997
326,14.67,0.4105063439530948,2.8,0.690331428479273,3.5,0.7340743400920743,1.0,0.06247123516541902,0.019737646014456378,0.11766149851918398,0.42044154196460914,0.44891694524199255,0.41425571909522346,0.24786689336806006,0.9026004387172797,0.2186026435619129,0.3101593413167725
327,14.715,0.4122442379377368,2.8,0.6940610574097891,3.5,0.7351870887508045,1.0,0.06252159146320423,0.019791173014113594,0.11848329794075635,0.4211128633412624,0.4497074228753409,0.4151990123814366,0.24907622447934807,0.9033437350708012,0.21871423354461778,0.310537016488625
328,14.76,0.4140050198847181,2.8,0.6977626317190229,3.5,0.7362938807899978,1.0,0.06257364898701295,0.01983822604726903,0.11930096078275894,0.42175473579023287,0.4504064621015378,0.4151014567344682,0.24827965765130292,0.9049450127446308,0.21886031553489885,0.3109169299488026
329,14.805,0.4157431400823746,2.8,0.7014531868119723,3.5,0.7373999936953927,1.0,0.06262771437728322,0.019889865626361417,0.1201130798364447,0.42222311816190367,0.45090762319279265,0.41541680618870774,0.24802408953967794,0.9061153776756633,0.2190257156702854,0.31133188716311383
330,14.85,0.4174601936245868,2.8,0.7051346496557033,3.5,0.7384939082247044,1.0,0.06268118740281899,0.01994823905810196,0.12091712785201526,0.4230009123199549,0.45169661434884595,0.41669613022301094,0.24907788058030136,0.9070993216511185,0.21912122993287303,0.3115448725418554
331,14.895,0.4191619277920246,2.8,0.7088278425088924,3.5,0.7395805410609835,1.0,0.0627348857563653,0.020017572961690776,0.12171685891157945,0.42356881130033697,0.45258566992586063,0.41775510691657586,0.25031926735961263,0.9076424132263873,0.21926845473956186,0.3118262855309897
332,14.94,0.42082138609772146,2.8,0.7125003470400123,3.5,0.7406735512477075,1.0,0.06279253272450841,0.020087853598645643,0.12251192901718351,0.4235616896501069,0.45316955496550954,0.4185128464586263,0.25115277453820395,0.9080628354069844,0.2194842215458048,0.31242312970401503
333,14.985,0.4224901941490822,2.8,0.71613415898787,3.5,0.7417585877639916,1.0,0.0628529077480599,0.02016118312946727,0.12329969454989521,0.4245026640606766,0.4541345040620763,0.41914202232938075,0.2517080753122047,0.9087518718556453,0.2197395494046236,0.31293172460029633
334,15.03,0.42413593641701325,2.8,0.7197397188099078,3.5,0.7428387369353164,1.0,0.06291252313179678,0.020232195093484617,0.12408271921900484,0.425390980669086,0.4549167568453054,0.4197258115965798,0.25234333638251477,0.909508602246694,0.2198163282734918,0.3131456873929735
335,15.075,0.42575560935554563,2.8,0.7233364519418961,3.5,0.7439073249823568,1.0,0.06297153158079552,0.020292143375159485,0.12486181468792855,0.42634125268701584,0.4559124901570409,0.42050984425190613,0.25287203591651275,0.9103738166556616,0.2198712110643676,0.31336707765116
336,15.12,0.42734709774211216,2.8,0.7269280822422753,3.5,0.7449844014080313,1.0,0.06302839133672454,0.02035822079003371,0.12563424659621902,0.4278100325268434,0.45725844196110227,0.42265780685918225,0.25430445054323486,0.9111498289892701,0.21993273130600338,0.31345401915342963
337,15.165,0.4289340838099171,2.8,0.7304776963920349,3.5,0.7460555610719931,1.0,0.06308161604561162,0.020442347742444935,0.12639970658412078,0.42901180082041324,0.45830958381857667,0.4253172993088902,0.2570272078267913,0.9113669822401276,0.21996505214055095,0.31341525190796266
338,15.209999999999999,0.4305137921268886,2.8,0.7340267373475068,3.5,0.7471082329702483,1.0,0.06312975108612925,0.020521721375981926,0.12716019679703133,0.4303760446508689,0.45930127705951007,0.4273056343868143,0.2589848108091352,0.9114955885130098,0.22007980740699631,0.31322555730854174
339,15.254999999999999,0.4320433493364932,2.8,0.7375708717478603,3.5,0.7481655899921448,1.0,0.06317559502551497,0.02060138755230657,0.1279161333485553,0.43065815213960246,0.4596982085082413,0.42877391547007354,0.26057746647772273,0.9113808927684547,0.2201674063593013,0.3132375250986492
340,15.299999999999999,0.43360796122032347,2.8,0.7410887423919257,3.5,0.7492167901876026,1.0,0.06321901988633455,0.020679110888988134,0.12866676446135636,0.4306139465424095,0.4598252791070541,0.4299304066751727,0.2618221527150863,0.9111762413958789,0.2201305972942392,0.31322860835193966
341,15.344999999999999,0.4351354605323702,2.8,0.7445778483961021,3.5,0.7502570363668247,1.0,0.06326053855640074,0.02076717765359284,0.12941048569670793,0.4307663301669829,0.4601400574041735,0.43077731782733336,0.26268292369105534,0.9115479873071627,0.22021402024253406,0.313262573782873
342,15.389999999999999,0.43666786639672284,2.8,0.748047519164524,3.5,0.751297457349475,1.0,0.06330201889697941,0.0208543762683852,0.1301492601772364,0.43128458848747814,0.4607729229668289,0.4317614461337583,0.2632911789771805,0.9121131516526357,0.22032461093553762,0.3134445275929221
343,15.434999999999999,0.43820789953285016,2.8,0.7515121972331977,3.5,0.7523409248784075,1.0,0.06334264243341045,0.020939384651809386,0.13088284229899141,0.43231289062620687,0.46172248777646546,0.43248173393323885,0.26388475952894935,0.9127722278206037,0.2203585901168314,0.31355717933532207
344,15.479999999999999,0.4397322656111989,2.8,0.7549435833658075,3.5,0.7533733856812646,1.0,0.06338358544487296,0.021012349801257546,0.13161258826014063,0.43339410400910555,0.46260088328927546,0.433118864129992,0.2641662360684502,0.9134259994892182,0.22050334860722984,0.3137535582284461
345,15.524999999999999,0.4412024486566541,2.8,0.7583521282675708,3.5,0.7543966966994752,1.0,0.06342626415447215,0.021090385726760263,0.1323364006443316,0.4342766564521173,0.4635603467558245,0.43402466490488745,0.26431076182043695,0.9143231354341932,0.22060050270560552,0.31408016358695545
346,15.57,0.4426739891770499,2.8,0.7617426712364921,3.5,0.7554179688007181,1.0,0.0634709318883232,0.02116746241481557,0.13305442614792143,0.4346743032534705,0.4642303763031027,0.43386288022850106,0.26327221035263687,0.9152262346420944,0.22052611486365734,0.3144321781486952
347,15.615,0.44415054084107625,2.8,0.7651176948057739,3.5,0.7564329502404122,1.0,0.06351210261730515,0.021249769729216446,0.13376580503585173,0.43528102276409697,0.4647920950510534,0.43419376024347645,0.2630281454907785,0.9158525282561781,0.22056185144809348,0.31435237883293526
348,15.66,0.44556979037836586,2.8,0.7684702528888644,3.5,0.7574438240424268,1.0,0.06355148188034475,0.02133910907218728,0.1344716110676064,0.4353930560239156,0.4652314793919921,0.43566004806723657,0.2643134135426526,0.9161144482212719,0.2205957209110404,0.31439877510490194
349,15.705,0.4469911802864876,2.8,0.7717810625120232,3.5,0.7584507427625249,1.0,0.06358911806990265,0.02142232661081933,0.1351718987433598,0.43600292215062486,0.46581836920123415,0.43679793387492727,0.2654605262901619,0.9161967524801917,0.22056905973666138,0.31443330194268876
350,15.75,0.44839584352176576,2.8,0.7750787028694254,3.5,0.7594483984681936,1.0,0.06362335050238514,0.02150727152908687,0.13586833157616426,0.436049225632569,0.4659627387209533,0.43842814027384786,0.2671184817082672,0.9158617711503878,0.2204918847336511,0.3143175374405799
351,15.795,0.4497759309544375,2.8,0.7783598890922324,3.5,0.7604508295307862,1.0,0.06365494183604542,0.021594201474152766,0.1365586579770299,0.4356689833632418,0.4657741660458381,0.43809751016741266,0.2673999434902191,0.915680655834611,0.22049172994519098,0.31423878399683325
352,15.84,0.45116519417171774,2.8,0.7816352211797241,3.5,0.7614440576617897,1.0,0.06368484930462967,0.021669565244186846,0.13724471179575223,0.43504099329877344,0.46553029101648025,0.43698710703457616,0.2663365449285225,0.9156008454926374,0.22041811799690322,0.3142280864105766
353,15.885,0.45250281972198714,2.8,0.7848974525572346,3.5,0.7624256936965572,1.0,0.06371317128254203,0.02172853913395381,0.13792422922927133,0.4353009010528819,0.46577296707751886,0.4364160256927651,0.266027543562549,0.9153540586401744,0.22047928280639562,0.31422385908219413
354,15.93,0.4538563778114773,2.8,0.7881593189090342,3.5,0.763411946967912,1.0,0.06374433255011427,0.02177544007818851,0.13859696539182478,0.43575931685239444,0.46637555198962694,0.4355275817490075,0.2647667048958362,0.9158953762719951,0.22054397414331092,0.31457833574003113
355,15.975,0.4552274504231289,2.8,0.7914111793952664,3.5,0.7643998823565897,1.0,0.06377634723129169,0.021808662992787754,0.13926481222123638,0.43645573950003763,0.4670388700432619,0.43469791430455645,0.2632410892788702,0.9168192166408623,0.22054505608486982,0.3147756818880646
356,16.02,0.4565289839090455,2.8,0.7946410834827135,3.5,0.7653767049732385,1.0,0.0638117085834933,0.021842443856796286,0.1399264312739204,0.436897720459445,0.4677463908017706,0.4342692488294756,0.26214035311393,0.9168337701527529,0.22056215010076996,0.3151910890075854
357,16.064999999999998,0.457862893523503,2.8,0.7978772898313479,3.5,0.7663478884995901,1.0,0.06384775195345051,0.021874886703701833,0.1405839886762179,0.4370463496508653,0.46801094127685244,0.4348364938966597,0.26199052122319244,0.9165426314610685,0.22052281218225536,0.31539715076426444
358,16.11,0.4591576259081871,2.8,0.8010855181897875,3.5,0.7673170587110023,1.0,0.06388697752275375,0.021906957896705267,0.14123688112997454,0.4372251159567323,0.46844643243915074,0.4354977015580283,0.262361955848153,0.9165063896521913,0.22069362500998982,0.3158185805611823
359,16.155,0.4604316757486024,2.8,0.8042712671645108,3.5,0.7682779325424521,1.0,0.06392592161442692,0.021942755302656054,0.14188531395996873,0.4377566324690967,0.4688033933529031,0.43479861344136095,0.2610309019277458,0.9176500137214513,0.22086150587025685,0.3159751846226257
360,16.2,0.46169417740278995,2.8,0.8074117552490286,3.5,0.7692335784171176,1.0,0.0639651267796221,0.021980209157147972,0.14252770874095633,0.4382352388144458,0.4691619217430031,0.4351868345584808,0.2614776726882358,0.9179152157256131,0.22105080282153536,0.31615928233809204
361,16.245,0.4629456441189088,2.8,0.8105345911318208,3.5,0.7701852567519281,1.0,0.0640045889002121,0.02201904508409185,0.14316515109826222,0.4387482048117865,0.4696810170433273,0.4352740489900907,0.26136757149462775,0.9179840304075628,0.22104714484982377,0.31634266810163114
362,16.29,0.46415720236249525,2.8,0.8136305546377139,3.5,0.7711279077475165,1.0,0.06404915757145851,0.02205749914217431,0.14379614137921504,0.43928306942044903,0.47042514858208695,0.43610911652858336,0.26148205147800196,0.9188580047580011,0.2211353835623485,0.31693377596912115
363,16.335,0.4653616232147933,2.8,0.8167061935820872,3.5,0.7720700694733764,1.0,0.06410044013040472,0.02209815953518893,0.14442192462352432,0.43952224946750734,0.4712432292970111,0.4359361414030188,0.26120311936395335,0.9200061670640071,0.22142270061762906,0.31769048910708647
364,16.38,0.4665575876807028,2.8,0.8197501223189146,3.5,0.7730086553855716,1.0,0.06415361934554782,0.022139253966454154,0.14504125770925086,0.43968398721172053,0.4715670414301211,0.43577437851393613,0.2612753850734444,0.9205312839232421,0.221578175091696,0.3180608825642068
365,16.425,0.4677690863713859,2.8,0.8227862086609403,3.5,0.7739381556239617,1.0,0.06420400458950055,0.022185809499759943,0.14565664795194289,0.44001736697864163,0.4719766392652635,0.43620410692449385,0.26164130050683204,0.9208575857432684,0.22161991006068538,0.31804368918141657
366,16.47,0.46896806582894834,2.8,0.8258202999477293,3.5,0.7748618538207359,1.0,0.06425276208219291,0.02222224048505959,0.14626717484479043,0.44064725946608213,0.4725606539166004,0.4369466642294318,0.26193651496450626,0.9212837686692446,0.22175705324526818,0.3180930241243296
367,16.515,0.4701343430532502,2.8,0.8288374024679396,3.5,0.7757787592658066,1.0,0.06430188513348864,0.022248667080803385,0.1468715886719233,0.4411425070132369,0.4731673926658786,0.43717870270982395,0.2614108872172465,0.9214934550893971,0.2218255774738455,0.31829790405013675
368,16.56,0.4712975174124199,2.8,0.8318323677138353,3.5,0.7766909889271602,1.0,0.06435175320014885,0.022272184998949156,0.14746831829067292,0.4411036262286683,0.47314724120599655,0.43705220327239497,0.2603143791024354,0.9221999736263918,0.2218547481973338,0.31854258411622643
369,16.605,0.47243163264741816,2.8,0.8348158293625642,3.5,0.7776062986698403,1.0,0.06440307423844041,0.022288750250903086,0.14806052549636833,0.44103024669955476,0.473096807613753,0.4364633135617536,0.2590213353434756,0.9227244358791483,0.22182760150676226,0.31884807638555424
370,16.65,0.4735579350473574,2.8,0.8377618309115705,3.5,0.7785175338998812,1.0,0.06445499815491101,0.02231372403070225,0.14864890504917927,0.44129233381268157,0.4732491672139158,0.43582303171590014,0.25815979448215576,0.9232402468924696,0.2217861923113432,0.3190949341914356
371,16.695,0.4746543578289742,2.8,0.8406913329473488,3.5,0.7794247705909698,1.0,0.06450742321124618,0.022338021169738938,0.1492332994595163,0.4417105531634919,0.4735797799149437,0.4360958494628276,0.2580812561964398,0.9240584951614017,0.2217932612306088,0.31934319196701494
372,16.74,0.47577534389783377,2.8,0.8436094853328541,3.5,0.7803217973702302,1.0,0.06455860191322144,0.02236076025694629,0.1498146073445923,0.44248809670305006,0.4741039761647666,0.4364898256919837,0.2582470169677757,0.9244387458895487,0.221705926203484,0.31943845633711543
373,16.785,0.47687006012497796,2.8,0.8464981888747148,3.5,0.7812102426680212,1.0,0.06460697087597347,0.022383786546349285,0.15038951650922106,0.44282422241910635,0.47421170377405986,0.4361964202028217,0.2579691996798657,0.9252984980655943,0.22164168178116123,0.31940296310003696
374,16.83,0.4779262160186274,2.8,0.8493991410046344,3.5,0.7821043433040188,1.0,0.06465658413604812,0.022416110357926688,0.15095923148398774,0.44305228234964317,0.4745270914791851,0.4360918379667665,0.2585676449323388,0.9259853837952452,0.22163017749176728,0.3196990021322733
375,16.875,0.4789799826697804,2.8,0.8522813799230851,3.5,0.7829884995644635,1.0,0.06470792661828757,0.02244053417801283,0.1515234916549444,0.4430743448855399,0.4746974592667497,0.4344972102142957,0.25751452048330503,0.9266534309718658,0.22166471036145158,0.3200184808360832
376,16.919999999999998,0.4799915879365452,2.8,0.8551587603537895,3.5,0.7838794861516798,1.0,0.06476095126302896,0.022461471609665256,0.1520828452848519,0.44346342146419726,0.4752541616712235,0.43359909200573593,0.25665360318621067,0.9274848065072988,0.22176999268055209,0.32033651005185626
377,16.965,0.4810442838969966,2.8,0.8580129389401325,3.5,0.7847524892557185,1.0,0.06481233084597207,0.02247780538164289,0.1526375488694122,0.4438524349722157,0.4755613294761728,0.43180179831190724,0.2548352915342533,0.9282886727526992,0.22184897004450416,0.3203810521384166
378,17.009999999999998,0.4820277714799988,2.8,0.8608542724360979,3.5,0.7856197684450448,1.0,0.06486298411218842,0.02249256243874642,0.15318746275294096,0.4442175538142689,0.47585709927346953,0.4315773935992089,0.2540595741797756,0.9290662421425547,0.2221132469095742,0.3204972136592904
379,17.055,0.48300414720852336,2.8,0.8637021163270182,3.5,0.7864875146271763,1.0,0.06491315104739512,0.022514855670687825,0.15372984850825602,0.4450002977668314,0.4765663763850759,0.432091999657803,0.25430214934084705,0.9296362777930774,0.2224113468960985,0.3206404339248286
380,17.099999999999998,0.483994048017551,2.8,0.8665286698349471,3.5,0.7873458208231812,1.0,0.06496083357998064,0.022539423292945227,0.15426528704924952,0.44549580712064424,0.4769960223130733,0.4323787275651072,0.2549091430354563,0.9303214863329894,0.2225354404624612,0.3206026826706933
381,17.145,0.4849908351477156,2.8,0.8693538487722884,3.5,0.7882039855840782,1.0,0.06500849189344977,0.02257392209021369,0.15479617842904767,0.44603792296945527,0.47757498720395014,0.4331554379190671,0.25579452945533504,0.9309472089549907,0.2225392013158081,0.3207577224927565
382,17.189999999999998,0.48597274021068665,2.8,0.8721599716626942,3.5,0.789053980247145,1.0,0.06505580313762495,0.022602652339251128,0.15532296858555233,0.44633527179761096,0.4779499403852056,0.4333956579823153,0.25585860072551386,0.931470682281913,0.222544306433104,0.3208758970530107
383,17.235,0.48694413666338277,2.8,0.8749596489954587,3.5,0.7899056209708822,1.0,0.0651024127790854,0.022643432908001013,0.15584674597475454,0.4468667279080984,0.4785011145027274,0.43522089710463224,0.2574074412337409,0.9318480365020503,0.22262373462468568,0.32098176179294136
384,17.28,0.48789533718973566,2.8,0.8777300637260995,3.5,0.7907568762064304,1.0,0.06514823995543811,0.022688625603186675,0.1563680446516157,0.4473584321154581,0.4791673339243535,0.4360694409075982,0.2579535872093229,0.9322482640903018,0.22274331677055068,0.321075325092214
385,17.325,0.4888325553756842,2.8,0.8805011622002493,3.5,0.7916055575031438,1.0,0.06519549217897104,0.022739073626187295,0.15688359207512284,0.44792827495589244,0.480095357866698,0.4366064652606262,0.2582746579770373,0.932744036375767,0.2229947304461741,0.32135014231177794
386,17.37,0.489772899072597,2.8,0.8832530117651801,3.5,0.7924363508258296,1.0,0.06524376981679803,0.0227917173020386,0.1573928467837774,0.44832459894953863,0.4808772903106716,0.43844370702253066,0.26016625330044196,0.9332334076644637,0.22322194703790657,0.32159354571253107
387,17.415,0.4907079613522393,2.8,0.8859774764859628,3.5,0.7932630572864584,1.0,0.06529351928352109,0.02284776885680199,0.15789873517848685,0.4484835176847641,0.4814508910358008,0.44020258990575056,0.2620100101741881,0.9335746308816177,0.22339082498171015,0.32186661821015167
388,17.46,0.4916095306350114,2.8,0.888701476252992,3.5,0.7940830450133214,1.0,0.06534414802854843,0.02290668223532223,0.15840061177008186,0.44882563173417966,0.48202462089444537,0.4414030085191259,0.2633088281391163,0.9338924668099537,0.2235704856497885,0.3220953061719588
389,17.505,0.4924705072120313,2.8,0.8914045272887853,3.5,0.7948985958258565,1.0,0.06539417258678361,0.022978770894325398,0.1588985938024391,0.44931150565073014,0.48254214801786477,0.4426017159175022,0.26463833741781523,0.9342358821113227,0.22377445013801098,0.322202667405473
390,17.55,0.4933629691455551,2.8,0.8941043912127158,3.5,0.7957148992817167,1.0,0.06544427544056199,0.023050433660609496,0.15939223072632838,0.45000763738317656,0.48325224481406026,0.4430881422942944,0.2648544972747588,0.9347716416474172,0.22419051831417627,0.3223761910153276
391,17.595,0.49421796321297634,2.8,0.896787335533167,3.5,0.796537644472489,1.0,0.06549434384505479,0.023118663828759912,0.15988056290463967,0.4507644842684397,0.48404555178881137,0.444107005920412,0.2657372533879311,0.9353191646758917,0.22448696431209147,0.3225382796406814
392,17.64,0.49507083610565217,2.8,0.8994361989598846,3.5,0.7973437609263555,1.0,0.06554427710279799,0.023192684362046325,0.16036315953289315,0.45119887672726494,0.484677175645582,0.4445566258427766,0.26697557319446946,0.9357896170700005,0.22479533317145722,0.3226926401947917
393,17.685,0.49592486511689,2.8,0.9020524406944602,3.5,0.7981572804233329,1.0,0.0655941723738886,0.02327053014063707,0.16083929838863448,0.45112055804646045,0.4849300519968814,0.44419783094175735,0.2674392203026191,0.9366196962365401,0.22513059943112462,0.32285108889684117
394,17.73,0.49671995452510426,2.8,0.9046710384663414,3.5,0.7989706364576525,1.0,0.06564607835343157,0.023352634241155523,0.16130957072609567,0.4513872914125818,0.4855489190874666,0.444066516827464,0.26761059406353555,0.9376513413283908,0.22553177360921667,0.32318532741745304
395,17.775,0.4975327432327287,2.8,0.9072584731003006,3.5,0.7997745719209844,1.0,0.06569899476855293,0.023434054869695648,0.16177481160974455,0.45135914305154645,0.4858726719016687,0.4433189259372833,0.26742928726798776,0.9383179350497247,0.22587244178678062,0.32344387413415926
396,17.82,0.49830973446306526,2.8,0.9098313617400775,3.5,0.8005671404259659,1.0,0.06575140876120433,0.023505688121412814,0.16223536376585676,0.45164037604253066,0.4863580213676537,0.4427309144465418,0.26742215891218873,0.9387487122304288,0.22628559295699635,0.32358523108360887
397,17.865,0.49909947679789746,2.8,0.9124085065653876,3.5,0.8013652421784361,1.0,0.06580110329262323,0.023572824712549956,0.16269270639860922,0.45200887007049856,0.48665056479810714,0.44242364158123415,0.2678288982471065,0.9387621439084787,0.2265552527887121,0.32352940603314173
398,17.91,0.49990298719117415,2.8,0.9149546769988808,3.5,0.8021573773789954,1.0,0.06585013818592358,0.02363230064069688,0.1631457053458537,0.4520931441566019,0.48686433959963293,0.44192070307737596,0.26781808066638724,0.9390854009900549,0.22685867090681142,0.32361965561770184
399,17.955,0.5006896472217445,2.8,0.9174726435779357,3.5,0.8029393223408713,1.0,0.06589876281889497,0.023692062520747965,0.1635940496358198,0.45288346770231236,0.4876490943803816,0.4420062809363975,0.26850760352686953,0.9396030744266507,0.22716285477550235,0.3237294459432156
400,18.0,0.5014323015672992,2.8,0.9199731564403706,3.5,0.8037097442060434,1.0,0.06595017855345271,0.023748099011871925,0.16403600728528903,0.45283691792899694,0.48795978674513035,0.44253477930014146,0.2693208315229931,0.939968332183405,0.22729850651013606,0.3241013467464497
401,18.044999999999998,0.5021720478014343,2.8,0.9224752636598423,3.5,0.8044873117026387,1.0,0.06600117823214487,0.02381295556455978,0.16447364909758305,0.4533566241093847,0.4886551936217728,0.44338346432665804,0.27054021724584165,0.9403960097861352,0.22745685914454555,0.3242178608622769
402,18.09,0.502906104744931,2.8,0.9249568394436589,3.5,0.8052504195991472,1.0,0.06605347051780609,0.023875852202106515,0.16490665497092977,0.4532626503286889,0.4890788306757735,0.44375383774340266,0.2709778579346346,0.9407845200760918,0.2275987416839122,0.3244676576227568
403,18.134999999999998,0.5036347088257072,2.8,0.9274347071774092,3.5,0.8060098563403224,1.0,0.06610511325181273,0.023933302800110468,0.16533470066772613,0.45357393528305673,0.4896268919760314,0.4438936941658015,0.2705845459455617,0.9413354328144411,0.22761225242090774,0.3245506437574064
404,18.18,0.5043799200491909,2.8,0.9299040786967622,3.5,0.80677541783997,1.0,0.06615674047643955,0.023977370009496554,0.16576029571638995,0.45378052813710357,0.49008437972584934,0.44369240144875466,0.26970606699885935,0.9420072951784216,0.22759401339141874,0.32468502949679484
405,18.224999999999998,0.5050553867178803,2.8,0.9323243261168535,3.5,0.8075349971462453,1.0,0.0662066562061713,0.024020986261248812,0.1661824402154614,0.45428454487523084,0.49059279229072655,0.4442611014033802,0.26982042080987334,0.9423318086112954,0.22759598844856582,0.32467775699977075
406,18.27,0.5057355991549467,2.8,0.9347404553809356,3.5,0.8082983869057785,1.0,0.06625660452085441,0.024073595533908494,0.16659993843522636,0.45439083504483546,0.49085266885421647,0.4448471584775653,0.2703162497926302,0.9423025772144034,0.22766700951710078,0.32480999140237876
407,18.314999999999998,0.5064087478443887,2.8,0.9371420318459325,3.5,0.8090615328895608,1.0,0.06630860484049955,0.024131878819219143,0.16701160165753096,0.4546354544313641,0.4912074812877002,0.44526603357063615,0.27067913355874046,0.9423205394307187,0.22779212285924075,0.32511117643148885
408,18.36,0.5070666743449488,2.8,0.9395074108574922,3.5,0.8098124128579768,1.0,0.06635980410297708,0.024190691349969883,0.16741784014600666,0.45504100095197353,0.491487560987448,0.4466737466431429,0.27192281901998344,0.942250553904902,0.22793504232443185,0.32517302811601617
409,18.404999999999998,0.5077507181951477,2.8,0.9418523610929287,3.5,0.8105528179216511,1.0,0.06641174261803255,0.02424320398629408,0.1678197966728641,0.45499940486822205,0.49168676530656197,0.44733173354499334,0.2722487204667955,0.9423778852554507,0.22799583963952852,0.3253633195313062
410,18.45,0.5083913712274751,2.8,0.944171841504199,3.5,0.8112961310798651,1.0,0.06646656679792423,0.02429423367050959,0.16821737953001253,0.455025093194123,0.4918872893786183,0.44841390302134093,0.27307932337256546,0.9424347524865705,0.22812856668264678,0.32572498827108454
411,18.495,0.5090229482904985,2.8,0.9464711106275392,3.5,0.8120261815823576,1.0,0.06652528889166429,0.02434958488630431,0.16861031484438968,0.45503426304204764,0.49214609485436145,0.44871285784130566,0.27342876117079845,0.9427974906454646,0.22826071407719534,0.326189178174849
412,18.54,0.5096544475801168,2.8,0.9487715712910592,3.5,0.812753533632802,1.0,0.06658440055750046,0.024407506491096957,0.16899906400954792,0.45538092385899026,0.4924028832562118,0.44929062324141134,0.2736984652251859,0.9433101662662083,0.22842798300092998,0.3263703701082621
413,18.585,0.5102704583193777,2.8,0.9510554135608018,3.5,0.8134778708096969,1.0,0.06664405879221116,0.024459017134962194,0.16938431376188298,0.455544279094991,0.4926574043651786,0.4499818262160339,0.2740519688714399,0.9431947056632324,0.22843062032409311,0.3265603898764696
414,18.63,0.5108775194700476,2.8,0.953334697521931,3.5,0.8142027858044244,1.0,0.0667021833422325,0.02450215212777328,0.16976461378738505,0.4558600515858766,0.4927652316503537,0.44969638892730285,0.2739965352955635,0.9428213273973484,0.22830136064619647,0.32655858494138973
415,18.675,0.5114829241340446,2.8,0.9555801028678318,3.5,0.8149283771264191,1.0,0.06675929674039803,0.024545915722580098,0.1701419945599126,0.4561671058756455,0.4930450109726915,0.44965283337012046,0.27412056512446364,0.9430514140822285,0.22822316662553688,0.3265968590392173
416,18.72,0.51207938285572,2.8,0.957820343114402,3.5,0.8156407340412918,1.0,0.06681789404941851,0.024589134038758505,0.17051522695927515,0.4564924277649006,0.49357602021292585,0.45016437152434946,0.27448235364426465,0.9432632484611015,0.22824000932640795,0.32684177372672757
417,18.765,0.5126553441773358,2.8,0.9600361100427771,3.5,0.8163580023961674,1.0,0.06687936969222066,0.024639953645603747,0.17088452484924238,0.45709591988100784,0.4942391302898297,0.4511192735259469,0.27522339047832817,0.9431979092951004,0.2282468422934223,0.32721422074154183
418,18.81,0.513208748807297,2.8,0.9622529394372236,3.5,0.8170675852748764,1.0,0.06693922418131631,0.02468856685003141,0.17124907882101958,0.4579446822625424,0.49471238948398766,0.45196091729263665,0.2757988826606146,0.9430861912336919,0.22816849240465975,0.32720544332912455
419,18.855,0.5137773674086143,2.8,0.9644859397651318,3.5,0.8177770980921499,1.0,0.0669979898025285,0.024730738395900256,0.17160851445178069,0.4585388838026603,0.49520214409192365,0.4525757009168647,0.27658723262054935,0.9431761123819746,0.22820437296871962,0.3272279114851895
420,18.9,0.5143179793944688,2.8,0.966703555247587,3.5,0.8184785478824562,1.0,0.06705594768976234,0.024776294051790514,0.17196404583313624,0.4591613580123374,0.4957139774166517,0.45237274261248006,0.276415451259505,0.9433570863867332,0.22823400042093808,0.32726701451110835
421,18.945,0.514873537475644,2.8,0.9689233405045746,3.5,0.819179360362873,1.0,0.06710857596907539,0.024821040893404093,0.17231411167711808,0.46039447050424315,0.49640839512758667,0.452201382705796,0.2771139591902809,0.943587601096098,0.2282736879886653,0.32692927249411574
422,18.99,0.5154237210134788,2.8,0.971111795778425,3.5,0.819872345280521,1.0,0.067158525721388,0.024866912067698144,0.172659648156457,0.46104410035459753,0.49688398575942777,0.45269793417669346,0.27776797054278946,0.9437890465460463,0.22834089340300825,0.3267774764467838
423,19.035,0.5159702593522351,2.8,0.9733059852900934,3.5,0.8205569885726942,1.0,0.06720610987250704,0.0249188216950694,0.1730016594595346,0.4617283157455532,0.4973711446123881,0.4536725063936033,0.27854736323900653,0.9439850051106706,0.22838884557464562,0.32663625423438036
424,19.08,0.5165044686971312,2.8,0.9755020325467254,3.5,0.8212457266655183,1.0,0.06724868846833619,0.024976878101208817,0.17333881617350647,0.46279347583589536,0.4979881185431155,0.45543085712635045,0.2801602444702625,0.9441375944034166,0.2283461021658357,0.32625429612883666
425,19.125,0.5170150305883325,2.8,0.9776689525012104,3.5,0.8219313321741554,1.0,0.06729126624032149,0.02503318489921064,0.17367320005427153,0.46315088508020164,0.498439821966287,0.4573139019165062,0.2821619380813983,0.9438775601680065,0.22826249062220308,0.32626908353695105
426,19.169999999999998,0.5174913706278434,2.8,0.9798416022702303,3.5,0.8226194848757485,1.0,0.06733183353191224,0.02509016511794194,0.1740033320256504,0.46360444402086,0.4986777877334653,0.458995784590925,0.2836845544165613,0.9437317826906845,0.2281805292379406,0.3260904405012093
427,19.215,0.5179616292355471,2.8,0.9819949690347404,3.5,0.8233051922427823,1.0,0.06737470502781814,0.02515090732474159,0.17432770825459087,0.46359673977261234,0.49889564518898094,0.46062116743196846,0.28497362391678976,0.9436910822415124,0.228205656639644,0.32626661856355754
428,19.259999999999998,0.5184210099590305,2.8,0.9841222532698612,3.5,0.8239722297645101,1.0,0.06741928460093918,0.02521557896048299,0.17464875697031643,0.46360617195159665,0.49894097086233063,0.46218434397961017,0.28642061727308343,0.9437489010251371,0.22827364663600733,0.326400948273689
429,19.305,0.5188655018418877,2.8,0.9862452095573395,3.5,0.8246497847225565,1.0,0.06746516013514679,0.025298924287210423,0.17496673763492232,0.4637869639100234,0.4991829123391864,0.4637818371922053,0.2887964791916729,0.943633217583855,0.22831192070767206,0.32650363212972083
430,19.349999999999998,0.5193139918885248,2.8,0.9883630616472764,3.5,0.8253182902236365,1.0,0.06751482823049948,0.025388009180330726,0.175281667729499,0.46344758238237127,0.49929104343332026,0.4645659803433218,0.29010956444924724,0.9438453031435927,0.22837310700450444,0.32682115020886976
431,19.395,0.5197659164520722,2.8,0.9904592371992744,3.5,0.8259828343925073,1.0,0.06756617274876445,0.02546388928829059,0.17559366365292461,0.4636418911003502,0.49938064584858144,0.46507883647413756,0.2907547239157741,0.9437708823834121,0.22842052866634238,0.3269688441443525
432,19.439999999999998,0.5201926963070477,2.8,0.9925343916289769,3.5,0.8266532998368881,1.0,0.06762132096230976,0.025539754248822228,0.17590214136547982,0.46396216010666325,0.49971223797772996,0.4663667178542418,0.29201288531690434,0.9439811518843576,0.22851396762355825,0.32730417690766433
433,19.485,0.5206152717258853,2.8,0.9946045387829454,3.5,0.8273073329721434,1.0,0.06767140686455839,0.025617977606714346,0.1762069116297965,0.464998710646677,0.5001606021075946,0.4674217643666834,0.2935105607415735,0.9441737682553715,0.22855713662382754,0.32690312850315556
434,19.529999999999998,0.5210124462156006,2.8,0.9966377461248711,3.5,0.8279658664994505,1.0,0.06771669721537314,0.025694471399390465,0.17650801930521515,0.4657236359594727,0.5006272917262317,0.46832858592912124,0.29487372032708575,0.9442272132426545,0.22860325228818226,0.32649364685925303
435,19.575,0.5214435082260456,2.8,0.9986703265496225,3.5,0.8286249144271834,1.0,0.06775729504578273,0.02577669286754928,0.17680550735580433,0.46613620220408414,0.5008607187146122,0.47017509447888445,0.2967646757459537,0.9443488865815118,0.22862128062072595,0.32606242348791437
436,19.62,0.5218585723133209,2.8,1.0006939788141065,3.5,0.8292758701366674,1.0,0.06779707878979711,0.025854292890538796,0.1770977101390829,0.46583473513302265,0.5006824639824666,0.47126838444334584,0.2978353488786347,0.9442495381011898,0.22845795971932034,0.325931955963609
437,19.665,0.5222566940693735,2.8,1.0027023291178687,3.5,0.8299202944673879,1.0,0.06783999478494891,0.025938226106882397,0.17738644612843787,0.46558844937869975,0.5006633521277247,0.47181364727697217,0.2991997061393903,0.9440147088654012,0.22840277035067857,0.3261256927005849
438,19.71,0.5226393543435024,2.8,1.004692385837376,3.5,0.8305637350454423,1.0,0.06787790380658301,0.026023123987203974,0.17767182174160964,0.4665119143589253,0.5009388179940993,0.47226033085184593,0.300431717490281,0.9439004322940241,0.22846575936263572,0.32564900742036224
439,19.755,0.5230228465255277,2.8,1.0066789940978653,3.5,0.8312034088285019,1.0,0.06791528941137441,0.02611578201442453,0.1779539915785843,0.4666103224178943,0.5014845207816004,0.47364185915611773,0.30239588545539037,0.944121960300287,0.2284964627217542,0.3255406058882096
440,19.8,0.5233531308715768,2.8,1.0086484088816916,3.5,0.8318543049701064,1.0,0.06795451506855812,0.026206036142357576,0.17823121546972376,0.4668547500721214,0.502041251633171,0.47450709337960506,0.30301844805229344,0.9443272143474087,0.22853725302781128,0.32561907480954355
441,19.845,0.5237105056267628,2.8,1.010613929269921,3.5,0.8324855426223072,1.0,0.06799708042991968,0.026282106938470672,0.1785047908564578,0.4670295875902987,0.5023312365304086,0.4741893130778064,0.3024240146967403,0.9443315729675815,0.22855222289350025,0.32582020574820736
442,19.89,0.5240410185626397,2.8,1.0125696396116122,3.5,0.8331188822160251,1.0,0.06804108114239484,0.026357228980479017,0.17877465427808206,0.4672449080472925,0.5022645907844717,0.4749197209413099,0.3032234116757223,0.9442685380272842,0.2285784958163243,0.3258718946753036
443,19.935,0.5243850125981102,2.8,1.0145039553814605,3.5,0.8337489188093118,1.0,0.06808585458218164,0.026427837827112194,0.17904105955123914,0.4675934281794136,0.5026420821966888,0.47538019276248367,0.30398318386362366,0.9442263071267606,0.22852663845005514,0.32586374953864794
444,19.98,0.5247147982874398,2.8,1.016413897339739,3.5,0.8343822255133145,1.0,0.06813564806542804,0.026501990267561892,0.17930353897056725,0.46788390154326504,0.5030666606404044,0.4759893425361843,0.304891429220666,0.9442637967136996,0.2285819860918761,0.3262201659159848
445,20.025,0.5250615534746949,2.8,1.0183123480546252,3.5,0.8350076905457547,1.0,0.06818912705153096,0.02656850543623525,0.17956133983547856,0.46842400570129306,0.5035174057213653,0.4759067353607359,0.30518239156740595,0.944851278120733,0.22887931866858344,0.32648269132760827
446,20.07,0.5253672584422099,2.8,1.0202080159824187,3.5,0.8356290456753199,1.0,0.06824441131862578,0.02663921766604023,0.1798158373958874,0.46887370164922687,0.504000717742945,0.47651648299161176,0.30591562665683397,0.9451669788757694,0.2291780748172609,0.32660158043340676
447,20.115,0.525672800703197,2.8,1.0220809246572593,3.5,0.8362463345684754,1.0,0.06830449779550872,0.02670560804672405,0.18006637650049404,0.46859772491307855,0.5041430226117403,0.4768248299318774,0.30587558426411854,0.9455235057704924,0.2293912754730826,0.32696823708900163
448,20.16,0.5259804235246379,2.8,1.023939646756248,3.5,0.8368599977786446,1.0,0.06836785278987695,0.02677166138333771,0.18031370360848215,0.4687191496754743,0.5044192909676442,0.4770764300580902,0.30622197408881313,0.946085972897546,0.22956049957275526,0.32722241044178674
449,20.205,0.5262659512697818,2.8,1.02577793097588,3.5,0.8374666213515621,1.0,0.06843008299953873,0.026839485106113375,0.180558590983767,0.4694149644544878,0.5048781317275193,0.4776600387522466,0.3068496900331742,0.9464517999185371,0.22965007245578847,0.3271079996371425
450,20.25,0.5265193606856273,2.8,1.0276020827149195,3.5,0.8380781607093991,1.0,0.06849162091818616,0.026910527136735914,0.18079974384066946,0.4695469820568303,0.5052251840777615,0.4786918401374743,0.30814495453447466,0.946668891138025,0.2297630891952269,0.3270148983472682
451,20.294999999999998,0.5267961406745435,2.8,1.0294306895866223,3.5,0.838686011936831,1.0,0.06855252171377703,0.026977270285197273,0.1810377328563315,0.4696706507268122,0.5054529628145794,0.4794391323108914,0.30903218904537094,0.9468625337894109,0.22988773478100735,0.32691332262654
452,20.34,0.5270557677167249,2.8,1.0312342173218723,3.5,0.8392907023857346,1.0,0.06861494987351512,0.027044509803261625,0.18127329547668966,0.4696173232517113,0.5057829927439976,0.4800339878591215,0.31002493312407914,0.947028476770961,0.22985896015131801,0.326994752484212
453,20.384999999999998,0.5273321787936086,2.8,1.0330677022517527,3.5,0.8398872983525151,1.0,0.0686765051973739,0.027120381626942667,0.181506352061357,0.4702572493454333,0.5063694496180318,0.48022503987747506,0.3110094286622369,0.9473778507979679,0.22996855849897097,0.3268810784436953
454,20.43,0.5275578484001411,2.8,1.0348851647024762,3.5,0.8404767459560227,1.0,0.06874117300218245,0.027182043069910875,0.18173626153491335,0.4702024574593762,0.5066953090221703,0.47907906045339793,0.3101811573544232,0.9475349343477967,0.2300031769737268,0.3270842907409751
455,20.474999999999998,0.5278086863800696,2.8,1.0366735765009427,3.5,0.8410687665392205,1.0,0.0688107982872914,0.02722678103427062,0.18196280398547482,0.4697873851437672,0.5067066274289223,0.47861399485935235,0.30942970483592197,0.9474047814531906,0.22986781119198724,0.32743876745963374
456,20.52,0.528036814125873,2.8,1.0384667227793354,3.5,0.8416613893509024,1.0,0.06888694542410033,0.02726506618457678,0.18218710669679927,0.4697684906970476,0.5069743084531618,0.4782027377247588,0.30905384955370235,0.9474086865064321,0.229726963918795,0.32794441512189904
457,20.564999999999998,0.5282741085910165,2.8,1.0402404039306012,3.5,0.8422539059849634,1.0,0.06896686114347773,0.02730397105133759,0.18240842678102112,0.46947842127926576,0.5067255266542677,0.4773361241303839,0.30855229318860267,0.9473620564563802,0.22958908613692947,0.3282473540990106
458,20.61,0.5285019491446138,2.8,1.0419891386150713,3.5,0.8428447493601672,1.0,0.06905213356172718,0.027352086240405568,0.18262632377334928,0.46925154429727345,0.506740848993691,0.47789571953037563,0.3096001529442726,0.9473557273449994,0.2295474686314001,0.32869852262208604
459,20.654999999999998,0.5286863231909427,2.8,1.0437657194456915,3.5,0.8434286106582547,1.0,0.06914184962485902,0.027394462526861882,0.18284096972994804,0.4693247776940684,0.5070566622166509,0.4771244751396835,0.3092391696908432,0.9474429466445842,0.22949032819786044,0.3290839037526603
460,20.7,0.5289036433746742,2.8,1.045506043566505,3.5,0.8440089792870903,1.0,0.06923745052475286,0.027434665777633944,0.1830531147986171,0.4687903329635007,0.5068279011767131,0.4769805158527791,0.30909869857721345,0.9474949974459477,0.22941459051660673,0.3295902597282638
461,20.745,0.5290899367138491,2.8,1.0472440684163962,3.5,0.8445839162200774,1.0,0.06933492812075709,0.027463613998714925,0.18326252846660343,0.4691413646443556,0.506922207199284,0.4768554375366898,0.3089672363509181,0.9475885955949256,0.22944299088976133,0.3297609221064932
462,20.79,0.529300283338192,2.8,1.0489705583471005,3.5,0.8451611906823525,1.0,0.06943426310676704,0.0274895038044921,0.1834689217185097,0.4691552692798233,0.5069855699721884,0.4762855188898367,0.30861710284210253,0.9479274557326761,0.22955799674151403,0.3299282984830974
463,20.835,0.5294784530828892,2.8,1.0506749379732045,3.5,0.8457356307981713,1.0,0.06953517515249077,0.02752051773966947,0.18367265646861697,0.46922984198411144,0.5071504304776029,0.4757542407647003,0.309002768714857,0.9481094618145925,0.2296307480381439,0.33007200926648855
464,20.88,0.5296530598097614,2.8,1.0523480342008749,3.5,0.8462986476371345,1.0,0.06963851391394425,0.027547477821439677,0.183874262375254,0.46946765735618085,0.5074712256814813,0.4752673292946423,0.30889145734655443,0.9482995570383963,0.22957525851959143,0.3302928845912259
465,20.925,0.5298357478222893,2.8,1.0540067263035,3.5,0.846856709359445,1.0,0.06974211629814148,0.027576012924330158,0.18407357218344764,0.4698848454769124,0.5077161847820778,0.47554902181718034,0.30895151744668,0.9489424437377553,0.22956114605099784,0.33034321706686265
466,20.97,0.5299734337889844,2.8,1.0556485406763827,3.5,0.8474168492168483,1.0,0.06984616690810704,0.027603191802863716,0.1842704611892861,0.4703667871930165,0.5080984842021015,0.475516270803022,0.30936365994915066,0.9490117335738543,0.22956227782965036,0.3304124012926175
467,21.015,0.5301127767437321,2.8,1.0572611540960106,3.5,0.8479739168850671,1.0,0.06995078098784867,0.027631431085195092,0.18446430235832723,0.47109466197182265,0.5089811967962087,0.47503661942809117,0.3091034169944987,0.9494590378880362,0.2295623608375664,0.3304954678254896
468,21.06,0.5302636989397657,2.8,1.0588432514651758,3.5,0.848520972449069,1.0,0.07005677299276795,0.027653390650593523,0.18465556998009502,0.47136437973945,0.509592871539711,0.47489821889371275,0.3087939416061963,0.9497064307207196,0.2295640211469088,0.3306295787792933
469,21.105,0.530419545855836,2.8,1.0604164150670927,3.5,0.8490722590287509,1.0,0.07016283968776069,0.027677982749916695,0.18484479549175545,0.4715336061351921,0.5100392413843018,0.4744220416579183,0.3088284594211826,0.9498863850888627,0.22951027540071417,0.3306438646843897
470,21.15,0.5305365128150793,2.8,1.0620171965351166,3.5,0.8496219172098833,1.0,0.07027470366510276,0.027696207460143483,0.1850317343557318,0.47123781776665036,0.5104660655827915,0.47372635387079365,0.30875403099130055,0.9501771974163027,0.22948908971064166,0.33113108478844583
471,21.195,0.5306767427468447,2.8,1.0636148430762418,3.5,0.8501746123370096,1.0,0.07039147115992715,0.027711318686563315,0.18521666553629795,0.471355032905174,0.5107885108179282,0.4732903239698076,0.30854326014449623,0.9503399993085406,0.2294869858890926,0.3315625496168623
472,21.24,0.5308091234848726,2.8,1.0652296660026053,3.5,0.8507277337865636,1.0,0.07051137663206186,0.027725070192570252,0.18539904785126934,0.47110854789090845,0.510680919621332,0.4725603665397011,0.30778897647883763,0.9503947861736842,0.22948213305399032,0.33186735333641904
473,21.285,0.5309549190566091,2.8,1.0668173897099482,3.5,0.851272507111581,1.0,0.07062889742553706,0.027740839024535585,0.1855782937167553,0.4715062833078908,0.5107739534893255,0.47306221125065234,0.3083835148671928,0.9507081394755474,0.22956607084135178,0.3317008721013948
474,21.33,0.5310496957639765,2.8,1.0684151408756468,3.5,0.8518108019335188,1.0,0.07074530119919444,0.027755206718437214,0.18575516678194068,0.4716039558095219,0.5108936561849841,0.4725304357450104,0.3085613691152432,0.9510663431424902,0.22964824516000226,0.3316267009227041
475,21.375,0.5311615249351564,2.8,1.069966098609204,3.5,0.8523485421039,1.0,0.07086398507918172,0.02777132001728068,0.185928724189179,0.47139586479390044,0.5108689766182413,0.47268799089298486,0.3089661688352487,0.9515356135916723,0.2298504311682098,0.33182705412129343
476,21.419999999999998,0.5312880479121862,2.8,1.0715068351312351,3.5,0.8528859527972058,1.0,0.07098310061378517,0.02779818573025439,0.1860991215951293,0.4713680875829356,0.5107472589803888,0.4732756819627999,0.31016742567008615,0.9519222129174,0.2300510691090788,0.3318855574022975
477,21.465,0.5313973584883621,2.8,1.0730274846097931,3.5,0.8534121249426133,1.0,0.07110361816007152,0.027818960997490153,0.18626699706287567,0.4714578185713952,0.5108376921187384,0.47289564541538653,0.3102712945856794,0.9523507751459408,0.23033665318104227,0.3320132708018456
478,21.509999999999998,0.5314871989529183,2.8,1.0745365241520488,3.5,0.8539411441676943,1.0,0.07122557556563468,0.027840156583928913,0.18643238448098698,0.47116908679352376,0.5107048587898102,0.4733047683798763,0.31115866769748207,0.9525397632931822,0.23049368635445683,0.3321321344544923
479,21.555,0.5315560283906854,2.8,1.0760693447561636,3.5,0.8544667430339129,1.0,0.07134656245000244,0.027859992038412003,0.18659519193236282,0.47142724120398893,0.5106450143333914,0.47298519276838796,0.31138277806436815,0.9528837672725688,0.23054225729478248,0.33205239158366934
480,21.599999999999998,0.5316335813140802,2.8,1.0775793488993175,3.5,0.8549855380904726,1.0,0.07147029049998209,0.027883194569138035,0.18675561564943544,0.4710734426795021,0.5106244335418918,0.47325989433787424,0.3120487873307507,0.9531872233103009,0.23069216843156642,0.33227422353674685
481,21.645,0.5316931007128138,2.8,1.0790827095934947,3.5,0.855504673570481,1.0,0.07159421423900576,0.02791062148491083,0.18691297423112116,0.4708906615544868,0.5101298353654286,0.4728927677867178,0.31248255670681074,0.9533802139949135,0.23079342800760738,0.33229055174815786
482,21.689999999999998,0.5317685466774056,2.8,1.0805759965756592,3.5,0.8560281825808534,1.0,0.07171933173269576,0.027935957067146,0.18706754028074243,0.4710501682079826,0.5102346800466898,0.47298329805342815,0.31292127809453574,0.9536111845622167,0.2309241148461021,0.3323684250935648
483,21.735,0.5318318726968846,2.8,1.0820395760438697,3.5,0.8565409373478414,1.0,0.07184197542676254,0.027958625156515295,0.18722001565227883,0.4714631966024285,0.5104511767726618,0.4726989264048789,0.31325530285296616,0.9538358101131013,0.23105362328859183,0.332128726980616
484,21.779999999999998,0.5318986311829826,2.8,1.0835017011924493,3.5,0.8570526312534096,1.0,0.07196420116053635,0.027977822140075707,0.18737021449261698,0.47127222131579494,0.5104672928607372,0.4721813470342909,0.31319721696588515,0.9537947846615283,0.23117175977368784,0.33202702833653275
485,21.825,0.5319516799651943,2.8,1.0849512940029353,3.5,0.8575602552443841,1.0,0.07208590646749528,0.027994913585512912,0.18751711220755482,0.47126302489526156,0.5104910775672583,0.4723106943524961,0.31408066815814994,0.9536054427875436,0.23127920035617952,0.33190287993107775
486,21.869999999999997,0.5319519058867008,2.8,1.0864142193170148,3.5,0.8580698118924196,1.0,0.07220932455071091,0.02800799294006624,0.18766103299730608,0.47086168141046736,0.5102283128298662,0.4716524658404861,0.3138688424186004,0.9535861256476897,0.23137217512634972,0.3319525484458568
487,21.915,0.5319854539288816,2.8,1.087857987117726,3.5,0.8585790725228729,1.0,0.0723345391766419,0.02801732328307689,0.18780276335885127,0.470809511613139,0.5101059128719426,0.4716652738067239,0.3143546562910003,0.953359986232221,0.23133377043889566,0.33201591165971045
488,21.96,0.5320327656466618,2.8,1.0892836175364888,3.5,0.8590861482324719,1.0,0.072462477219454,0.0280199989983631,0.18794207586913605,0.47058697573264285,0.509927114182664,0.4707230822391962,0.3137719758910941,0.9533328858424144,0.23137265972150706,0.3321581219500288
489,22.005,0.5320486663861563,2.8,1.0907012675489884,3.5,0.8595899165030466,1.0,0.0725924593269567,0.02801619087334677,0.18807879163491206,0.4703213862337217,0.5094737855881623,0.47033115853306706,0.3132442001211976,0.9532983048342624,0.2313402104418997,0.3322292355423647
490,22.05,0.5320854062137251,2.8,1.0920923597524597,3.5,0.8600971300872234,1.0,0.07272411283633272,0.028007434176578326,0.18821273264113084,0.46988589887330307,0.5088869887413654,0.4702681039789707,0.3131328993483577,0.9531653266968924,0.2312237168728383,0.3322704689518908
491,22.095,0.5321229671384133,2.8,1.0934734567933182,3.5,0.8605974274104059,1.0,0.0728563228836546,0.02799849475364551,0.1883439838964216,0.4695842507762873,0.5083636941936414,0.470510901816358,0.31342449862405924,0.9532439868676965,0.23117981789115105,0.332212007621621
492,22.14,0.53213123149413,2.8,1.0948304994015872,3.5,0.8610976531496285,1.0,0.07298984475834262,0.027984556126823143,0.18847256059846493,0.4696151810090932,0.5082332816175265,0.46940447844432287,0.3128731700961023,0.9532864233598974,0.23109380228336648,0.3322045349646787
493,22.185,0.5321388513659139,2.8,1.0961985769734177,3.5,0.8615990707296804,1.0,0.07312480575297167,0.02796522939070869,0.18859911320429532,0.4694650486825687,0.507973360658155,0.46859617341345844,0.31162287011936873,0.953641266962613,0.23105804013617226,0.33220084633431657
494,22.23,0.5321182997134559,2.8,1.0975635497877674,3.5,0.8620886844830505,1.0,0.0732611819667563,0.027930614874845567,0.18872348659870794,0.469270372137006,0.5077195952744721,0.4683644310756179,0.31057656450518806,0.9535751861161903,0.23094327165212594,0.33218116008190707
495,22.275,0.532112940124089,2.8,1.098937720694134,3.5,0.8625800553415546,1.0,0.07340069836719858,0.02789573518555507,0.18884567123333867,0.469110381470576,0.5076298296913064,0.46855149910304417,0.3099772751171579,0.9535070467074456,0.2309034011904481,0.3323050228010569
496,22.32,0.5321037723936989,2.8,1.1002818182139384,3.5,0.8630717760903617,1.0,0.07354716640519571,0.02783457764932652,0.18896546462286384,0.46878360392105206,0.5075015236346991,0.46802484084963586,0.30866633205468547,0.9532050191117867,0.23085520469358442,0.3327488852352272
497,22.365,0.5320842404474195,2.8,1.1015892823651696,3.5,0.8635583966446548,1.0,0.07370038705066588,0.02777257697865537,0.18908327659423407,0.46885232423759976,0.5074879364493622,0.4682828129029348,0.3081825941671215,0.9530244816592532,0.2308433368612583,0.3332014209208785
498,22.41,0.5320854140530628,2.8,1.102891789423425,3.5,0.8640430044247511,1.0,0.07385135986875013,0.02770482124418597,0.18919929198123606,0.4686768595471642,0.5071721554442441,0.4675503820733227,0.3070816578005301,0.9529316964865012,0.23085206108757308,0.3333919993445726
499,22.455,0.532047129487655,2.8,1.1041997703194502,3.5,0.8645253998940748,1.0,0.07399962982221907,0.02764182224282585,0.1893127797632829,0.4688455554585367,0.5070917487161282,0.46717548846472984,0.3063418805341522,0.9530446140272164,0.2308481190182829,0.3332394113172134
500,22.5,0.5319821620508318,2.8,1.1054814774669677,3.5,0.8650074602077131,1.0,0.0741497121673351,0.027583724079164894,0.18942408941562874,0.4688627627598486,0.5071015210232322,0.4668935938903404,0.30570714911486696,0.9531753321828285,0.2308713856499161,0.33315424803896726
501,22.544999999999998,0.5319262924137426,2.8,1.1067617819978475,3.5,0.8654875799008067,1.0,0.07429365708419848,0.02753456687764823,0.18953353015854732,0.468913701629076,0.5070751424941272,0.46747191925165005,0.3061818652447801,0.953233061790799,0.2308710896377545,0.3330015977322331
502,22.59,0.5318451434959023,2.8,1.1080612920850401,3.5,0.8659648884096981,1.0,0.07443904945652541,0.027502449659988066,0.18964076279282183,0.46903918860004506,0.5071501798261095,0.4680700468289526,0.30693977346854023,0.9533741020543443,0.2309488795047929,0.3329184668988357
503,22.634999999999998,0.5317816655609265,2.8,1.109365084121702,3.5,0.866435507897936,1.0,0.07458357132110523,0.02747983799641887,0.18974566813230043,0.4695040837495133,0.5075020024593033,0.46857444309761775,0.3075287644263959,0.9536883917401989,0.23094798421687604,0.3327473749908543
504,22.68,0.5317032955318416,2.8,1.1106297927227409,3.5,0.8669179802034698,1.0,0.07473059748906773,0.02746353022338584,0.18984877917483958,0.4696493171701538,0.5077703253661716,0.46896138792400793,0.30816038030137016,0.9538078613124386,0.23094867711328912,0.33280254607648513
505,22.724999999999998,0.5316339598329904,2.8,1.111905314366602,3.5,0.8673909065013242,1.0,0.07488533627615601,0.027467222947847657,0.18995030894646106,0.4702292510518584,0.5082017463530597,0.46973790306196234,0.30931319050812456,0.9538455695696572,0.23092898666804737,0.33282604706531765
506,22.77,0.5315220105996804,2.8,1.113161551085132,3.5,0.867854681790274,1.0,0.0750451549443076,0.02747187668931488,0.19004999248447724,0.47051976252196537,0.5083963861910923,0.4696665272312679,0.3092557868351164,0.9537233825957572,0.2308766294419109,0.332841959442254
507,22.814999999999998,0.5314556757241448,2.8,1.114447197445952,3.5,0.8683190623084275,1.0,0.07520972403021532,0.02747379615742858,0.1901477887643611,0.4706833325824315,0.5086252177612574,0.46988635923697436,0.30912532035713997,0.9537194577798757,0.23084047150731213,0.3329062715274109
508,22.86,0.5313676109325068,2.8,1.1156950428982164,3.5,0.8687835492141199,1.0,0.0753828255897206,0.027474687009520687,0.19024357792304594,0.47067094310779356,0.5088486076251465,0.4696210738596336,0.30850696570146957,0.9540992216178139,0.23083263470724164,0.333137005334053
509,22.904999999999998,0.5312573071164222,2.8,1.1169418585889432,3.5,0.8692504295745807,1.0,0.07555711481775843,0.02748699629831606,0.19033724484100475,0.4710971846067311,0.5092010865396774,0.4703174299847701,0.3091160669218331,0.9542183361225534,0.23069658572096644,0.3331404797188068
510,22.95,0.5311326015095297,2.8,1.1181872460358515,3.5,0.8697162976821091,1.0,0.07573631869938256,0.027513777835234277,0.1904285593014002,0.47125045773797825,0.5095896219270802,0.47199104299363415,0.31077848861817736,0.9545502978944129,0.23062914933252368,0.33331284164259944
511,22.994999999999997,0.53099422105028,2.8,1.1194364600114575,3.5,0.8701760623836532,1.0,0.0759182950631727,0.027547050430435545,0.19051795361707408,0.47113236134469216,0.5098100173397652,0.47203515952975245,0.3115474531248223,0.9547053054969884,0.230538838767141,0.3334303514468445
512,23.04,0.5308513396076779,2.8,1.1206685168943513,3.5,0.8706309946521251,1.0,0.07610554547186428,0.02757834641056773,0.19060542343696535,0.4707362380783572,0.509906950951621,0.47198801677039587,0.3113703225005278,0.9547747732805442,0.2303517836771161,0.33374297523871976
513,23.085,0.530712143524355,2.8,1.1218842444502195,3.5,0.8710831816897593,1.0,0.07629762089799097,0.02760230119688458,0.19069121942619055,0.47067016560885067,0.5099758283503735,0.4717714017713727,0.31066027067365604,0.9547925646683352,0.23022211588607344,0.33402143654800925
514,23.13,0.5305864517349662,2.8,1.1230981028508238,3.5,0.8715321585232492,1.0,0.07649166065730728,0.02760950071585144,0.19077527582936452,0.47030670120553497,0.5096116439927982,0.47087547400785845,0.3091466692109533,0.9544511267362771,0.2299243538274682,0.3340613756260238
515,23.175,0.5304478345034593,2.8,1.124302848736409,3.5,0.8719803611439852,1.0,0.07668517284401694,0.02760956942666779,0.19085764070722572,0.4701587239850405,0.5093244026779363,0.4703320239788544,0.3080402535730348,0.9540995947459078,0.22980653351218389,0.3338800881715391
516,23.22,0.5303050646625034,2.8,1.1254931662974255,3.5,0.8724273655124024,1.0,0.07687814018436741,0.02760368464009254,0.19093819428692382,0.47010742282662593,0.5092770044575554,0.46996465424607986,0.3071612149588851,0.9537946214457831,0.2295689941256734,0.33368457972839083
517,23.265,0.5301514196321123,2.8,1.1266563667676939,3.5,0.8728682578940605,1.0,0.07707349119517509,0.027593807105347624,0.191017113401755,0.46969287662036835,0.5090336452643763,0.469749028765336,0.30648622737408043,0.9533462610974003,0.2294028404247639,0.3337225016760802
518,23.31,0.5299607715095933,2.8,1.1278244566252764,3.5,0.873311923813267,1.0,0.07726985510896107,0.027589704115735685,0.19109417454336639,0.4696064907920485,0.5087404843508626,0.4691306457764342,0.3058087235850959,0.9531821155645768,0.22934032665165327,0.3336515299416497
519,23.355,0.5297870956354142,2.8,1.1289870773694666,3.5,0.8737616749164516,1.0,0.07746680037118918,0.02757792598395776,0.19116937115999624,0.46917552541879076,0.508225523898058,0.4677337136538147,0.3042285590241126,0.9531515808153718,0.22917434693580707,0.3335152802059991
520,23.4,0.5296181350345197,2.8,1.1301477525382297,3.5,0.8742028183756129,1.0,0.07766693715151156,0.027559274409442183,0.19124285045552217,0.46877015944546485,0.5079326775961702,0.46663971231911544,0.303306067312884,0.9532657363657847,0.22915491818148742,0.3335962576522805
521,23.445,0.5294273220263139,2.8,1.1312725468837137,3.5,0.8746406689702548,1.0,0.07787050071716652,0.02753642060070724,0.19131457498039078,0.4684454506183449,0.5075756108387528,0.4653757704960263,0.3020551144654477,0.953541792407795,0.22907793514207603,0.3337005772303117
522,23.49,0.5292452032347831,2.8,1.1323795357189184,3.5,0.875079151260664,1.0,0.07807761019198163,0.027514473988612127,0.1913844782655149,0.46850534890135054,0.5075284818284298,0.4649405184046277,0.301433233466598,0.9537863506258812,0.2290571802879919,0.33382780247536864
523,23.535,0.5290427724524416,2.8,1.1335005503889861,3.5,0.8755156139724474,1.0,0.07828421839299476,0.02749060075188161,0.19145233375815549,0.4687319840804742,0.5074598927861188,0.46435310953633535,0.30058572130814976,0.9541650352904802,0.229094882342837,0.33360936506876154
524,23.58,0.5288173233439658,2.8,1.1346062464781004,3.5,0.8759496880224441,1.0,0.0784905842677718,0.02746443186270894,0.19151820602153516,0.4689405120048093,0.5076126088080798,0.46338919907908405,0.29952327327476796,0.9544359575106103,0.22925100547496233,0.333395534367043
525,23.625,0.528625803361832,2.8,1.135668790841861,3.5,0.8763743602192392,1.0,0.07869714600878787,0.02744155714912251,0.19158265213630596,0.46881480599676895,0.5075805028789667,0.4626252016088461,0.2987434702196925,0.9546696902546424,0.22929450908946147,0.3331977095097397
526,23.669999999999998,0.5284041681896687,2.8,1.1367418964807956,3.5,0.8767969928133387,1.0,0.07890603655257573,0.02741612132530497,0.19164542904741758,0.4685195859642498,0.5075204108610627,0.46173961980814465,0.2977131450792899,0.9549991518093842,0.22937870519400338,0.33317485266218133
527,23.715,0.5281808454917374,2.8,1.1378061983942742,3.5,0.8772230364875283,1.0,0.07911635916741688,0.02738848189041516,0.19170660240735568,0.46847727362980945,0.5074424517133932,0.4602951107316973,0.2965029589126647,0.9553114327163659,0.22948119574657502,0.3330722091654036
528,23.759999999999998,0.5279539895832498,2.8,1.13887462135175,3.5,0.8776419002350425,1.0,0.07933214963706524,0.027359584204665735,0.19176592301478337,0.468309586784095,0.5075175874410369,0.4598307570875072,0.2967066200903045,0.9553298411095398,0.22955689643530183,0.33329769004595683
529,23.805,0.5276796985321368,2.8,1.1399389089659917,3.5,0.8780653242551545,1.0,0.07955221118641477,0.027336697896399233,0.19182358561699783,0.4683326111345816,0.507454356875765,0.45955185452102104,0.2969382587322871,0.9551545270046571,0.2294793554940324,0.3334275372333127
530,23.849999999999998,0.5273864485419649,2.8,1.1409638087671512,3.5,0.8784878911992557,1.0,0.07977598296110164,0.027312656212772672,0.19187935156599842,0.46835077739897474,0.5072376779112582,0.459177294706444,0.29694963332216046,0.9549016269848333,0.2293205056385465,0.333518391846467
531,23.895,0.5270774576829178,2.8,1.1419820690332234,3.5,0.8789058223635862,1.0,0.080002851913439,0.027289238941863744,0.19193329742444715,0.4680160089745237,0.5067716556470709,0.45864795575412926,0.2970296851498406,0.9545712441157438,0.2291882614003592,0.333556609275311
532,23.939999999999998,0.5267988018826485,2.8,1.1429889199375474,3.5,0.8793157180400801,1.0,0.08023365859243631,0.02726722665592877,0.19198573811514952,0.46804512782753477,0.5067517108664849,0.4585684272647336,0.29719106795567396,0.954406528446298,0.2290292459037325,0.33367505052942137
533,23.985,0.5264996797182913,2.8,1.143970768341168,3.5,0.8797261053444787,1.0,0.08046827945470315,0.027251129217485907,0.19203639544762433,0.46806593185618806,0.5067925203388466,0.4596140188567418,0.29814278516965576,0.9544343478303196,0.22882477111432525,0.3337786926036326
534,24.029999999999998,0.5262124624708033,2.8,1.1449775609621573,3.5,0.8801338304299049,1.0,0.08070681181252512,0.027237290843277327,0.19208543491109817,0.4679354093451881,0.5067358711317579,0.4603961974513849,0.29904533458446536,0.9540782988556475,0.2286820298859178,0.3338907731048739
535,24.075,0.525927101738231,2.8,1.1459978780124749,3.5,0.8805407713712763,1.0,0.08094701995264547,0.027219824055773122,0.19213296138772668,0.4675196787324028,0.5061655831076407,0.4605028260284689,0.29902828334233844,0.953767055668922,0.22860335013820324,0.33381779406289835
536,24.119999999999997,0.5255938053551794,2.8,1.146988497810332,3.5,0.880944121364529,1.0,0.0811871191969917,0.027208509963115093,0.1921787895179236,0.46756932645194654,0.505826885407675,0.46090200623631344,0.2990818595280682,0.953379250790039,0.22837014786842527,0.33359485270385913
537,24.165,0.5252526009745254,2.8,1.1479837981804555,3.5,0.8813518391057765,1.0,0.08142712746070672,0.02719692627326286,0.1922228275852083,0.4672131543208707,0.5053676754297324,0.4608665017347964,0.2991507620305238,0.9530696084461918,0.22815961765826193,0.33336118873266196
538,24.21,0.5249400582995405,2.8,1.148978143306812,3.5,0.8817553299388432,1.0,0.08166766824961887,0.027193500439300185,0.19226521525232979,0.4669490561258734,0.5049780739168809,0.46158855337568505,0.2996634239319029,0.9530313755821374,0.22809394633864297,0.3331742535876737
539,24.255,0.5245814313521476,2.8,1.1499747925690165,3.5,0.8821551672252785,1.0,0.0819100256668017,0.027190794179891342,0.19230592013271805,0.4663385187572798,0.5043546885538638,0.46146462007829653,0.2995997429073287,0.9529724571892325,0.22803191355567465,0.33307898497949384
540,24.3,0.5242304108658629,2.8,1.150964024998919,3.5,0.8825520710659847,1.0,0.08215288304186598,0.027192563545104513,0.192345033162395,0.46565775153894684,0.503545623144517,0.4610470008574947,0.2993566301258731,0.9530861012584361,0.22805595076569687,0.3328641399425962
541,24.345,0.5238413968241873,2.8,1.1519600753491657,3.5,0.8829458417991806,1.0,0.08239890003111511,0.027196953224234786,0.19238252128405775,0.46518776903208625,0.5029615222073043,0.46132117404843237,0.2996729834031527,0.9532116921887306,0.22808984900584514,0.3328583779003593
542,24.39,0.5234530227152184,2.8,1.1529659198418485,3.5,0.8833328301195006,1.0,0.08264751905872593,0.027203954926341537,0.19241817258272328,0.46483393201225814,0.5024238902798714,0.4614524620351945,0.2998723774050736,0.9531782553975696,0.22804377222679656,0.332822309167152
543,24.435,0.5230996312292058,2.8,1.1539379560681566,3.5,0.8837296759892177,1.0,0.08289775369317813,0.02721233916156561,0.19245231297071394,0.46447079724377016,0.5020094441686801,0.46173556458246234,0.3002162834279423,0.9530205110561489,0.22800583170175623,0.3327006311309438
544,24.48,0.5227381997255472,2.8,1.154906690734992,3.5,0.8841224684089807,1.0,0.0831490347166761,0.027225361265855137,0.1924848362425248,0.4640874273345181,0.5017071109601701,0.461797622166423,0.30051515237816273,0.952824692819814,0.227849277229766,0.3325222388133879
545,24.525,0.5223305283987267,2.8,1.1558720630103065,3.5,0.884510710137504,1.0,0.08339782249649788,0.02723924847088657,0.19251563858516582,0.464373228660751,0.5016343594661744,0.462132736054395,0.30114526718077467,0.9523591663395422,0.22763377073381866,0.33203394405129916
546,24.57,0.5219514940744308,2.8,1.1568348724531807,3.5,0.884893284811489,1.0,0.08364562720432753,0.027247704315372,0.1925450968323008,0.4642215680429486,0.5013882740491383,0.4619799988242611,0.30183495853187975,0.9518553818210095,0.22732197032399437,0.3316523699652908
547,24.615,0.5215140098201092,2.8,1.1577849070310189,3.5,0.8852731882892784,1.0,0.08389591029809923,0.027258372396233924,0.19257290790375053,0.46436556815975394,0.5015746950531941,0.4621895409071787,0.30263518190817706,0.9514780525110833,0.22714640867387023,0.33154971692179147
548,24.66,0.5210833684045416,2.8,1.15871605211318,3.5,0.8856609862739907,1.0,0.08414881515084931,0.027274441436570145,0.1925992551315059,0.4643899432413158,0.5017117949483487,0.4626323368532428,0.3032438754404448,0.9513241107364473,0.22695165756027166,0.3314483099005588
549,24.705,0.5206334617175602,2.7984806927338792,1.1596637360420416,3.5,0.8860409999807439,1.0,0.08439949929658412,0.027283524150698853,0.1926240194264455,0.4640806016255941,0.5013073021407269,0.46145684331509396,0.3025333168206659,0.9513226280900408,0.22664531463720625,0.3309332740213401
550,24.75,0.5201939444193667,2.8,1.160595689928149,3.5,0.8864186892332394,1.0,0.08464889742730777,0.027290651043670233,0.19264735714511919,0.4638922713578751,0.501231601477045,0.46097753118756146,0.3020040585047565,0.9512624720936761,0.22638587073612812,0.3304814465247129
551,24.794999999999998,0.5197583319833321,2.8,1.1615338796178627,3.5,0.8867946391303156,1.0,0.08489972474777603,0.02729528141067759,0.19266916041651239,0.4633581275849044,0.5008402734189732,0.4607182047628811,0.30170386215712514,0.9509119352687534,0.22624539479456607,0.33024132176294946
552,24.84,0.5192808924467842,2.798682900464697,1.1624605911367845,3.5,0.887171499560086,1.0,0.08515106607247655,0.02728943850089328,0.1926893006267301,0.4630290905995587,0.5002382356808898,0.4598496214415948,0.30103720188784994,0.9506372503790791,0.22616082569463258,0.32992316376839326
553,24.884999999999998,0.5188402637034666,2.7968214928469446,1.1633711788154737,3.5,0.8875414972151621,1.0,0.08540588844507153,0.02727683393019105,0.19270812611441776,0.4626513889123775,0.49989579519454186,0.4594273208116027,0.3009490446404068,0.9503426201472979,0.22609113330022912,0.3298492827588127
554,24.93,0.5183684473481371,2.794983833203688,1.1642692165567587,3.5,0.8879150530688389,1.0,0.08566303187670113,0.02727304543603266,0.19272541896594658,0.46275261119640165,0.49978101000260344,0.4594033218454458,0.30166910681030495,0.9500509166153556,0.22610241659501526,0.3296903364079834
555,24.974999999999998,0.517868013715878,2.7941626435968976,1.1651559398875548,3.5,0.8882839764524707,1.0,0.08592523622895078,0.027276897184399688,0.19274143995512805,0.4624215895697711,0.4998187136966192,0.4586567614304518,0.3016299628404752,0.9502725833285,0.2262187618653029,0.3297798950160458
556,25.02,0.5173579098091025,2.792850518639563,1.165992532469141,3.5,0.8886482400745144,1.0,0.08619085170912531,0.027288111547372873,0.1927559816255864,0.46202137527864634,0.4995469748703986,0.45847190316347564,0.3016474035386508,0.9503289630325702,0.22613520961401454,0.32973494044837276
557,25.064999999999998,0.5168856226361066,2.791499819339341,1.166818259332176,3.5,0.8890112441916667,1.0,0.08646170906675005,0.027298912212855395,0.19276922735077023,0.46159812862141686,0.49925505201112763,0.45884996024478314,0.30181386703231394,0.9501867154986003,0.22612966277141366,0.32985351783804484
558,25.11,0.516348041274865,2.7892622285289814,1.1676456098728447,3.5,0.8893744978845419,1.0,0.08673332253619966,0.027317189874125465,0.19278113825691717,0.4616024891845851,0.4991000017300043,0.46008701859137685,0.30314834886436576,0.9499261548615004,0.2260294709547612,0.3296082044801929
559,25.154999999999998,0.5158271797731897,2.7869529692474906,1.1684722937537408,3.5,0.8897345779808015,1.0,0.08701075472975953,0.027349819079280958,0.19279169681305589,0.4613953025201267,0.49896514565188455,0.4608423133590114,0.30442566625203804,0.9498605964453797,0.22594507790671073,0.3297823759386317
560,25.2,0.5152998318452247,2.7845728310192652,1.1693129666688822,3.5,0.8900963508489778,1.0,0.08729393345933435,0.02737872854488797,0.19280082911793833,0.4616376857902777,0.4990037537318964,0.4613363946189624,0.30477012015906607,0.9498512521730621,0.22590253121774875,0.32995576209973215
561,25.244999999999997,0.514767048050345,2.7873445850623964,1.170155263925038,3.5,0.8904487980899269,1.0,0.08758226540841015,0.027405933803766144,0.19280846800054877,0.46143901008516547,0.49887182004528674,0.4614098210161191,0.3052067913853328,0.9498710072279181,0.22587196630429862,0.3300999236741199
562,25.29,0.5142092858104655,2.7848099664746613,1.1709696779850487,3.5,0.8908001797604224,1.0,0.08787673562978984,0.027422914555658106,0.19281468650226954,0.4610423736661422,0.49847474195843156,0.46149075325426847,0.3053376458728254,0.9495850362761511,0.2258012239765125,0.3303392463756894
563,25.334999999999997,0.5136742083528968,2.7825281168550076,1.1717640334527653,3.5,0.8911552979141315,1.0,0.08817642106777543,0.027432035663617113,0.19281955125770847,0.46080111443578897,0.4981415122203697,0.46056955726505244,0.30445717787584015,0.9493544804151086,0.22572661873137945,0.33052501539241896
564,25.38,0.5131179957467183,2.7798568359307145,1.1725888984932802,3.5,0.8915067119318577,1.0,0.08848043855686089,0.02744312599187308,0.19282308257144,0.4608256426403176,0.49808396518925036,0.4600230613976326,0.3040351547412434,0.9493712000239867,0.22565208969063966,0.33065647312696483
565,25.425,0.5125384872686356,2.7771187382768416,1.173431425130228,3.5,0.891852186717887,1.0,0.08878610283515492,0.02744838055468599,0.19282509004269,0.4608479067632372,0.4978056282347272,0.4596142065008925,0.3037320302553788,0.9493233369139593,0.2255344600778663,0.33055635308610937
566,25.47,0.5119674235892935,2.777470868276435,1.174273568275968,3.5,0.8922004071105972,1.0,0.08909142334268981,0.027454411850840053,0.19282573765915417,0.46139369702216754,0.4978635586339385,0.4591905395623896,0.30352241171478095,0.9492357654115792,0.2254900420221408,0.3302959220910458
567,25.515,0.511375830151308,2.7762602945642887,1.1751145267431475,3.5,0.8925430245713009,1.0,0.08939663769105356,0.027457531242554623,0.1928250115903344,0.4617535468012768,0.49791836165807374,0.45872213545194757,0.3031530720245072,0.9492513046322332,0.22552835085602235,0.33005052142062197
568,25.56,0.5107875673557329,2.7733095623290307,1.1759267443625536,3.5,0.8928922024764127,1.0,0.08970221444775094,0.027452850578314297,0.19282289859741547,0.4626230834069105,0.4982658715072129,0.45795436811492596,0.30248613808336033,0.9492839775019155,0.22554540557660174,0.3298291310182203
569,25.605,0.5101638433462183,2.770294217335969,1.1767272082938494,3.5,0.8932289123380843,1.0,0.09001031212500175,0.0274468067407645,0.19281931343559106,0.46272338406022906,0.4983254159338238,0.4570997432740427,0.30192440155160144,0.9493705173518299,0.2256780287637158,0.3297712762555096
570,25.65,0.5095603970400451,2.767214868969984,1.1775300635780115,3.5,0.8935674932074369,1.0,0.0903207555402264,0.02744275750651562,0.19281435643166914,0.46342377729939793,0.49878724657292023,0.4572318327298414,0.30278369795051363,0.9494257148185522,0.2258379397067725,0.3297139734361779
571,25.695,0.5089727263814906,2.764072110236657,1.1783151312493625,3.5,0.8939012794193817,1.0,0.09063196344231295,0.027440068167960813,0.19280802013945975,0.4636806934657986,0.4988188585263839,0.45773776245614345,0.30370712726756194,0.9494746528290665,0.22602015861873478,0.3295227784535931
572,25.74,0.5083538420491848,2.7613972477087683,1.1791030250482448,3.5,0.8942335130636556,1.0,0.09094549000693804,0.027450836585504665,0.19280032916224865,0.4646240931444036,0.4993781586239283,0.45861728023614906,0.3053649563290543,0.9492624368782915,0.2261825750656041,0.3294798080771517
573,25.785,0.5077359613666377,2.7589068888522497,1.1798736850506433,3.5,0.8945635805750942,1.0,0.09126389898624448,0.027472108473596164,0.1927914834091899,0.46460474425548,0.49957168485084175,0.4592839687395923,0.30689297803916715,0.9491453623893762,0.22635092646468935,0.329662548355978
574,25.83,0.5070795906016431,2.7559170386780365,1.1806327758912059,3.5,0.8948943897941066,1.0,0.0915868065934183,0.027499482571677652,0.19278122907638992,0.4647762271806943,0.4999018799790822,0.4599880660215478,0.3082151001474059,0.9493082015352055,0.22651670414135466,0.32982745400028346
575,25.875,0.5064355920252149,2.752522428654563,1.1813870906981647,3.5,0.8952276870066344,1.0,0.09191296904341703,0.02752114526354236,0.19276966064526202,0.4650549849481966,0.5001749929893522,0.45959331450350227,0.3085978406943376,0.9494136236830394,0.2267397005017534,0.32989032178613514
576,25.919999999999998,0.5057904000356187,2.7496375515360016,1.1821353373882875,3.5,0.8955570769235044,1.0,0.09224054804385316,0.027542172639951883,0.1927568175861889,0.4643203568323949,0.4994558650026876,0.4593792975381418,0.30834816014639194,0.9498365942481499,0.22692652020866794,0.3297960575224442
577,25.965,0.5051063996655094,2.746121671460917,1.1828789841807852,3.5,0.8958818511545068,1.0,0.09256925377896202,0.027561518017097327,0.1927425944795639,0.4640076830395374,0.49897811551621324,0.459131497396541,0.3082195566091586,0.9503654868932688,0.2271828596204244,0.3296845112300885
578,26.009999999999998,0.5044412371083025,2.7439041233301142,1.1836272252524396,3.5,0.8961996001463297,1.0,0.09289909627104338,0.02758315343997084,0.19272703116108914,0.4633062287211805,0.498273241174274,0.45936445204411874,0.30858705505166945,0.9509348688309813,0.22736900382456354,0.32958647198748603
579,26.055,0.5037558990091093,2.74104198959031,1.1843354615626738,3.5,0.8965223567862536,1.0,0.09323006647023709,0.027600483850996255,0.1927101308941827,0.4626039972134451,0.49781828397362965,0.4583472990384935,0.3083282520883009,0.9514345939212073,0.22744866463013552,0.3295010983533351
580,26.099999999999998,0.5030764778975928,2.7373425109411937,1.1850347531898604,3.5,0.8968476493427594,1.0,0.0935621326375489,0.027609427689372593,0.1926919607099234,0.46177803192573263,0.4970376280507534,0.45771605819261074,0.3074842646454449,0.9519748592103842,0.2275724698357741,0.32940667133498247
581,26.145,0.5023684595739186,2.733584905098263,1.1857562329205482,3.5,0.897170163280344,1.0,0.09389606165829108,0.02760963400523337,0.19267231399259963,0.46110577160133326,0.4963819621847167,0.4584158503092611,0.3071038153095399,0.952439425775209,0.2277272232470267,0.32938024771984026
582,26.189999999999998,0.5016608937516596,2.7297695773830446,1.1864605065645861,3.5,0.8974886815307597,1.0,0.09423065022655329,0.02760432607733155,0.19265129494854852,0.4607434571176856,0.49598179658385866,0.45810229506903916,0.30679531133244176,0.9526692064146507,0.22782101353414408,0.32926869203852277
583,26.235,0.5009482454104137,2.7258970427337363,1.187159509211892,3.5,0.897809054855915,1.0,0.09456527399483601,0.027598028918107125,0.19262895706424268,0.4607617214853745,0.495882226075376,0.4571794248368621,0.30540854548925217,0.9532811109623622,0.2278244002717819,0.32912568436642947
584,26.279999999999998,0.5002390002787807,2.723131692804313,1.1878350766514008,3.5,0.8981230364192225,1.0,0.09490032027079426,0.027581561453398552,0.19260531382046342,0.4606096743331752,0.49560529246666024,0.45730880381379907,0.30519882838546747,0.9533890934918825,0.22785172653192384,0.32900948505718713
585,26.325,0.49951476444595416,2.7209435547114955,1.1885018585516733,3.5,0.8984371828671961,1.0,0.09523769385692044,0.02757062118465992,0.19258032617465087,0.46095770126966895,0.49580571139599405,0.45716014243659153,0.30494293855677806,0.953637195996807,0.22788444584686468,0.32906441505469636
586,26.369999999999997,0.49879698898682884,2.716890854704153,1.1891781715175345,3.5,0.8987462809926561,1.0,0.09557477209545627,0.02755707307346254,0.19255407494594007,0.46166578692654847,0.4962684116121083,0.4569112803216823,0.30420005125662647,0.9538554781475758,0.22783665849152726,0.32891062627283363
587,26.415,0.49805256198586384,2.713825871339074,1.189840844010443,3.5,0.8990556194180878,1.0,0.09591197870204972,0.027538269753858282,0.19252645996373466,0.4624533951603896,0.4969133392839918,0.4560999591780794,0.30269254593705663,0.954296754321385,0.2278760978325398,0.3287936738529226
588,26.459999999999997,0.49730622660016127,2.70965926188359,1.190516254529649,3.5,0.899354087820023,1.0,0.09624871223100706,0.027519273739316605,0.19249746882963825,0.4624874859832956,0.4972442342881819,0.4563057137933608,0.3024527587024826,0.95434211799774,0.22773273657783846,0.32863392760605464
589,26.505,0.49655483001508854,2.7060794302462834,1.1911384543672245,3.5,0.8996608707181044,1.0,0.09658801254173215,0.027500743269656333,0.19246708561197814,0.4627496456044647,0.497701220056519,0.4576100768334345,0.3026998937430118,0.9547604671941679,0.22769295182338106,0.3287438876751769
590,26.55,0.495793524602702,2.701800644020391,1.1917780936095188,3.5,0.8999623186119399,1.0,0.0969318978570371,0.027495524583752835,0.19243531490725924,0.46287572661135773,0.49823288603026145,0.45761274269734126,0.3027197570424986,0.9552468256285134,0.2276018923416994,0.329063739133012
591,26.595,0.4950258937762278,2.6974671578518543,1.1924338106152856,3.5,0.9002615809796647,1.0,0.09727658868915603,0.027490803987150463,0.1924022011329084,0.4635784781156541,0.49884865514594556,0.4575537136246625,0.30203397796416037,0.9556330014642803,0.22751387937284265,0.32902736551279127
592,26.64,0.49425584999569966,2.693079624250775,1.1930582206247948,3.5,0.9005605375906304,1.0,0.09762223312560303,0.027474107222622998,0.19236777301893618,0.46443056615311795,0.4993702915545193,0.45761564065380755,0.30131335214631777,0.9555284174029244,0.22744984776783383,0.3290324808530696
593,26.685,0.493480560165724,2.688638251785245,1.1936560981757673,3.5,0.9008562407255242,1.0,0.09796269731640567,0.027460101005862922,0.19233206843070097,0.46492987315188467,0.4996236024043058,0.4577173147025083,0.3006903576759507,0.9552579873144438,0.22728369421806469,0.3289532545941981
594,26.73,0.49270006918560255,2.6861731733199385,1.1942349967204655,3.5,0.9011565833711397,1.0,0.09829928729584055,0.027440142696048084,0.19229501529193496,0.4650898428376316,0.4998688098083863,0.4571051674398097,0.299749436426538,0.9550773875755635,0.22715087666404765,0.32887811779587656
595,26.775,0.49190569368381254,2.681617315775494,1.1948381161153008,3.5,0.9014522880582672,1.0,0.0986377385805473,0.02741636288826641,0.19225660048274693,0.4647838580140156,0.49965356954738316,0.45644301357960426,0.29877116616957317,0.954888805637023,0.2270901525404483,0.3286128854303731
596,26.82,0.4910972589782457,2.6770080777806937,1.1954507078871703,3.5,0.9017418061765737,1.0,0.09897523517727431,0.02739031368682838,0.19221680972798894,0.46430542178731543,0.4992514745975116,0.4560294558341658,0.2981406378495523,0.9544491870130658,0.22707279925820587,0.32808837130141183
597,26.865,0.4902898534684752,2.6733993886276424,1.1960391420461196,3.5,0.9020365564120895,1.0,0.09930945996201081,0.027358742166330694,0.19217565075405268,0.46377875396336055,0.49857927118732986,0.45533267628019436,0.29687949964427085,0.9543072876220545,0.22705335219459064,0.32761284014889774
598,26.91,0.4894744715338565,2.6686807689560204,1.1966563999818056,3.5,0.9023239813628595,1.0,0.09963812389535101,0.02732929042910698,0.19213316154364896,0.46373948025838124,0.4984599316598538,0.4554385881105629,0.2964135901207989,0.9544468565534233,0.22706252340268876,0.3271628680282492
599,26.955,0.4886491264622745,2.6639098989467445,1.1972694116711948,3.5,0.9026115615240679,1.0,0.09996863831411064,0.0273136224157973,0.19208931347184574,0.4636311380260773,0.4984009517569431,0.45592884663598504,0.2969771873215203,0.9545978759433645,0.22713586772513086,0.32700680846607727
600,27.0,0.48781324068461984,2.6590366349543486,1.197908155896086,3.5,0.9028999035052387,1.0,0.10029908494426773,0.027301062698097615,0.1920441047303888,0.46384939894655586,0.4983823124147197,0.4574645862350714,0.2983655753733262,0.9545314758136942,0.22722788747335423,0.326900826097061
601,27.044999999999998,0.486981296763446,2.6541469872780357,1.1985434986226111,3.5,0.9031840918949793,1.0,0.10062969993110893,0.027288328040836193,0.1919976205910014,0.463950985386702,0.49860426302113087,0.45735020753254996,0.2985047753864258,0.9548191324323428,0.2274044333435004,0.3269327586740435
602,27.09,0.4861448530263148,2.6495663425924474,1.199169023371349,3.5,0.9034653149034384,1.0,0.10095812736563733,0.027275113814202227,0.19194981298327116,0.4636570980898716,0.4985167159897989,0.45632928651770255,0.2981987121919947,0.9549899954613921,0.22752769544876428,0.3270932865231956
603,27.134999999999998,0.4852917263397352,2.6445852923409956,1.199756002806214,3.5,0.9037425860508554,1.0,0.10128949949135427,0.027260562953410887,0.1919006486804862,0.4630490125401527,0.49810219861001137,0.4550907909814146,0.29710282348596184,0.9551181514179321,0.2275485436865419,0.3272617703343568
604,27.18,0.484429318201045,2.639552275349216,1.2003670077230384,3.5,0.9040189999064179,1.0,0.10162768799180559,0.02725158822532703,0.1918502282233368,0.46306059268080396,0.4978593386886623,0.455240293085881,0.29753539617191765,0.955160352565019,0.22759023169315762,0.327299533087881
605,27.224999999999998,0.48355922640101257,2.6344673147800295,1.2009571610322234,3.5,0.9042929617676936,1.0,0.10196940743001635,0.02725985713335135,0.19179855821196157,0.46303586568319416,0.4980890719920001,0.4559632611921237,0.2986562193211411,0.9552629640913112,0.2275872839605878,0.3274732953211476
606,27.27,0.4826834210811358,2.629330477642962,1.20152547116573,3.5,0.9045661181008616,1.0,0.1023119726762087,0.02727097439342478,0.1917455934196844,0.46319869106734113,0.49832140935505187,0.4570987626268501,0.29990370817116807,0.9552245174142601,0.22771794183586688,0.32764332801546603
607,27.314999999999998,0.4818059354640404,2.624092763577118,1.2021118771979913,3.5,0.9048394829442993,1.0,0.10265607022235317,0.027275410900071163,0.19169133334298402,0.46269944953945136,0.49823787132472414,0.45705111646309793,0.29985736927114337,0.9551079507722199,0.2276561961579418,0.327692086007501
608,27.36,0.4809099243477246,2.620703883863707,1.202679221102277,3.5,0.905116137580558,1.0,0.10300253054883489,0.027276607554291996,0.19163572795150802,0.46223314285188316,0.4981175512437044,0.45669400313595804,0.29962795013475735,0.9550028407862237,0.22761308812915534,0.3279172983480228
609,27.404999999999998,0.4800168158593929,2.6163858110861997,1.2032601967112868,3.5,0.9053866793714686,1.0,0.10335100934546428,0.02727589454702469,0.19157878710862625,0.4619443646728632,0.4981680013381776,0.4562838908522149,0.299173577149337,0.9548920019166951,0.2276123832476849,0.3281396975115739
610,27.45,0.4791091582079957,2.6110324715974924,1.203824291150173,3.5,0.9056622660089341,1.0,0.10370131336925924,0.027278266539821034,0.1915205755088316,0.46152968664823923,0.4981250652462944,0.45645560091433984,0.29933644726813186,0.9547251941282566,0.22761937670178445,0.3283587051539594
611,27.494999999999997,0.4781977842002629,2.6055791177100995,1.2043612974160827,3.5,0.9059318410077114,1.0,0.10404887143110411,0.027290194784671314,0.1914610706467886,0.46145108619608094,0.4980843977539284,0.4568431565582169,0.29994533912991606,0.9545933578525905,0.2275024003477759,0.32831575620598275
612,27.54,0.47727374184852045,2.6009717915562036,1.2048880707465184,3.5,0.90619789466256,1.0,0.10439284170617434,0.0272943620861168,0.19140019668678573,0.46119805039785283,0.4980316036104847,0.45661505324329776,0.3000426246796198,0.9544376729743423,0.2274237326283501,0.3283268245580555
613,27.584999999999997,0.47634478198287955,2.5948610819961595,1.2054170839263014,3.5,0.9064699351886177,1.0,0.10473490519421508,0.02730191998615503,0.19133796919707136,0.46120498209184857,0.49819557449822505,0.45627408050213925,0.30038943818285874,0.954226588296868,0.2273425193401901,0.3285922658559492
614,27.63,0.47540545973834925,2.588701696372405,1.2059314994208368,3.5,0.9067355279019884,1.0,0.10507350197086054,0.027315557629883636,0.1912743615887246,0.4611830803595967,0.49828939151258583,0.4562291480148095,0.30105220809353084,0.9538377456474882,0.2272450497284058,0.32873244895175857
615,27.675,0.4744658721660514,2.5823313759103548,1.2064498110821378,3.5,0.9069950118438346,1.0,0.10541458656483813,0.027331325482668683,0.1912094200817246,0.4606301775302481,0.49805421299356906,0.4559011296775413,0.3010591023932872,0.9537204138278113,0.227167137521654,0.3288988711720892
616,27.72,0.4735164240013038,2.5756721765878483,1.2069701185527693,3.5,0.9072569471432829,1.0,0.1057471726790847,0.027349165046944846,0.1911431046098868,0.4604335369638248,0.49787463524526665,0.45502396119133426,0.3005379822565566,0.9536151938916042,0.22712933279812655,0.3286456640258129
617,27.765,0.4725672256742222,2.5690101050037075,1.2074855253064196,3.5,0.9075225810510407,1.0,0.10608102391151289,0.02736514819468524,0.19107548202381347,0.4597075481868118,0.4974420639359991,0.45518571025975046,0.29977451324771753,0.9540803799653808,0.2271262661445533,0.3288347923854308
618,27.81,0.47160216495765495,2.561778120310603,1.2080030843852683,3.5,0.9077819466805187,1.0,0.10641509889694634,0.027371594627605588,0.19100652613253633,0.45956640783599084,0.49742900331781575,0.4546718312595099,0.2987795371821575,0.9543544796258351,0.22702637642233517,0.32882799228556214
619,27.855,0.4706395825867355,2.555419101494933,1.2084995842169424,3.5,0.9080372927670609,1.0,0.10674719252411063,0.027374395344407065,0.19093623470506738,0.4592208769004596,0.49733273142386186,0.4539904768834442,0.2976426948067377,0.9546598202983994,0.22695766515769777,0.32875961535248377
620,27.9,0.4696601763396116,2.5491262330808784,1.2089962063152324,3.5,0.9082965870116253,1.0,0.10708448061355012,0.02737799079808398,0.19086456805734753,0.4586574409677045,0.49696264645361266,0.4540321700005849,0.2975618382325185,0.9547466403923,0.22688244164982554,0.3287530262727183
621,27.945,0.4686711484515529,2.5428856611398025,1.2094756452446511,3.5,0.9085498362172143,1.0,0.1074157563346528,0.027366541142625243,0.19079152272705233,0.45798546957807273,0.4966436746778015,0.4530985346457737,0.29642469503215796,0.9549667141023527,0.22674910457319547,0.32894589090401216
622,27.99,0.4676685308502051,2.537053422472642,1.20993874769233,3.5,0.9088055422754011,1.0,0.10774511506131661,0.027351436205398722,0.19071707150792305,0.4574470954205437,0.49630215147500906,0.4529244901723221,0.2960154259191315,0.9551795124919983,0.22669082730389306,0.32912211942014113
623,28.035,0.46666808604526444,2.5311714018712563,1.2104244528131416,3.5,0.9090550828045479,1.0,0.10806318314670049,0.027330402299523368,0.1906412486429387,0.4568444103744624,0.4958982108813018,0.45189650335247367,0.29488020218521516,0.9553293170051146,0.22672159938890615,0.32940332765514274
624,28.08,0.46565534717340484,2.525239246184847,1.21088562945447,3.5,0.9093076370159531,1.0,0.10839440398882569,0.027312982822680205,0.19056400065756163,0.45657856095515087,0.49573820635253923,0.4514150638004861,0.29389757384002074,0.9557736546141863,0.22687272352054189,0.32973031170998757
625,28.125,0.4646360491060346,2.5192568299629183,1.211346802393889,3.5,0.9095541858396899,1.0,0.10872224166961394,0.027290632653412986,0.19048536835754099,0.4559907875506149,0.49552820994597385,0.45080317648425977,0.293284178650448,0.9560198193461,0.22703471458482974,0.3301253426679519
626,28.169999999999998,0.4636102483682148,2.5132241426095927,1.211772926249888,3.5,0.9098031158599273,1.0,0.10905310402312404,0.027269220172626944,0.19040532252034023,0.45571630077414377,0.4952046764557695,0.4501548512989037,0.29224817952522536,0.9562113092934491,0.22712250667200967,0.33013649854727933
627,28.215,0.4625722398506097,2.508311277831088,1.212213925010761,3.5,0.910050477056094,1.0,0.10938037696597201,0.02724644408593861,0.19032383122122545,0.4553592220127833,0.4949394469410467,0.4497808827891303,0.2917963045769843,0.9560385767453793,0.22720296428413775,0.3301904531455392
628,28.259999999999998,0.46153561602292126,2.5021719732185943,1.2126252912173636,3.5,0.9103001520175148,1.0,0.10970681832494991,0.027223048807332745,0.19024099397125735,0.4551288753735818,0.494744301197713,0.44920663809196026,0.291005043739187,0.9560091474571398,0.22735256447881094,0.3301179742515443
629,28.305,0.4604840589800164,2.495980862991322,1.2130703321070102,3.5,0.9105369870183051,1.0,0.11002855411180862,0.02719735196548923,0.19015676476440635,0.4551706517965291,0.4945008740813254,0.44927448827615685,0.2901446816036419,0.9564936022919346,0.22764950633452666,0.32996915744095756
630,28.349999999999998,0.45942168727377336,2.490022472967333,1.213505009714724,3.5,0.9107845935293906,1.0,0.11034070977111517,0.027169588186225956,0.19007112078535396,0.45553178736290467,0.4947795702524515,0.449071426933979,0.2893100726130808,0.9569034440181057,0.2278871436252651,0.33001170043591005
631,28.395,0.45835572114022377,2.4837254339971877,1.2139293176594024,3.5,0.9110270399259175,1.0,0.1106551907936368,0.027137393953601797,0.18998405466098892,0.45555885536603585,0.49481845269298524,0.44888356569613186,0.28911347482050864,0.9573575347050541,0.22815657136833334,0.33005226073314026
632,28.439999999999998,0.4572751783023002,2.4773751143383493,1.2143486666165817,3.5,0.9112676348304403,1.0,0.1109722091879379,0.027105820070686112,0.1898955526580656,0.4556545107924113,0.49468070983668194,0.44845266428683656,0.2891754037346238,0.9574262390792441,0.22828988019566207,0.3299823464116392
633,28.485,0.4561827588419518,2.470971019893341,1.214768434522269,3.5,0.9115031167599412,1.0,0.11128353468973749,0.027077050297242066,0.18980561120093928,0.45553374856052536,0.49451252503519433,0.4477198379520766,0.2888307749450801,0.9573911403174649,0.228444372349099,0.32994955877309573
634,28.529999999999998,0.45508648735830026,2.4645128535290044,1.215179851474211,3.5,0.9117400354223054,1.0,0.11158996612504002,0.0270500255903848,0.18971421585949738,0.4556264072312239,0.4945441622796549,0.44733477623508805,0.2889155995083103,0.9574368756393549,0.2285594706319324,0.32989780229457516
635,28.575,0.4539822022552461,2.4579998486462125,1.2155722239125104,3.5,0.9119715241583117,1.0,0.11189213224298736,0.027029769346488413,0.1896213198783889,0.4553741720596332,0.49429590272098106,0.44690509647937016,0.2895467534854091,0.9575010285029267,0.2286288464278242,0.329748407242085
636,28.619999999999997,0.4528650088621631,2.451431436761873,1.2159654734165268,3.5,0.9122095911845769,1.0,0.11219479229060043,0.027019635789233453,0.18952694076439822,0.45550298109370335,0.4943179899954161,0.4471501295286652,0.29113543044097623,0.9574382173533028,0.2286487934596997,0.3296279741721236
637,28.665,0.45174375262789135,2.4448070238323774,1.2163457083582634,3.5,0.9124372205190452,1.0,0.11249017011612487,0.027026330383440343,0.18943105512983524,0.4560436144793934,0.4947406651611696,0.44803474747541183,0.2923359326270372,0.957651836714323,0.228798068754321,0.32932468235195206
638,28.709999999999997,0.450611476167331,2.4381259898521517,1.2167133448963199,3.5,0.9126704141931505,1.0,0.11276435936784655,0.027030611704166256,0.18933368892119584,0.45649891798184067,0.4950801497090475,0.44767409797593616,0.2923681114669975,0.957505588815463,0.2288150141734614,0.32900644439775256
639,28.755,0.44946860648937254,2.4316374874091418,1.2170807008129707,3.5,0.9128997269407106,1.0,0.11302813943239491,0.027031016976255113,0.18923480841375034,0.4563198640900127,0.49487340509952976,0.4475557919720713,0.29228555650454024,0.9573769410849591,0.2287002193701215,0.3286315831880336
640,28.799999999999997,0.44831501861969925,2.4248406549287345,1.217443528484863,3.5,0.9131278584710237,1.0,0.11328666622859887,0.027039328287473664,0.18913438784750647,0.4565401445602572,0.4949505480320991,0.4479762926369825,0.2933010749773645,0.957391404823311,0.22858651941696934,0.32830577746667766
641,28.845,0.44715356174039306,2.418426195297699,1.2177734366610864,3.5,0.9133566367772795,1.0,0.11355055936534945,0.027056921686968313,0.189032374771581,0.45684677549275343,0.4952342169408676,0.448753086836888,0.29486051761129195,0.9574371299835199,0.22854926587977617,0.3281871764504106
642,28.89,0.4459793991963223,2.4113420005720725,1.2180835559852017,3.5,0.9135796430703289,1.0,0.11381148664750011,0.02708610787265133,0.18892875253050648,0.4565245092910586,0.49521395571234206,0.44997466139742526,0.29655251920962145,0.9574346804729786,0.2285849909070533,0.32835351082256475
643,28.935,0.4447962303421323,2.404617851080765,1.2183929674006904,3.5,0.9137993541313826,1.0,0.11408990260547625,0.027121412966481007,0.18882354598206233,0.45706918947322017,0.4954004850437706,0.4504684904532589,0.2975246579061059,0.9574576160841859,0.22862272518639212,0.32807430565923995
644,28.98,0.44360382698398954,2.39757981386635,1.2186928202827692,3.5,0.9140193019832861,1.0,0.11435120801147249,0.027158521295131664,0.18871676086424702,0.4573925869459238,0.495633605732377,0.45132682946862207,0.29823804676042337,0.9574832517116219,0.22871740370337895,0.32802739143470794
645,29.025,0.4424020762976943,2.3904800423646364,1.2190059558638764,3.5,0.9142400620396388,1.0,0.11461033977748554,0.027198849336098393,0.18860836774795448,0.45879697078781845,0.49649558024525275,0.45267171929748856,0.2993137931388954,0.9577334801501481,0.22895564356139408,0.32786966985701077
646,29.07,0.4411887775938427,2.383489515575676,1.219330568109214,3.5,0.9144576020370934,1.0,0.11488022268600455,0.027238351274058634,0.18849829172518842,0.459441837591347,0.49686980042576634,0.4539345335356008,0.2999954843273881,0.9579441149198368,0.22920501061998655,0.3278395863265528
647,29.115,0.4399614188424819,2.3762627740514723,1.2196386967488373,3.5,0.9146772448064757,1.0,0.11514615372927918,0.027280635539624322,0.18838653252524387,0.46003031097122915,0.4970033293145876,0.45504184812979853,0.301152101275575,0.9579991425386318,0.22930056500366125,0.3276121111845093
648,29.16,0.4387226419045582,2.36880889460708,1.2199463370747394,3.5,0.9148952386480929,1.0,0.1154103104345753,0.027318328810863136,0.18827307584036515,0.46027043454379907,0.4970443977272392,0.45493886841035286,0.3010750994410943,0.9578038537706811,0.22933956610380482,0.3276137765188106
649,29.205,0.43747254902716887,2.3614528980025855,1.220211904820415,3.5,0.9151133657309642,1.0,0.11566598010846227,0.02735267633428206,0.18815793436070777,0.4605987360155279,0.4970710609386869,0.4551853633423494,0.3012091835694898,0.9577044416421203,0.2293949884586517,0.3275819788158865
650,29.25,0.4362140126695418,2.3540306801888033,1.2204827568249648,3.5,0.915326564069182,1.0,0.11592048491117797,0.02737266988037138,0.1880411168282458,0.4605981719989171,0.4969785280439121,0.45468797783844717,0.3005426679947366,0.9575442251256949,0.22943808456292203,0.3274331032872499
651,29.294999999999998,0.4349420351563651,2.3465412345509433,1.2207546932703073,3.5,0.9155490839948301,1.0,0.11616253622645223,0.02738676022780204,0.18792256098814686,0.4608693480998473,0.49679229948263565,0.45508242151260486,0.3010257250142585,0.9571743394274813,0.22947314244085676,0.32672600825822845
652,29.34,0.4336580966850483,2.338983538687314,1.220994416400943,3.5,0.9157588011707621,1.0,0.1163979795428864,0.027391725827352335,0.1878022097163605,0.46009206629460286,0.4963718852567776,0.4544534125618905,0.30006092515059296,0.9569685329162113,0.22948566719137328,0.32621869204424864
653,29.384999999999998,0.43236240262602654,2.331356539144419,1.2212344884544697,3.5,0.9159749475860597,1.0,0.11661969945144002,0.027395717669601492,0.18768006855667413,0.45962075610008146,0.49592240296599605,0.45463773839223376,0.30021054745462417,0.9568733192919465,0.2294780098649405,0.32580217273951584
654,29.43,0.4310565501340292,2.323659151192182,1.221475689412752,3.5,0.9161868152846037,1.0,0.11683038485659071,0.027399571348668536,0.18755614746493582,0.45946406391318967,0.49592948899264666,0.45462176955267647,0.3003511971899486,0.9567079153271881,0.22954925876103782,0.32583249827578226
655,29.474999999999998,0.42973291330306634,2.315890458376794,1.2217230299592106,3.5,0.916395698705915,1.0,0.11705660658535862,0.027393224878669402,0.18743039582745014,0.45950524321052644,0.49594214663196057,0.4542006573582419,0.30002029000972813,0.9563538194541022,0.2295902263075023,0.3258665134037882
656,29.52,0.42839719731927456,2.308049111243158,1.2219837853538522,3.5,0.9166034126616069,1.0,0.11728435961858963,0.027379568119493696,0.18730279731622906,0.45950087583318955,0.495812806219274,0.45313138584444174,0.2984572476957712,0.9563911373977817,0.22963988411221625,0.3257976520975834
657,29.564999999999998,0.4270477860120107,2.3001339300236463,1.2222369969513642,3.5,0.9168167428779237,1.0,0.11750665097980681,0.027351045537223156,0.18717332893153846,0.45999397210052756,0.4957693243618841,0.4526719248882854,0.2962450298551213,0.9564595248647024,0.22962649114648034,0.32556738237155736
658,29.61,0.4256860430852064,2.292143790750801,1.2224540812934834,3.5,0.9170223217949234,1.0,0.11772607636064103,0.0273064476554649,0.18704199700978938,0.46024553899395737,0.4957268080480932,0.4517608082170094,0.29403361422309315,0.9566497693817017,0.22974906057519642,0.3254135167987569
659,29.654999999999998,0.42430816780627423,2.2841620019210227,1.2226543473712943,3.5,0.9172281396618281,1.0,0.11794536492756404,0.027252130172824632,0.18690876358847353,0.46027579539984487,0.49562434058778765,0.4507335733510958,0.2922444847838933,0.9568339370231415,0.22968443115953016,0.32525755369750214
660,29.7,0.4229180672952769,2.276122334957504,1.2228588532113418,3.5,0.9174288275657262,1.0,0.11816350955506859,0.02718340996848622,0.1867735903386331,0.46018806634811443,0.4950519097010877,0.44918146091248123,0.28911998595737826,0.9571036571127525,0.22965845473793545,0.32475444255398217
661,29.744999999999997,0.421511946569977,2.2680039905639338,1.2230523783518827,3.5,0.917631298341222,1.0,0.11837662131729944,0.02710789964339943,0.18663641598383096,0.4604707972340435,0.4949644650962329,0.44944273022987713,0.2883463185011904,0.9569803762762664,0.22959189028083368,0.3243013207245589
662,29.79,0.42009369941319835,2.259805592494061,1.223226347249473,3.5,0.9178276943121049,1.0,0.11858747332922907,0.027034468373360633,0.18649723280560285,0.46042494414361923,0.4950576363992057,0.44935345056919557,0.28771929838005206,0.9570410640737793,0.22952634257106724,0.32401488747833695
663,29.834999999999997,0.41866129718446005,2.2515257323101086,1.223394675650295,3.5,0.9180289682081243,1.0,0.11878951299698803,0.02696656249494931,0.1863559570890193,0.4603926850504234,0.4951202052320116,0.44859549431436185,0.28655495506338025,0.9571664754364902,0.2294881197421268,0.3237865016206014
664,29.88,0.41721335546246235,2.243162969457105,1.2235230708831946,3.5,0.9182222497705832,1.0,0.11898295081299491,0.02689083116641356,0.186212573835979,0.46042849235352123,0.4951977098256927,0.4471362803855508,0.28474919939134896,0.9575334973061804,0.22937450062239875,0.3234879872351315
665,29.924999999999997,0.4157492373809578,2.234842908242626,1.2236487300053054,3.5,0.9184148787401077,1.0,0.11917278419817708,0.026805072799633976,0.18606704660181386,0.46041266592843444,0.49505880579978223,0.44560189156907587,0.28287958656239054,0.9573694758735694,0.2289900113172629,0.32300346441553673
666,29.97,0.4142699728679879,2.22630930757732,1.223783616615081,3.5,0.9186103247088001,1.0,0.11936296682149732,0.026720155911496672,0.1859193725403639,0.460301581128191,0.49483295049333037,0.44476433904388085,0.2817957787920726,0.9572350018946031,0.22853652801952434,0.32237329400115783
667,30.015,0.4127772407374965,2.2176882875102786,1.223903974638924,3.5,0.918800433861151,1.0,0.1195463744611829,0.02664748353194204,0.18576953673853142,0.46032283425726966,0.4948168117693749,0.4440321733166139,0.28130858135977943,0.9572534685840912,0.22817934310150928,0.32179940883956976
668,30.06,0.4112686376288256,2.208978280573794,1.224015889911165,3.5,0.918990742295404,1.0,0.1197296797972062,0.02658337069775896,0.1856174982205644,0.4599536306507548,0.4947747761354223,0.4438736256861548,0.2815990019962599,0.957252639219942,0.22798422187069814,0.3217539846869804
669,30.105,0.40974132156491144,2.2001776882548727,1.2241112168722388,3.5,0.9191850038213933,1.0,0.11991451411722588,0.02651429340047023,0.1854632131775101,0.4601518728703716,0.4948185861568864,0.44306597551832266,0.2802393273417456,0.9574457590622251,0.2277598187719039,0.321652560148885
670,30.15,0.4081963849803768,2.1914829708167423,1.2241815228007467,3.5,0.9193770866115512,1.0,0.12009622097312217,0.026446258138407844,0.18530663578182346,0.45934080691146095,0.49414622794736496,0.4426237717276215,0.27891472159015734,0.9574909107993819,0.2276619760683308,0.3215536248457749
671,30.195,0.40663223693673495,2.182495397035876,1.224233166934448,3.5,0.9195701357883207,1.0,0.12026949416535612,0.02638355436721278,0.1851477100916449,0.4591268300405566,0.49376625061733553,0.44245614419696266,0.2783398966675786,0.9572226580545304,0.22740985210949863,0.32115897486625233
672,30.24,0.40505023633473564,2.1734122064240644,1.2242738196020855,3.5,0.9197627283789945,1.0,0.12044013309971004,0.026329536874742217,0.18498639957590074,0.45885176745829936,0.4936129252961956,0.4419253385777103,0.277779502137026,0.9571035251586765,0.22717263612403787,0.3208066286802531
673,30.285,0.4034495638422501,2.1642317270023335,1.2243240991428472,3.5,0.9199520146056084,1.0,0.12060640122486528,0.02627492057954353,0.18482266987007168,0.45845397337110505,0.493368563591204,0.44134955677339366,0.2768765902236797,0.9569310542557394,0.2270404341300598,0.3205507188019261
674,30.33,0.40183163923408005,2.1549522117818403,1.2243330970688362,3.5,0.920144339229386,1.0,0.12076629121300782,0.026232929794635523,0.1846564884271791,0.4585805413103145,0.4934836868893271,0.4410341906963549,0.2772459123398083,0.9568772983282616,0.2269016240973493,0.3203220053588754
675,30.375,0.4001928526620059,2.1455718859649195,1.2243200643060796,3.5,0.9203339280911056,1.0,0.12092448887573373,0.026202565132742665,0.1844878030433037,0.4583618793170164,0.4935615037740507,0.4418982919815583,0.27926750724827976,0.9563357600222002,0.22693856566455206,0.320327183930385
676,30.419999999999998,0.3985382118094333,2.136088947740494,1.2242892394144,3.5,0.9205256526258344,1.0,0.12108042638903727,0.026182603969030778,0.18431651246261482,0.45840860641017667,0.49356093450572663,0.44258136862092634,0.2803284387720736,0.9564576994160635,0.2268778875786675,0.32008954722031074
677,30.465,0.39686251710944764,2.126501569162923,1.224256069464772,3.5,0.920712529212746,1.0,0.12123731305539438,0.02616525157352105,0.18414257596038452,0.45796436404696855,0.49340899165067,0.4422539437838995,0.2804074699615867,0.9564576745801946,0.22667919298453618,0.3199479315633619
678,30.509999999999998,0.39516688802931654,2.1168078971184863,1.224211226711326,3.5,0.9209038715210809,1.0,0.12138697581330282,0.026148003614678374,0.18396594324879265,0.45832368699830645,0.4933108329173681,0.4415175881981156,0.28019442276814405,0.9561484799950313,0.2263965053832194,0.3195532136383225
679,30.555,0.39344963743251327,2.1070437066644323,1.2241529814811687,3.5,0.9210940948399327,1.0,0.12153166552711077,0.02612732623093037,0.18378650154903012,0.4582032123788532,0.49284180071698785,0.43995273650008526,0.27888456441313325,0.9557962104988227,0.22601381913685628,0.31912732880739386
680,30.599999999999998,0.39171184578243745,2.0971974635687483,1.2240785244169492,3.5,0.9212798585794797,1.0,0.12167365276207993,0.026110167051753702,0.18360422875081692,0.45839385122104676,0.49275369721186746,0.43940174758959594,0.2786559175109275,0.9556092012447167,0.2257488483391892,0.3190153382945286
681,30.645,0.38995292052617825,2.087334479382132,1.2239945341573617,3.5,0.921461419257028,1.0,0.12180277590167525,0.026101056782993334,0.18341909130837117,0.45967608887638467,0.49331677780457833,0.44018827612766737,0.279377957779583,0.9556456222885396,0.22564016674636142,0.31896622769112215
682,30.689999999999998,0.3881707125764943,2.0772613490544107,1.2238649719614798,3.5,0.9216397407181168,1.0,0.12193045326727599,0.026098270090239902,0.18323099313080193,0.45978211658033996,0.4933633452764094,0.4401109718813181,0.27963531838908107,0.9556411131802073,0.22549668100945297,0.31901672877728815
683,30.735,0.3863673398463033,2.0670720358985055,1.2237216498487256,3.5,0.9218223395745587,1.0,0.12205936866663995,0.02609130573936092,0.18303988569392893,0.460209346659106,0.4936293711857314,0.43941040191645697,0.27928806736235395,0.9555885125272899,0.22538331941980427,0.3190285237220199
684,30.779999999999998,0.3845418303701163,2.05676453781335,1.2235944730126063,3.5,0.9219980511899502,1.0,0.12218747355088709,0.026085473721107342,0.18284573842299437,0.4607411186321336,0.4937167002257443,0.439795790782534,0.27951345483967144,0.9554273711808948,0.22527632882161394,0.3185198310713712
685,30.825,0.3826938762743285,2.0463368369505943,1.2234500492065177,3.5,0.9221776897514697,1.0,0.12231461709347449,0.02607762538534488,0.18264849276337813,0.4608336826580766,0.49395595254595404,0.4395327800252784,0.2793460328518353,0.955389933255243,0.22522876804493885,0.31857047956070667
686,30.869999999999997,0.38082323033031634,2.0357869015434327,1.2232986084767834,3.5,0.9223523690477192,1.0,0.12244724704139925,0.026070762119090846,0.1824480759395959,0.46116879688096823,0.4942707133846826,0.4404718352649115,0.27996236258077917,0.9552412365647517,0.22518924101981155,0.3188853150483264
687,30.915,0.37892846308356676,2.0251126878664345,1.2231149778079966,3.5,0.922529840012091,1.0,0.1225707066695962,0.02606588910408631,0.18224438346616267,0.4621990988319921,0.494945838425935,0.441310942160198,0.2805135404945559,0.9552700494945296,0.22514117859813448,0.31915407797692674
688,30.959999999999997,0.3770103939201974,2.0143121423316472,1.222901501162997,3.5,0.9227045627967512,1.0,0.12269811040441181,0.02605195802419149,0.1820373085491629,0.46310357439581556,0.49548156988752906,0.44072345365562776,0.27917296851402335,0.9554926958597867,0.22521859045309345,0.31921196964768483
689,31.005,0.37506705971765114,2.0033832037264157,1.2227016678419318,3.5,0.9228768105827396,1.0,0.12281053233807179,0.026045434456993456,0.1818267843704529,0.46435841449874504,0.49593078442003086,0.4419252145591612,0.2798866022986766,0.9554831063067051,0.22525256830386753,0.3187992513621743
690,31.049999999999997,0.3731002073911127,1.9923238055980306,1.2224716015091166,3.5,0.9230489302938824,1.0,0.122909307548491,0.02604745906871332,0.1816127602531162,0.46503634936279353,0.4965656829275442,0.4424998551883427,0.28076912236486506,0.9556143551370955,0.2255256998827472,0.3187762131980846
691,31.095,0.37110785805469293,1.9811318788203207,1.2222556429124267,3.5,0.9232204272748002,1.0,0.12303012344389343,0.026046727901588407,0.18139522114448817,0.46514557856290634,0.4968257193612527,0.443098709673658,0.2812066184271499,0.9555384399804313,0.22561182698379614,0.31913231217708027
692,31.14,0.3690887580028532,1.9698053542292635,1.2220272483214178,3.5,0.9233952614280049,1.0,0.12315286659897955,0.026032536886803504,0.18117411064056846,0.46490724873000894,0.49690566329414204,0.4432490470839197,0.280326433064558,0.955465734191169,0.22563219693398087,0.3194196250927818
693,31.185,0.3670448218420807,1.9584061911683501,1.2217669014302257,3.5,0.9235683623340276,1.0,0.12327295209580143,0.026018615920885686,0.18094937239696363,0.4650813326557635,0.49692118310668526,0.4434711314084492,0.2799359161912895,0.9555449585533196,0.22569023346192155,0.3191554628332955
694,31.23,0.3649739768428389,1.9471782096833483,1.2214858171849055,3.5,0.9237388110514209,1.0,0.12338544516938857,0.026003491022144113,0.18072090884329153,0.465685792738079,0.497408181600731,0.4431159890766476,0.2789820319698446,0.9558346012888566,0.22561137705981055,0.3189171487100222
695,31.275,0.3628761729331633,1.9358065515119642,1.2211945562807587,3.5,0.9239079484590621,1.0,0.12348531048278182,0.02598309067314044,0.180488648755589,0.46560460438967044,0.49733491863846313,0.44326624729043135,0.2786733484124207,0.9560824572790242,0.22560922419673968,0.318783772899086
696,31.32,0.36075236405019506,1.9242890369185683,1.220889552389841,3.5,0.9240756782451109,1.0,0.12357788676888895,0.02596318688853889,0.18025249918198558,0.4654681786182499,0.49686741827057535,0.44299595499866334,0.2782031394360359,0.9560992537307877,0.22559870386187791,0.3180948892593843
697,31.365,0.35860031088140587,1.9128516829906415,1.2205824965115268,3.5,0.9242445492044495,1.0,0.12367011578691256,0.02594724419346632,0.18001234334087388,0.46489658673429235,0.4965880751711675,0.4435132762025417,0.2786792646045826,0.9562150526628723,0.22567904992951052,0.3177979742933755
698,31.41,0.3564196480744175,1.9010344199833964,1.2202401666264227,3.5,0.924410591079235,1.0,0.12375188307631738,0.025937676765966772,0.17976811332746515,0.4650487055754361,0.4965882380914085,0.44416522848958495,0.2794960727350524,0.9564527600734698,0.2258568586651366,0.31755185253589197
699,31.455,0.3542107166976027,1.8890648495754327,1.2198685952466812,3.5,0.9245705559672651,1.0,0.12384218905621358,0.025924170930979814,0.17951975120294597,0.4642866568139556,0.49617908934964733,0.44403646762950755,0.2791767797714968,0.9565346157938395,0.22606690531670873,0.3176679527026786
700,31.5,0.35197245686872547,1.876940874435312,1.2194742912543832,3.5,0.9247324954186638,1.0,0.12393890068166773,0.025909316831831463,0.17926716018154043,0.4635302824387052,0.49551781598112316,0.4446298093566927,0.279114378347917,0.956264989114111,0.22612154104405666,0.3176926794387986
701,31.544999999999998,0.3497044534023246,1.864660428317053,1.2190364052716487,3.5,0.9248926817586124,1.0,0.12403267336106515,0.025887661081441755,0.1790102217401914,0.4630022729899419,0.4948511169973803,0.44503685740794696,0.2785655920857843,0.9561049312957751,0.22626148677513935,0.3177344066544191
702,31.59,0.3474062952227109,1.8522214806500803,1.2185708934595634,3.5,0.9250556580638403,1.0,0.12412744788074159,0.025855446009132553,0.17874881300651896,0.4620828877962277,0.4939818603617427,0.44438059578145744,0.27672657705213244,0.9559158148418415,0.22643584452986298,0.3177315778636803
703,31.634999999999998,0.34507877356850275,1.839622041346791,1.2180686713576634,3.5,0.9252152261580997,1.0,0.12422704067463329,0.025821870150942446,0.17848275367710034,0.46100395103616487,0.4932220720220994,0.4443629832174226,0.27583888785276267,0.955901687924852,0.22653963783062334,0.31769840672781724
704,31.68,0.3427195092229512,1.8268601658314885,1.2175591892615054,3.5,0.9253734487198831,1.0,0.12433163418872155,0.025785067434576602,0.17821189018781985,0.4605233428542333,0.49280086232893494,0.44410877760736717,0.2748210671382529,0.9559638030157398,0.22668301438627253,0.31768686738383345
705,31.724999999999998,0.34032913040504875,1.8139339602939875,1.2170044512281657,3.5,0.9255298672567314,1.0,0.12442124593248344,0.02574703499938135,0.17793600390527542,0.46038329389365873,0.4926006623760297,0.4439040651523798,0.27425660898848503,0.9560247384338898,0.22676292912395715,0.3175255101097093
706,31.77,0.33790731220584985,1.8008416021233382,1.2164158311005238,3.5,0.9256834976619506,1.0,0.12451438357509355,0.02571260286955481,0.17765499149893088,0.46016722443623165,0.49249661907964454,0.44345735495376404,0.27369060707776605,0.956108474575692,0.22686429875717942,0.31741988938782983
707,31.814999999999998,0.33545367686203165,1.7875813005209482,1.2158026177994488,3.5,0.9258378657508091,1.0,0.1245979009568281,0.025687465361772088,0.17736877183185712,0.4593936735095763,0.49219298431124114,0.4435866368810102,0.27352828925766903,0.9559193443985518,0.22685999829139453,0.3175568248295523
708,31.86,0.3329674560953853,1.7741513477769546,1.2151407211474414,3.5,0.9259911942808279,1.0,0.1246810820019082,0.0256753853214174,0.1770772572324588,0.4591192750040163,0.49224899627227614,0.4434792704615642,0.27444167972974187,0.9560436524739888,0.2270053987326465,0.3176037879834038
709,31.904999999999998,0.3304481333151841,1.7605501481938723,1.2144418230764669,3.5,0.9261463121100041,1.0,0.12477132394044661,0.025665728876367082,0.1767803258600493,0.4585752369953178,0.4923412965645495,0.44262650500438705,0.27449505349430364,0.9558285659333732,0.22704549436122234,0.31794736428379067
710,31.95,0.3278965456486324,1.7467761099930155,1.213718476390036,3.5,0.9263012347745349,1.0,0.12485814638153642,0.025661001669484953,0.1764779024917976,0.45830794680729736,0.4921934613062577,0.4424490056090004,0.2752581760511162,0.9558450545077263,0.2270354257909611,0.31814698720851575
711,31.994999999999997,0.3253108060923386,1.7328277671344203,1.2129621059187023,3.5,0.9264521102746434,1.0,0.12495444368053511,0.025663157111655416,0.17616990418340087,0.4577080708999168,0.49215522840017456,0.4423995141354925,0.27656970207692844,0.955704353618144,0.22704974231991892,0.31854811281991874
712,32.04,0.3226916728399538,1.7188471616582774,1.2121448910116461,3.5,0.9265970357612401,1.0,0.12505985375076387,0.025669274472116883,0.17585622759763836,0.4572301725048942,0.4920916409636057,0.4425529464310397,0.27722743527563476,0.9555111198654038,0.2269695516131427,0.31873552152820145
713,32.085,0.3200390912995554,1.7047625628914882,1.2112895880673484,3.5,0.9267485960902418,1.0,0.12516716198620156,0.02568270584869689,0.17553674918253576,0.4571315826777847,0.4922188270765813,0.4434235759362707,0.2780748204147416,0.9554378425042099,0.22699870175696324,0.31888113475549945
714,32.129999999999995,0.31735236746535755,1.6904967138875275,1.2103941089564987,3.5,0.9268986233752519,1.0,0.12527408434810844,0.025708291135047405,0.1752113250932117,0.4579632837867534,0.4927875697129834,0.44387195707518,0.2787872988267632,0.955534336501045,0.22700690941176313,0.3188719637362959
715,32.175,0.31463123351181516,1.6760485076143792,1.2094519631940779,3.5,0.9270504477040701,1.0,0.12538736152391164,0.025731714092848555,0.17487980027320782,0.4574017323231093,0.49295469328822056,0.4438015519126115,0.27871445107942716,0.9558127661495067,0.22697218493126448,0.3193093622829243
716,32.22,0.3118750648086785,1.6614168896070418,1.2084705665916993,3.5,0.9271932470011196,1.0,0.12549976500618418,0.025753618037233566,0.17454201568642247,0.45737887596671745,0.493388402057825,0.4443990555708767,0.27910463384818773,0.9560787875972789,0.22708158757826985,0.31974498861822503
717,32.265,0.3090843824377675,1.6466009726745516,1.2074446678298045,3.5,0.9273376149133367,1.0,0.12560769324240076,0.02577638065009444,0.1741977396070748,0.45748243830671964,0.4935801314113608,0.44440380420039444,0.2791945201219443,0.9561253856652236,0.2271881288643445,0.3198208322285443
718,32.31,0.30625856586222105,1.6316000093921765,1.2063581234438296,3.5,0.9274803127707151,1.0,0.12572017385899514,0.025796228718263807,0.17384680912073844,0.4572360347212596,0.4933758081665433,0.4443728756931809,0.2797690014712114,0.9559567228291221,0.22728973944650316,0.3196279243466376
719,32.355,0.3033978298437354,1.6164134005529753,1.2052272973947342,3.5,0.9276191013183395,1.0,0.1258398436310096,0.025817803581731028,0.17348899005383842,0.45663695565204515,0.49332044164592936,0.4431749550343784,0.27998226920850094,0.9559466004242381,0.2274062886494687,0.31974051103180445
720,32.4,0.30050269944050756,1.601040703803574,1.2040350433644083,3.5,0.9277630480505141,1.0,0.12595542127778292,0.0258403126736559,0.17312396481166833,0.4558735310594517,0.4928356283236018,0.44223495249762124,0.2802091014056741,0.9558963769944986,0.22745936130253233,0.31965874067596284
721,32.445,0.29757220321648625,1.5854816424436475,1.202775123718145,3.5,0.9279053066632686,1.0,0.12606292064829366,0.025853079283925946,0.1727514987716604,0.4549656308867708,0.49229830394584817,0.4418710088930025,0.28004715181400497,0.9558925240528137,0.2275858276200422,0.31959710338977115
722,32.49,0.29460660346143797,1.5696840995432224,1.2014501987524218,3.5,0.9280454838676506,1.0,0.1261608861987404,0.02585326802352773,0.17237145885778363,0.4550413788819592,0.49221596208538215,0.44102717475859665,0.2795003250995526,0.9557453475594442,0.22762961771829235,0.3195675632437302
723,32.535,0.29160567001115995,1.5537009716680756,1.200078746488295,3.5,0.9281839967621606,1.0,0.12625823178551973,0.02584702139001137,0.17198372992601835,0.45479164306713943,0.49162564326785324,0.4403671659505714,0.2791415758071834,0.9555403717823204,0.2276754797123463,0.3193671774012888
724,32.58,0.2885715415321745,1.537583970827221,1.1986568390457266,3.5,0.9283181068722822,1.0,0.12635368326782015,0.025839855871949032,0.17158813555383823,0.4539103180552661,0.4909321679402346,0.4403456418772043,0.2786571439960519,0.9555707977964883,0.22775290766600828,0.31951953230461155
725,32.625,0.28550232756321137,1.5212813202090931,1.1971723106539927,3.5,0.9284553193438889,1.0,0.12645432840510637,0.025830496607074288,0.1711844967550922,0.4535420403724068,0.49050581677594046,0.44074782692892633,0.2786349478066708,0.9556361794365607,0.2277761673183893,0.319523224276692
726,32.67,0.2823984415008868,1.5047937092961448,1.195640766188045,3.5,0.9285892423244997,1.0,0.12655674377141105,0.025817609713497898,0.1707726329261567,0.45346607155330676,0.48997905623760746,0.4408484073879661,0.27838153357081286,0.955573157870155,0.22773691574416613,0.31915610574571934
727,32.714999999999996,0.2792600317806096,1.4881013112898172,1.1940485969752515,3.5,0.9287192779858948,1.0,0.12665680444143254,0.025796850860876224,0.17035231331495587,0.4521696172017037,0.4890704020087354,0.4402484441616995,0.2775976877103839,0.9553609596593586,0.2277158906883569,0.3192833660633552
728,32.76,0.27608840271125396,1.4712469970313617,1.1923970963007378,3.5,0.9288507174904767,1.0,0.1267529185824436,0.0257771250209773,0.1699232425788198,0.45095574863345556,0.4880679495113119,0.4396830925978258,0.2759089503597581,0.9560341987663799,0.2277063811170484,0.3192631321046974
729,32.805,0.27288288870886124,1.4542111575419046,1.1906636225700915,3.5,0.928981793641878,1.0,0.12684920979426836,0.025751506812814753,0.16948496959791481,0.45079037529496363,0.48758520117805093,0.4387484752391483,0.2741520775830193,0.9563432116165639,0.22767673508477865,0.31904052442569464
730,32.85,0.269643948548874,1.4369954235857665,1.1888672280742285,3.5,0.9291151016303683,1.0,0.12694182382460895,0.02572640940103175,0.16903654365511672,0.45005124205704417,0.4867581852577941,0.4379075273762824,0.27328675047164525,0.9562408641541985,0.22762239995429506,0.31867159432882575
731,32.894999999999996,0.2663714252933049,1.4196016608778192,1.187017506110192,3.5,0.9292447662339535,1.0,0.12702998687142653,0.025695542617572096,0.16857638610821918,0.4492121998283028,0.48609256979962556,0.43704687162432604,0.27273045825249603,0.9562089276676111,0.22776172157528654,0.3185679339601375
732,32.94,0.2630668333310796,1.4020320280747265,1.1851183730612613,3.5,0.9293734101181519,1.0,0.1271016899205763,0.02566421889314795,0.16810200321762625,0.44951454863175183,0.48599499433286836,0.43669224725062483,0.27257085960278743,0.9561492132165751,0.22783281762886848,0.31806131233570656
733,32.985,0.2597293385867026,1.3842154198843528,1.1831258257239357,3.5,0.9295007166489313,1.0,0.1271725573212867,0.02563317315173018,0.16760929706396333,0.44979715808513515,0.48594119335503194,0.43642439617590906,0.2726995564640772,0.9559176111730346,0.22792618170476028,0.31767317133257633
734,33.03,0.2563601333202182,1.3663718018748423,1.1810554697843763,3.5,0.9296279933604293,1.0,0.1272413723215736,0.025597646068945268,0.16709288741857078,0.44963667808893165,0.4857960655203724,0.4361881703033117,0.2722036941862452,0.9557375633863402,0.227990600864671,0.31732584538065844
735,33.074999999999996,0.2529596479736661,1.3483587715261534,1.1789047986804575,3.5,0.9297544138379217,1.0,0.12730035916237756,0.02555589835067344,0.16654764827635407,0.4492752547298611,0.48546642729503237,0.4359877148902193,0.27169738141957206,0.9554726854633918,0.22805826922362152,0.31684361384235965
736,33.12,0.24952843695933444,1.330179616196448,1.1766827024118933,3.5,0.9298763576597279,1.0,0.12735459713034578,0.02551213778941711,0.16596932981755597,0.4484852208280367,0.4849465603551943,0.4356841459056695,0.271346232272622,0.955099342866763,0.22808173301613086,0.3165369528750796
737,33.165,0.24606740052592235,1.311837935201055,1.1743834978591916,3.5,0.9299971324198982,1.0,0.12740525767184188,0.025475591795610736,0.16535292428292234,0.4475138442380179,0.48436490047285813,0.4357053580325846,0.2718323170472608,0.954852274031177,0.2281351056875486,0.3165489857942975
738,33.21,0.24257734896147498,1.2933376726656285,1.1719991168843662,3.5,0.9301174629066121,1.0,0.12744838224834548,0.02544210652637376,0.1646925833553959,0.4469276177493337,0.4837250715902984,0.4359069125673257,0.2730897462417212,0.9543975414437773,0.22807838731459612,0.31647775546942614
739,33.254999999999995,0.2390587230972497,1.2746830734172587,1.1694994985077896,3.5,0.9302351865423822,1.0,0.12750095247519175,0.025413221234513804,0.1639875265244552,0.4461368021627815,0.48321621410706794,0.43537442280530314,0.2732180783340498,0.9541466658929971,0.22819191825218488,0.316737411245235
740,33.3,0.23551324542426177,1.2558787160193674,1.166887804443256,3.5,0.9303510192116888,1.0,0.12755645571452373,0.025388066970888978,0.16323822774308983,0.44543440814776547,0.4829612656348477,0.4357423112250831,0.27407603846126766,0.9538316246124604,0.22829305995453325,0.317163853923975
741,33.345,0.23194060615180914,1.2369295190194087,1.1641282875268322,3.5,0.9304696060500144,1.0,0.1276198875929611,0.025361177705399217,0.1624451714461187,0.44488562705625045,0.48261820779381537,0.4353033199029903,0.2736357230884541,0.95360506775021,0.2283313389115079,0.31738917681497186
742,33.39,0.22834256526019775,1.2178407465503704,1.1612357705338616,3.5,0.9305905864626709,1.0,0.12767760828108052,0.025335729361913476,0.16160890557437074,0.44440396483134237,0.482285485998772,0.4355255792112543,0.2733099187282392,0.9533965154683592,0.22831121752634165,0.31735379877507797
743,33.435,0.2247194845606703,1.1986180132677036,1.1581764858310022,3.5,0.9307078314414607,1.0,0.12773103628620716,0.025312017075806607,0.1607299677015921,0.44389639248003976,0.48202801258924616,0.4361736369925738,0.2732631638196958,0.953377814916192,0.22837211239872499,0.3173311857350998
744,33.48,0.22107313743725418,1.1792672885299036,1.1549548540002825,3.5,0.9308237539903004,1.0,0.12777946179367536,0.025284329543767775,0.15980890992247973,0.4429033066383899,0.4814992694618216,0.4365827997456494,0.27261615803992795,0.9533588634362862,0.22854015012359832,0.3174319144561689
745,33.525,0.21740437640659885,1.1597948998117074,1.1515782721147123,3.5,0.9309399579950363,1.0,0.12783276579509462,0.02524635559571571,0.1588462852144887,0.4426800854236717,0.4811800913418114,0.43612010632614767,0.2711620521160384,0.9533758104220617,0.2285898823380438,0.31735107987262823
746,33.57,0.21371436567440352,1.140207535203138,1.1480455436137995,3.5,0.9310625294347888,1.0,0.1278917621162308,0.025184433706781296,0.1578426392256002,0.4423071774784976,0.4803493657991538,0.4345690915703825,0.26857232645991785,0.9532058177609516,0.22850611682308022,0.3169198170330013
747,33.615,0.21000470652517894,1.1205122449836638,1.1443672479895128,3.5,0.9311717729605844,1.0,0.12794812642488446,0.025115213212625234,0.15679857408297004,0.44170518871586123,0.47967594414626985,0.4341248612323417,0.2671947875819615,0.953199243686573,0.22851134826072544,0.3165309172231014
748,33.66,0.20627694424247736,1.1007164421918705,1.1405255314723162,3.5,0.9312862663657405,1.0,0.12799315052137297,0.025044811300088704,0.1557148098165416,0.4407587100318571,0.4787389085044642,0.43399545371426873,0.26685936881497885,0.9531092665349926,0.22848580351246003,0.31598038560746716
749,33.705,0.20253274701958562,1.080827902125525,1.1365370413634106,3.5,0.9313971594635285,1.0,0.12803057844413804,0.024973689437753917,0.154591947071399,0.440198212461178,0.47777801862045616,0.4334801686858353,0.26563623676253023,0.9529185488839236,0.22847676155368665,0.31528314225759924
750,33.75,0.19877315713498975,1.0609070588185372,1.1323867445167406,3.5,0.9315083995662198,1.0,0.12806743860736813,0.0249024305806354,0.15343075568121126,0.43968131621838563,0.4768149617931789,0.4327455096138245,0.2644127023903016,0.9529397836780052,0.2285015106191465,0.31480460022643975
751,33.795,0.19499968169155965,1.0409099593181415,1.1280710468973547,3.5,0.9316190592168796,1.0,0.12810211619908607,0.02482406067999377,0.15223198774542573,0.43969406244815107,0.4763278174269514,0.43212472782539124,0.26346474202357106,0.9529228675240514,0.22843970454547607,0.314492767951306
752,33.839999999999996,0.19121455053636754,1.0208435691568274,1.1235848043537737,3.5,0.9317271635281217,1.0,0.12812736933901653,0.02475728314118446,0.15099639621264593,0.43975071499529084,0.47599793609940133,0.4326258218183896,0.2641978342968639,0.9528724935592868,0.22837641354445523,0.3141250541452023
753,33.885,0.18741913897082654,1.0007170716870073,1.11892605414086,3.5,0.9318358923514192,1.0,0.12815594667167013,0.024704368972929224,0.1497247742013408,0.43941076429699594,0.47566107539608615,0.4338722180649052,0.2653864760939724,0.9527812053495662,0.22834123424884106,0.3140622652949378
754,33.93,0.18361556100524537,0.9805399939222792,1.1141025657850847,3.5,0.931943096610408,1.0,0.1281784599854074,0.024659490604382567,0.1484179624878682,0.4388902539504163,0.4752101361301691,0.435146217359082,0.26699629758086074,0.952810886278938,0.22830426438891172,0.3136075809555243
755,33.975,0.17980533935436152,0.9603221984312885,1.1091279524954765,3.5,0.9320457664264488,1.0,0.12820284769569146,0.024622874852953062,0.14707684240606722,0.4378437143957289,0.4748735961978701,0.4352843437227057,0.26755976019657557,0.9530405686603384,0.2283481734281095,0.3135126584385107
756,34.019999999999996,0.17599035729056176,0.9400738737611631,1.1039968980123946,3.5,0.932158060619681,1.0,0.1282244586653862,0.024595573622647627,0.14570235725614086,0.43770743933101536,0.4745256024219114,0.4355726865036583,0.268546569153635,0.9528012370167458,0.22834323429982598,0.3129178421018616
757,34.065,0.17217265115923683,0.9198055233488516,1.0986930710058609,3.5,0.9322611347575822,1.0,0.12823978608187683,0.024571749962316123,0.14429541771851476,0.437293534065238,0.47418306730209775,0.4350187390608583,0.2690066715292047,0.9526996265867383,0.22841118582003947,0.312311561780789
758,34.11,0.16835324097025098,0.8995279528846594,1.0932165008684989,3.5,0.9323629967490266,1.0,0.12825153950289137,0.024540952664840573,0.14285696862686312,0.4368294326315718,0.47373898329427155,0.43384309389321934,0.2678658141578515,0.9530319248503758,0.22845381786825758,0.3119085480103224
759,34.155,0.16453529209961779,0.8792522560988536,1.0875746451441626,3.5,0.9324694120423702,1.0,0.1282495265493102,0.02451469913063629,0.14138798792569177,0.437231970671536,0.47372239163946317,0.43395206315395046,0.26855038923240326,0.9531601880464002,0.22841510543181273,0.31123622118158484
760,34.199999999999996,0.16072080575437805,0.8589897989496258,1.0817582828166337,3.5,0.9325723983805722,1.0,0.12823894360546345,0.02449745163622895,0.13988960727062696,0.4372222404300818,0.47378018995109394,0.43445697774897546,0.2698933300004637,0.9532806714160256,0.22847599566652785,0.3106738563708029
761,34.245,0.1569112626768109,0.8387522021987729,1.0757766019021548,3.5,0.9326739160447284,1.0,0.12822375124524008,0.024486970391685542,0.13836291934599207,0.43791391771693733,0.47434219742275446,0.434655811359542,0.27122211771305177,0.9531987687664224,0.2284152936089112,0.3101162054597109
762,34.29,0.15310838397840074,0.8185513223702374,1.0696302182918818,3.5,0.9327747522477952,1.0,0.1282041154851808,0.02447880695517003,0.13680903651527462,0.4381780053534489,0.47463140184244235,0.4338735467013305,0.27119897462666953,0.9534178018370166,0.2283842920842205,0.3095954661491072
763,34.335,0.14931503175562053,0.7983992310961103,1.0633195596721638,3.5,0.9328799884902318,1.0,0.12817642385918196,0.02446808400147481,0.13522898468731595,0.4380085110799983,0.4747243219595661,0.4331423681016188,0.2713906994337231,0.9533297778948925,0.22838804957275813,0.3092336397556969
764,34.379999999999995,0.14553199856772195,0.778308192864803,1.0568285142664342,3.5,0.9329774988687712,1.0,0.12813739560693999,0.024461685583277614,0.13362398684482618,0.4381413925768319,0.47495343156865316,0.4330606944040327,0.27225139262897907,0.9531116386315658,0.22835662419798836,0.30869772099828796
765,34.425,0.1417620680804964,0.7582906411968068,1.0501844014086223,3.5,0.9330743097158003,1.0,0.12809125004608776,0.024451631195159,0.13199544931043794,0.4381347197978562,0.47518381416500166,0.4329208289563172,0.27204025912853547,0.9532989814137026,0.22845684486858597,0.3082212687107988
766,34.47,0.13800853212613814,0.738359153284716,1.0433800512578304,3.5,0.9331739432260786,1.0,0.12804217863138573,0.024449391068254403,0.13034474176553756,0.4384376094906427,0.47562217020262504,0.43395353989984015,0.2730458348253252,0.9535356423532316,0.22857762350072988,0.30779721572891455
767,34.515,0.1342707963240458,0.7185264231459392,1.0364183372092481,3.5,0.9332668960451344,1.0,0.12799028972359086,0.024443487811510296,0.1286729443301912,0.4386297244917307,0.47571674184542717,0.43357427760990275,0.2723757094669328,0.9537222036899876,0.22860604946067298,0.3072111974865461
768,34.56,0.13055475192905835,0.6988052333486828,1.0292941674109743,3.5,0.9333610285343504,1.0,0.12793425299427055,0.024432017016047775,0.12698137020769443,0.4390126146442691,0.47575272406751246,0.4336700413628457,0.2720409424061263,0.9537909119935736,0.2285759370289179,0.306502026788101
769,34.605,0.12685828280591052,0.6792084253895291,1.0220128934747663,3.5,0.9334561177179406,1.0,0.1278816919776298,0.02440631447874578,0.1252715390422623,0.43930222479566594,0.47556695535023097,0.4324769772660205,0.2696251434854953,0.9537206297306545,0.22850919890936722,0.30568061319581147
770,34.65,0.12318376536349228,0.6597488687869145,1.0145697125644477,3.5,0.9335477575896578,1.0,0.1278290204723447,0.024365438030366855,0.12354508735691846,0.43926415081873815,0.47550847863633405,0.431851591008712,0.26772105134940977,0.9539095412434805,0.22847725939168262,0.30517648718711987
771,34.695,0.1195347244108737,0.6404394290220464,1.0069616529465637,3.5,0.9336419113537632,1.0,0.1277730028826089,0.024320802728430378,0.12180348900554824,0.43911638700564215,0.47506893149388824,0.43127587921789806,0.26611429423854077,0.9539783159498768,0.22852381578092643,0.30463596359172196
772,34.74,0.11591307959332284,0.6212929344162952,0.999194606885804,3.5,0.9337280719129244,1.0,0.12771174473214092,0.024271414268403478,0.120048952010359,0.43889790237641646,0.47438860591261073,0.430669103217523,0.26450750171557313,0.9538289963747418,0.22856241841726846,0.3040650513072653
773,34.785,0.11232014312869168,0.6023221420749537,0.9912709802535105,3.5,0.9338173102811848,1.0,0.1276422636679498,0.024219043505195856,0.11828687406386135,0.4391121384291811,0.4739128452547504,0.43049488811210324,0.26335892645392495,0.9535817959377471,0.22862692481557256,0.30324753414815236
774,34.83,0.10876382361368438,0.5835397030339844,0.9831867060433692,3.5,0.9339053269519177,1.0,0.12757025711935713,0.024172039040482114,0.1165283353177983,0.4388721215488289,0.4736355053430347,0.4309044984011182,0.2627066215438578,0.9534746509630307,0.22875049138643233,0.30281150898226156
775,34.875,0.10523465336134129,0.564958126758414,0.9749503290927014,3.5,0.9339917567459881,1.0,0.12749764877716319,0.024126425979858958,0.11478367387244157,0.4391197545390736,0.47339606977643633,0.4316081992880288,0.2619196648368704,0.9536067446693327,0.22886535190137522,0.3023912365757225
776,34.92,0.10175388486991316,0.5465897451525287,0.9665660418692519,3.5,0.9340772724884444,1.0,0.12742465470366038,0.02408513258764323,0.11306191876435497,0.4393327007492908,0.4731999788467897,0.4320393476169812,0.26162556260929865,0.9535235571832713,0.22898263506255168,0.3018384665905624
777,34.964999999999996,0.0983128708348233,0.528446676252792,0.9580357770388565,3.5,0.9341637191804143,1.0,0.12734903864573088,0.024026053072045837,0.11136598998288962,0.439104748288112,0.4726081534961911,0.43090376799642144,0.2593511567010946,0.9532958019388286,0.22902291710346048,0.30125927722259954
778,35.01,0.09490791143856686,0.5105407877843235,0.9493594786194228,3.5,0.9342474045065818,1.0,0.12727493343252302,0.023955428257556435,0.1096955001331463,0.4387904120964604,0.47175172779080715,0.429037491262931,0.25705848965450473,0.9530964187918491,0.22909274668897153,0.3003931479953663
779,35.055,0.09155148624111399,0.4928836607706521,0.9405303020493173,3.5,0.9343268417425669,1.0,0.1271965211244858,0.023876421101042385,0.10805006763114909,0.438022607838,0.470885386661843,0.42800071361681186,0.2549906233820847,0.9528757132170623,0.22912256647786522,0.2995920505756578
780,35.1,0.08824573281556593,0.4754865533941608,0.931563438794036,3.5,0.9344047896072972,1.0,0.1271156888791049,0.023800257522520712,0.10642931661668185,0.4375372265309726,0.4698049929989644,0.4282959185553589,0.25392937749466865,0.9525984194114934,0.22911195566766202,0.29849280654022814
781,35.144999999999996,0.0849966918035967,0.45836036531101065,0.9224651903938353,3.5,0.9344872152391365,1.0,0.1270270085054019,0.023723901941435303,0.10483287686743163,0.43808243849006384,0.4696396564095611,0.4282145236924979,0.25277992948703343,0.952403068547819,0.229052051586954,0.29749201578838685
782,35.19,0.08180349372366183,0.44151560262921746,0.9132376788612384,3.5,0.9345698148956059,1.0,0.12693457590221524,0.02364267340780126,0.10326038371442015,0.4383304687370185,0.4693410700419025,0.4281949805908211,0.2514785152456183,0.9521525285215477,0.22899142927812643,0.29655565801240197
783,35.235,0.07867619827718551,0.4249623437618346,0.9038789982412148,3.5,0.9346509606313822,1.0,0.12684238582032512,0.023556502630653516,0.10171147795870385,0.43849809947383184,0.46915573419998813,0.4279787459930528,0.2505619033721973,0.9515171772970996,0.22879622077842962,0.2956500109055781
784,35.28,0.07561647908667107,0.40871020636873945,0.8944072421374054,3.5,0.9347312105657948,1.0,0.12675121279228652,0.023469015773359646,0.10018580578932329,0.43797245115685296,0.46833643884613774,0.42690476570507646,0.2490270597249782,0.9508721678632942,0.22863785561286448,0.29479150595041037
785,35.324999999999996,0.07261982712751422,0.3927683156002179,0.8848159111642441,3.5,0.9348083222281234,1.0,0.12666727724643487,0.023381138915526182,0.09868301870248344,0.4371630712611358,0.4674214416410526,0.4263412729197782,0.2479078017376283,0.9502126112426538,0.22834892435991697,0.29409562136345613
786,35.37,0.06968597087362859,0.3771452738533107,0.8751099300087066,3.5,0.9348876658809891,1.0,0.12658100889829657,0.023287428999084685,0.0972027734219462,0.43672919116457604,0.4665641091644824,0.42582555384343845,0.2468680408182859,0.949582171018077,0.22808327191299366,0.29329431966769787
787,35.415,0.06681185705237556,0.3618491322476466,0.8652924962408799,3.5,0.9349664731761274,1.0,0.12648659245742166,0.023194551854906292,0.09574473182061699,0.43636185441376113,0.46577881890299333,0.4255017686300002,0.2460492762921668,0.949187680398447,0.22786432875209678,0.2923992613079877
788,35.46,0.06400592218308422,0.3468873640212032,0.855366012492413,3.5,0.9350444799840444,1.0,0.12638408167842258,0.023111253189472224,0.09430856084330773,0.4359383427509783,0.46502336832868046,0.4256884843096065,0.24609942198902393,0.9487824215667416,0.22756505725293166,0.29156336003116284
789,35.504999999999995,0.06126431847299715,0.33226684003807466,0.8453443726582788,3.5,0.9351235996425649,1.0,0.1262840165124731,0.023041869497896845,0.09289393243065812,0.4354571580776768,0.4642246487744647,0.4266057863347592,0.2472884962844021,0.9483421942431335,0.22721234815465047,0.2905916442501557
790,35.55,0.05859088046357768,0.31799380658989895,0.8352262082222652,3.5,0.9351995984714078,1.0,0.12617621952528169,0.022975050171188633,0.09150052344419826,0.434582680396848,0.46307115153515593,0.42594537000218113,0.24730820905450604,0.9479825110096662,0.22683264668153627,0.2895054312686978
791,35.595,0.05598553229049907,0.3040738656601304,0.8250159944888945,3.5,0.9352723066822095,1.0,0.1260627210389711,0.02290862610279676,0.09012801559253529,0.4340540045913307,0.46216792443671634,0.42511495518927706,0.24605275468565452,0.9478116575272891,0.2265438442859524,0.2885180209489616
792,35.64,0.05344527451464264,0.29051195780590333,0.8147187384867454,3.5,0.9353479341404201,1.0,0.12594368660174576,0.022841451499270898,0.08877609535864724,0.43377346095093694,0.4615794573863862,0.4243398174275305,0.24532354124611885,0.9475029985602779,0.2263111580016215,0.28765204483868057
793,35.684999999999995,0.05097796286980658,0.27731744569716776,0.8043420834982111,3.5,0.9354200206140281,1.0,0.1258210628271492,0.022778114667692192,0.08744445392826752,0.43335799739046393,0.46092926930238776,0.42329212710193,0.24474635273725667,0.9471487452533639,0.225977040920574,0.286821476351276
794,35.73,0.04857672552755082,0.2644886710192947,0.793893282957503,3.5,0.9354884385226466,1.0,0.12570350341211284,0.02271868801780962,0.08613278711934352,0.432833558722499,0.46039841001421733,0.42234019918276233,0.24455778845390805,0.9471548366588021,0.22575015385474367,0.28621948261780955
795,35.775,0.04623697020322092,0.25202814544290597,0.7833749834212083,3.5,0.9355608701073175,1.0,0.12558781152913925,0.02265838141354626,0.08484079531255335,0.43191711435922003,0.45944499811625994,0.4197090583830817,0.24301700944763147,0.9472354414475185,0.2253572565531122,0.2855360209606483
796,35.82,0.04397514905692391,0.2399380734114117,0.7727908784798077,3.5,0.9356305076011728,1.0,0.12547511150990961,0.022595802075395858,0.08356818338286506,0.4304569683463736,0.4584963175238793,0.4177512892677595,0.24162220714771096,0.9472402450562754,0.22504446089784078,0.2849410141537914
797,35.865,0.04178219331223946,0.22821995588325716,0.7621492642045866,3.490740887300583,0.9357018181782163,1.0,0.1253629258633544,0.022528702291305457,0.08231466063212209,0.42990400578528126,0.4580983820672147,0.4164256441290537,0.24030924105114054,0.9470103043816077,0.2247599065243399,0.2843969387869647
798,35.91,0.03965966641985069,0.21687459106343598,0.7514547468694822,3.442437181929972,0.9357724249146373,1.0,0.12525141742706167,0.02245572209736599,0.08107994072264024,0.429364309228222,0.4576725283871529,0.41449348178865403,0.23782545639373795,0.9471649447228814,0.22445328692418046,0.2838722068487946
799,35.955,0.03761301442131676,0.2059020782905727,0.7407093144165744,3.397169995510179,0.9358421838736193,1.0,0.12514749094617458,0.022374192814936793,0.07986374161180065,0.42784088316853164,0.45695271725965386,0.4124389831800297,0.2354959772366544,0.9475243325739597,0.2241492986164953,0.2839378645383606
800,36.0,0.035629352418142836,0.19530182506815583,0.7299221960469136,3.374021585450953,0.935908185410079,1.0,0.12504870919024336,0.02229383412813889,0.07866578548762365,0.4274981652711792,0.4565285795368187,0.4113542759627191,0.23407539363908134,0.9476214245023531,0.22393805019632254,0.28383109708716814
801,36.045,0.033715819902394445,0.18507255719933946,0.7190989932707231,3.3538375551496205,0.9359787323498766,1.0,0.12495444479736081,0.022205392797540115,0.07748579870530928,0.4269153866783854,0.45605633826870434,0.41010371278997093,0.23231459311923486,0.9478965539839438,0.22377525200694948,0.28369084673055295
802,36.089999999999996,0.03187423996601415,0.175212331961096,0.7082454715894347,3.332800713753222,0.9360395894203469,1.0,0.12486616826777487,0.022115957548202368,0.07632351172472963,0.4263364347592557,0.45566380532520867,0.40908792741148253,0.23110328532578184,0.9478457933623353,0.22365898901996445,0.28369778775123694
803,36.135,0.030094256867061096,0.165718554228432,0.6973682250962582,3.309080111146954,0.9361051631623399,1.0,0.12478123240167763,0.022022008769787327,0.0751786590488587,0.42578539899865303,0.45511369429701953,0.40816681715714753,0.22947801204550142,0.9478099577774147,0.22352607317622963,0.2835066413185103
804,36.18,0.028389414047037258,0.15658799543919133,0.6864727792596673,3.2740256182470757,0.9361692503064629,1.0,0.12469945491974684,0.021928203362373125,0.07405097916312581,0.42509678009694973,0.4545148151478736,0.40757072356430435,0.22848814404221693,0.9475124358434386,0.22346239547500807,0.2833166496392425
805,36.225,0.026753096995812208,0.147816815259911,0.675564742456663,3.263428197668021,0.9362353399572734,1.0,0.12461871843176127,0.02183796499400188,0.07294021447567893,0.4241437523105804,0.4536218569476521,0.4066497124954673,0.22762911522808954,0.9473381180040087,0.2234152486039659,0.28296701757873005
806,36.269999999999996,0.025179225204516993,0.13940058579927112,0.6646479756169084,3.2402428201422864,0.9362953339153576,1.0,0.12453998118082128,0.02174222368890284,0.07184611125854375,0.42243350699103493,0.4522762742189754,0.40566840667523657,0.22601914600267117,0.9473530565953664,0.22329160638289489,0.2826986784579829
807,36.315,0.02367461646805826,0.1313343181917999,0.6537290955402322,3.226817038669262,0.9363597961871086,1.0,0.1244662704884194,0.021640178217872594,0.07076841958966558,0.42112224839909007,0.45122677460434185,0.40397505417551144,0.22368685473048477,0.9470104965515608,0.22308590005002116,0.28269870673524594
808,36.36,0.02223038115090283,0.12361249135662464,0.6428144820872871,3.2240179139479217,0.9364229702178318,1.0,0.12439886849737626,0.021528071569431147,0.0697068932958206,0.4199927323792754,0.4502424396033215,0.40221574103907526,0.2210212471749219,0.9469683829761666,0.22287140610598968,0.28282873183525403
809,36.405,0.020853832911996467,0.11622908272199195,0.6319087032034046,3.2186086033896437,0.9364859799042224,1.0,0.12433818147286242,0.021409914842990773,0.06866128989638329,0.41845571316833047,0.44889334048774465,0.40068874086080536,0.21895236349034827,0.9467823419055806,0.22269283599220932,0.28301706909121954
810,36.449999999999996,0.019536544762018423,0.10917760068937803,0.6210174774726304,3.2033531115541796,0.9365466141177199,1.0,0.12428501221152113,0.021293507947182495,0.06763137054793755,0.41697829911300033,0.44749700163550055,0.3992611466496552,0.21790298466245317,0.9465205464939904,0.22263802136623131,0.28330590118143884
811,36.495,0.018263580540945082,0.10245111859994394,0.6101490856024544,3.219912755701361,0.9366043854167585,1.0,0.12423419363056025,0.021171400658512328,0.06661689998971848,0.41600375208641166,0.44614732985285116,0.3974277745685051,0.2161945081380332,0.9462175446580033,0.2224801885317144,0.2831873693296248
812,36.54,0.01705272540867467,0.09604230995932933,0.5993074270002839,3.211630463871858,0.9366673012040181,1.0,0.12418687075585647,0.021051959818789327,0.0656176464898727,0.4143415431352188,0.444570832443784,0.39644711062814586,0.21553835731997656,0.9459087179329223,0.22224435480363144,0.28317635711895905
813,36.585,0.01590088481902469,0.08994348466819936,0.5884979435902157,3.202587355706347,0.9367253676869357,1.0,0.12414428738459507,0.020935198557706862,0.0646333817925246,0.41273366256674565,0.4431603720962177,0.39538578384117445,0.21468222853408345,0.9459439201130586,0.22206016427462846,0.2832940926620369
814,36.629999999999995,0.014815150696046511,0.08414662600270241,0.5777265323684978,3.175110178519236,0.9367860539957432,1.0,0.12410896318086527,0.020824462887187565,0.06366388106563672,0.4112982834895998,0.4421314191194546,0.394483421140797,0.21398156803737617,0.9459294588962888,0.2218660217756466,0.2836533072687884
815,36.675,0.01378175429459017,0.0786434280871372,0.5670000815464846,3.1520824375461425,0.9368428603108472,1.0,0.12407727222023887,0.02071795998991275,0.0627089228496522,0.41000936212053307,0.44087898196647834,0.3937729105675928,0.21348647953661393,0.9456803556555174,0.22150602364944055,0.28373294934873916
816,36.72,0.012816767997469896,0.07342533360647996,0.5563232163926523,3.1555624140351757,0.9368961932780322,1.0,0.12404845291197611,0.020608562455814283,0.06176828900690741,0.4084707279166946,0.4394302669547266,0.39192532880455017,0.21202127083167221,0.9450906900853184,0.22116494456235875,0.2837680998440463
817,36.765,0.011905683420251336,0.06848357150261157,0.5457037104211813,3.1350764677199843,0.9369557878172775,1.0,0.12401871772400198,0.020486630985674645,0.060841764671803786,0.40757651542594137,0.4381283483811626,0.3898751808481422,0.2095313339494875,0.9446420248668873,0.22083793858420975,0.2834935098028595
818,36.809999999999995,0.011041588320273066,0.06380919441300957,0.5351463427044855,3.1055971878704787,0.937010997491331,1.0,0.12398718825934421,0.020360930303189646,0.05992913820172673,0.406493129434045,0.4366363912970138,0.38915233598316834,0.208223851767743,0.943942979925861,0.2205160876754556,0.2831411199667252
819,36.855,0.010231140072819741,0.05939311561537318,0.5246558661614759,3.082949295131628,0.9370643974513709,1.0,0.1239517914575156,0.020237977690958163,0.059030201128700825,0.4051145248065898,0.43461573204526116,0.3887088438174606,0.2076403368833713,0.9430490236529291,0.22013938080521409,0.2825992046330223
820,36.9,0.0094653613842537,0.05522614525377335,0.5142371843822272,3.070794316841616,0.9371236601358456,1.0,0.12391497848772504,0.02011204145367404,0.05814474811177032,0.40367646845031374,0.4328978280102111,0.3876290171058906,0.20653030299850983,0.9421099973101241,0.21970940854854812,0.2822519802127598
821,36.945,0.008744449578395016,0.05129902563515169,0.5038951204143775,3.060822706539211,0.9371797241051028,1.0,0.12387642117360367,0.019985902818531683,0.057272576890093754,0.4022823819709123,0.43129419241961575,0.3863218821356776,0.2051040778419817,0.9414637646268291,0.2193320466562261,0.28187666605948486
822,36.99,0.008068602709156644,0.047602465400016655,0.49363296882298013,3.024409741915339,0.9372364631021705,1.0,0.12383847355007546,0.01986586799618947,0.05641348823674235,0.4005460274857195,0.42976700534002854,0.3849707945812575,0.20399296180483723,0.9409776936155496,0.21904093977661185,0.28170029765599097
823,37.035,0.007427939696279443,0.04412717238775422,0.4834562170664786,3.002823194747509,0.9372882033939581,1.0,0.12379956788510903,0.019747601490718053,0.05556728591319122,0.3989158679954571,0.4282088655429257,0.3836113697746968,0.202896916290825,0.9409280124390076,0.21877730302306958,0.2813908248408391
824,37.08,0.006829696417254314,0.0408638850348312,0.47336965387229807,2.9853602773408277,0.9373453007781213,1.0,0.12375907996177027,0.019632549203804032,0.05473377662449335,0.3974595274912093,0.4267369770917166,0.38215871300336535,0.20182609359954065,0.9406664238679207,0.2184912700697997,0.2810833840458171
825,37.125,0.006262260680483613,0.03780340216304848,0.46337765673650205,2.967406274746133,0.9374014147119144,1.0,0.12371202632780863,0.01952044395315282,0.05391276997512596,0.3961071092179179,0.4251408764850545,0.3800523457881926,0.20028742784872208,0.9402858420639465,0.2182902795308819,0.2807559038306966
826,37.17,0.0057399848921961686,0.03493661103462641,0.4534818139761239,2.9526763521492096,0.9374542998356934,1.0,0.12366038594378595,0.01939915327874265,0.05310407842549906,0.39378454024804094,0.42284619882853697,0.37655291379967837,0.19750840833278904,0.9399173834827111,0.21805295713195932,0.2804029603180331
827,37.214999999999996,0.005242251991350922,0.03225451357099712,0.44368802631701454,2.9137274311297903,0.9375066350226382,1.0,0.12361000502496665,0.019275492839130142,0.05230751724911657,0.39193258468135306,0.4208348341697672,0.37340187374503153,0.1957721139052098,0.9393707083102796,0.2177380217704327,0.2797854033059276
828,37.26,0.004781089279577626,0.0297482506524666,0.434000336698809,2.8553273367058876,0.9375537779066909,1.0,0.12355416191080083,0.019144517680904964,0.05152290449037982,0.3902326275453164,0.41912019181087484,0.36994212486112504,0.19336710319558548,0.9392691288156648,0.21751545737991204,0.27927944583047354
829,37.305,0.004351956291206932,0.02740912443612877,0.42442093377558376,2.7995695822583024,0.9376000014850212,1.0,0.12349594526316908,0.019017947299715295,0.05075006092302412,0.3881580886461198,0.41705960972748896,0.36798246666067436,0.1919909770399251,0.9389836714608579,0.21722756647448013,0.27874359335704146
830,37.35,0.003949626672501932,0.02522861864931163,0.4149536542468177,2.7267777464703844,0.9376527334856241,1.0,0.12343262500429728,0.018890755338214455,0.049988810009178763,0.38623931454943156,0.41513849540544717,0.3655197071738567,0.19000515757675543,0.9387463251596129,0.2169805274099095,0.27826621975334176
831,37.394999999999996,0.0035738005767702165,0.023198416835177052,0.4056020104025426,2.655190617271372,0.9377020515305406,1.0,0.12336796029531782,0.018757979327395438,0.04923897785904108,0.3844648105029056,0.4132004776838259,0.362771012198002,0.18740583001875996,0.938206952676328,0.21663585211039466,0.2777840233065187
832,37.44,0.0032281137131273683,0.021310418545666433,0.39636932472996406,2.588419222965008,0.937752814647206,1.0,0.12329915808231778,0.018623677938772447,0.04850039319115547,0.38272608150953213,0.4112123006432936,0.360899074702386,0.1855713968444828,0.9376835912126167,0.21627503524739786,0.27732180549320096
833,37.485,0.002902360046312004,0.019556753494587867,0.38725837938931734,2.5533069833088597,0.9378113142759145,1.0,0.12322866522798186,0.018485771509098563,0.04777288729328813,0.38097920424467335,0.40906915909411545,0.35805554255870464,0.18301782748772144,0.9371368544484843,0.2159888874306021,0.27666616898880897
834,37.53,0.002596902662107279,0.017929793700110715,0.3782724871730195,2.5200818749181924,0.9378586950489963,1.0,0.12315530901386329,0.018346983130360064,0.04705629398388882,0.37953234709918027,0.40723464059545855,0.3557340877440123,0.18096309496501273,0.9368525222827025,0.21579636536297395,0.27613597677674945
835,37.574999999999996,0.002319271159105429,0.016422163661129408,0.3694124149187709,2.5067681777353275,0.9379060964743743,1.0,0.12308438932111646,0.01820698162585684,0.046350449574130474,0.37748755687854935,0.4050012395748993,0.3533462419880855,0.17887712426313154,0.9366844501507885,0.21562713415159673,0.27560522301554635
836,37.62,0.0020566976255049856,0.015026748625762337,0.36068300631582667,2.493778939806757,0.9379563081561054,1.0,0.12301317650059634,0.01806257415976483,0.04565519283051852,0.3762802253350926,0.40324404816460635,0.35090178705579395,0.17689382286554214,0.9359491172726309,0.215300360843009,0.27500616360528474
837,37.665,0.0018176728906402558,0.013736701022577973,0.35208342359960165,2.4662539400707333,0.9380064356200997,1.0,0.1229400641570244,0.017910968679291258,0.04497036493806074,0.374089694039905,0.40077605564719904,0.3476382559729295,0.17389624587987385,0.9352550194076049,0.21487012102375364,0.27440562801042895
838,37.71,0.001590647152899658,0.012545445135929464,0.34361599317148855,2.4353065272046663,0.9380549267853492,1.0,0.12285781792512061,0.017757191492493118,0.044295809463989824,0.3721416195214511,0.39842861510081934,0.34551173969716453,0.171953134058311,0.9343247630779081,0.2144485933233505,0.27384639793419246
839,37.754999999999995,0.001382428911252049,0.01144668011599706,0.3352806596912391,2.4052225034699184,0.9381031026393288,1.0,0.12278175758505544,0.017597550020718257,0.04363137232202999,0.36968645307094533,0.3958972853567065,0.3424990278406524,0.16952968859697842,0.9330848842112263,0.21391799353539934,0.27370852770908216
840,37.8,0.0011877888785634583,0.010434381421777465,0.32707976131161487,2.366629464622666,0.938151026788254,1.0,0.12270706952472532,0.017428997876650348,0.04297690173719953,0.36746942219528067,0.39333693125715175,0.33939904901042545,0.1667529288037886,0.9321543475775964,0.2133934679267175,0.2735329928316647
841,37.845,0.001015487311326391,0.009502800801337481,0.31901410517930573,2.3371280355566717,0.938199083042288,1.0,0.12263521901746897,0.01725574735707293,0.04233224821114154,0.3651278850481614,0.39067435865489974,0.3363722783441956,0.16392122898166253,0.9311675064502788,0.2129987667120831,0.2732280560503602
842,37.89,0.0005869304245498271,0.008646464918202566,0.3110857911941065,2.3000632759856017,0.9382467488660201,1.0,0.12256760448076938,0.017087776117859155,0.041697264487974416,0.36308697842247256,0.388276679831739,0.3342900544640325,0.1624924604591349,0.9299200645133412,0.21256718581127135,0.2729195617114169
843,37.934999999999995,1.2090185572860072e-05,0.007860172735838077,0.3032902226364571,2.270074027988306,0.938290363420469,1.0,0.12249524279385483,0.016923130861374244,0.04107180552065479,0.36088895243177954,0.38571222053094917,0.33193793178492126,0.16095104367788624,0.9289465941891172,0.21208218295196166,0.27245193056659683
844,37.98,0.0,0.0,0.29562707948364614,2.230316052603937,0.9383336637335259,1.0,0.12241454690175675,0.016761876193509252,0.04045572843784497,0.35920775619631834,0.3836920752604284,0.32959680090735227,0.15964764405804655,0.9279121089693535,0.21164028133713186,0.2720350741585739
845,38.025,0.0,0.0,0.2881077885080072,2.1985700182932675,0.9383774860796367,1.0,0.12233748859047638,0.016609404717496473,0.039848892511277295,0.357573797514444,0.3817614726909222,0.32778068902972857,0.15861296484209,0.9270221419695261,0.21137690886079738,0.27168846634015703
846,38.07,0.0,0.0,0.2807344583683445,2.1686817684582134,0.9384295105683702,1.0,0.1222665991066174,0.016461004534868463,0.03925115912360814,0.35650287295396027,0.3801324564925603,0.32623258527963117,0.15781853286591171,0.9260117837839252,0.21094462854432555,0.2713063766382088
847,38.115,0.0,0.0,0.27350691520080966,2.147873327207679,0.9384738167797312,1.0,0.12219192097773217,0.016317046716286806,0.038662391736754016,0.3553085091053035,0.3784757953491238,0.3245357891047133,0.15717796678566073,0.9247700375243894,0.210393917557469,0.27090996115427673
848,38.16,0.0,0.0,0.26642406741966584,2.1192006988836565,0.9385167864853694,1.0,0.12211294386241021,0.016181216164423598,0.038082455860702705,0.3538523867760218,0.3765500378099838,0.32358116947724075,0.1574534799499342,0.923190676754438,0.20987585939929268,0.2704031391841653
849,38.205,0.0,0.0,0.25948523193783757,2.0815020865850817,0.9385634202705196,1.0,0.12202914383532389,0.01605497830339417,0.03751121902279216,0.35195661421890445,0.37419631478823506,0.32240098553270286,0.1578470284417379,0.921296432893857,0.20913043383020669,0.269752014293831
850,38.25,0.0,0.0,0.25268915293712796,2.0536135344853115,0.9386108801578266,1.0,0.12195535279560907,0.01593719288756378,0.03694855073745028,0.3498869280728811,0.37194479300295397,0.3213602590581394,0.15816433176977673,0.9198319869652107,0.20846423083609728,0.26929905835372914
851,38.295,0.0,0.0,0.24603787913713415,2.025908279965198,0.9386571226006304,1.0,0.12187878248549795,0.015825993078819652,0.03639432247638853,0.34866120289555225,0.3703182200076057,0.3205062848067534,0.158422710824681,0.9183043395291869,0.20773861378386219,0.2689783779986072
852,38.339999999999996,0.0,0.0,0.23953053257021195,2.0045975897003103,0.9386996444814915,1.0,0.12180151326852286,0.01572557947756455,0.0358484076392427,0.3473381044256351,0.3685923433485591,0.32037312447787863,0.15900629052010964,0.9170042256851302,0.20701169996376284,0.2685305277155785
853,38.385,0.0,0.0,0.23316370990377616,1.9868489224547001,0.9387486910737209,1.0,0.12173240685137202,0.015628498028848678,0.03531068152465406,0.3452191845560175,0.3663776236471987,0.31980969652621205,0.1591853199801678,0.9154252736336953,0.20619048349928337,0.2683293978510253
854,38.43,0.0,0.0,0.22693804697804626,1.9663413219980401,0.9387938842717349,1.0,0.12166290564468311,0.01553808905173569,0.034781021301784246,0.343769351869007,0.36450874590513715,0.31907207585618524,0.1591517123383355,0.9143969995527603,0.2056329324554032,0.26795141453385735
855,38.475,0.0,0.0,0.22085237457866444,1.9460310620890908,0.9388374633071263,1.0,0.12159186747940405,0.015455252249933578,0.03425930598225748,0.3422751319463019,0.3626103043449969,0.3187078960517057,0.15996116517845713,0.9129297376392629,0.2052231067064435,0.2674762543639707
856,38.519999999999996,0.0,0.0,0.21490495459368905,1.9356904786542737,0.9388805720164585,1.0,0.1215198833300273,0.015372692446666919,0.03374541639252362,0.3405361680748511,0.36059961585215045,0.31770660730226563,0.1597941859034281,0.9118706594704562,0.2048201929698241,0.2670405080408754
857,38.565,0.0,0.0,0.20909386764973084,1.9088137253759823,0.9389276785955275,1.0,0.12144573010419225,0.015293046935038258,0.033239235146635765,0.3386222394190664,0.3584267729978619,0.3168509123553753,0.15955325909090107,0.9105325100774619,0.20443597679173234,0.26649979198509693
858,38.61,0.0,0.0,0.20341990868710122,1.8757855817625615,0.9389716360713534,1.0,0.12137148055283212,0.015213981160968566,0.03274064661943623,0.3374094488616541,0.3568100690688438,0.31551222236583587,0.15898279560839246,0.9091897711303976,0.20406806983061046,0.2661261241871629
859,38.655,0.0,0.0,0.19788062404770598,1.8488379617953665,0.9390158254063945,1.0,0.1212974326407521,0.015128064774701496,0.03224953692014468,0.3358878107045738,0.35507945072533337,0.3141700404518197,0.15818699868177785,0.9080998741107654,0.20371865171997103,0.265775565794604
860,38.699999999999996,0.0,0.0,0.1924736797800299,1.8593282652214211,0.9390594353687115,1.0,0.12122414835125943,0.015042934630847727,0.031765793866342505,0.3341075689954728,0.35330380840716574,0.3124921665778439,0.1574594105857418,0.9069234747841756,0.20346034366814303,0.265474725338931
861,38.745,0.0,0.0,0.1871977035567866,1.8919361495529363,0.939100994886493,1.0,0.12115279618734806,0.014956611832787613,0.03128930695834737,0.33228227720141407,0.3515682269302569,0.310659888253476,0.15672646334550622,0.9055762645165771,0.20305091896543684,0.2652746125502042
862,38.79,0.0,0.0,0.18205133741491047,1.8872794875595587,0.9391426030576792,1.0,0.12108353675939475,0.01487380992530679,0.030819967353972164,0.330600926172182,0.3497502601130795,0.3093999625712199,0.15636299649230334,0.9042005679923636,0.20270692588717837,0.26509656915450874
863,38.835,0.0,0.0,0.17703331718212817,1.8683386092581487,0.9391833867870871,1.0,0.12101567985229057,0.014787543875273852,0.030357667843662575,0.3290695440657089,0.3480588157099956,0.3076082606076707,0.1555293718039428,0.9027402627868049,0.2021861578148996,0.26486792377651747
864,38.879999999999995,0.0,0.0,0.17214180537203522,1.8716822442122187,0.9392277725711176,1.0,0.12094885301192161,0.014700921220743826,0.029902302826007643,0.32742776196388956,0.3463747386311912,0.3057976309377316,0.15499673522279547,0.9007799614787285,0.20161259086364172,0.2646247630041479
865,38.925,0.0,0.0,0.1673737241632622,1.8533104126357711,0.9392717694595635,1.0,0.12088169537993412,0.014618337912442728,0.02945376828361753,0.32544929949397583,0.3441823911849779,0.3041536348550501,0.154254448360905,0.8990242358329491,0.20106607527957668,0.26424921368449095
866,38.97,0.0,0.0,0.16272650068423825,1.8687948764914901,0.939314665273706,1.0,0.12081378337667474,0.01453764482105306,0.029011961759363266,0.3231983286487,0.34173888514919354,0.30258548194779356,0.15356766111254952,0.8971448029473339,0.2004454806143756,0.26384825632113235
867,39.015,0.0,0.0,0.15819900344483684,1.8653604847099368,0.9393514893282029,1.0,0.12074386226631591,0.014474460864322275,0.02857678233297281,0.3211778816652386,0.3396326131265343,0.3018905874264724,0.15370935800378996,0.8956877570274577,0.19978216370592872,0.26335375107241804
868,39.059999999999995,0.0,0.0,0.1537893684635993,1.8535620646608353,0.9393917165743807,1.0,0.12067247289387593,0.014417193411956268,0.028148130597978223,0.3193513475150617,0.33756418182759396,0.3007924153475224,0.15317330109337055,0.8947586133742743,0.1992825074926085,0.26290046360658637
869,39.105,0.0,0.0,0.14949422384388206,1.8414702736314026,0.9394260183087152,1.0,0.12059832392083508,0.014364903137016624,0.02772590863900855,0.31703514918560305,0.3349998881944001,0.30016150856333806,0.15323341757649842,0.893329701688761,0.19879489641830866,0.26232668111269136
870,39.15,0.0,0.0,0.1453107567673268,1.819206669508227,0.9394694245770923,1.0,0.12052277366041607,0.01431170844166875,0.02731002000942342,0.31446291946466176,0.3323125898829693,0.2993515597158559,0.1528808057286361,0.8915509132751178,0.1982743056185579,0.2618535952303208
871,39.195,0.0,0.0,0.14124033357398472,1.7832261609721571,0.9395127588466633,1.0,0.1204473005144125,0.014261824372098225,0.02690036970928207,0.3129250013063614,0.33050638326922865,0.2988927825771668,0.15267760197115388,0.8901255377880712,0.19774172885167077,0.2615019418555162
872,39.24,0.0,0.0,0.13728207541601642,1.7506903065965946,0.9395544718610473,1.0,0.12037173190897922,0.014213683757826227,0.026496864163642837,0.3118584936682685,0.32896998387022297,0.2981205106932139,0.15258419847642118,0.8885333766991595,0.19717598096213118,0.2611379776588281
873,39.285,0.0,0.0,0.13343488739475468,1.7322586123397319,0.9395963752699198,1.0,0.12029601932117925,0.014162706765518125,0.02609941120118819,0.31121548416924083,0.3276783328952723,0.29735995502254486,0.15205352365412816,0.8873312492757265,0.19665481097521684,0.2607670125491431
874,39.33,0.0,0.0,0.1296974028339059,1.7103411707539218,0.9396343672271104,1.0,0.12021932971416587,0.014107779961004185,0.02570792003317037,0.3105687779856743,0.32635991150860083,0.29668517376361264,0.15156571382960404,0.8858743716494727,0.19620747253024168,0.2603177038934322
875,39.375,0.0,0.0,0.12606626801236173,1.6809102888109755,0.9396771812044908,1.0,0.12014204761862657,0.014060954016962635,0.025322301232672817,0.3094826785572519,0.3248117775168172,0.2968071608618214,0.15217996798034597,0.8837191452092454,0.19582284097694705,0.25990033305250343
876,39.42,0.0,0.0,0.12253934148618319,1.6961870090049114,0.9397155513066258,1.0,0.1200650314142903,0.01401431603144742,0.024942466714182723,0.30846950496339465,0.32339959366586885,0.2968332843284405,0.15192221382748586,0.8824853482703618,0.1955272720084616,0.25955317775086423
877,39.464999999999996,0.0,0.0,0.11911288895850206,1.7103428390920468,0.9397550926670921,1.0,0.11998979705037013,0.013965082251409976,0.024568329713469977,0.30694230124573163,0.32163052122353336,0.29665417990608395,0.15180948556981613,0.8809371912567688,0.19513649775171932,0.25933495635154613
878,39.51,0.0,0.0,0.1157829624256837,1.6943725572726618,0.9397884281660894,1.0,0.11991793304605941,0.01391250021581192,0.024199804767767934,0.30483428757211933,0.31955756651663086,0.2954373974915637,0.15085744093308204,0.8798370790871016,0.19485869617369686,0.2592603633229995
879,39.555,0.0,0.0,0.11254915440997458,1.690606543869997,0.9398247531741876,1.0,0.11984792188569117,0.01385690736122551,0.02383680769625141,0.30326633504492717,0.3177510065926264,0.2939382593931825,0.14982237002581733,0.8789759656813665,0.19470318857246766,0.2590728218964207
880,39.6,0.0,0.0,0.10940967808818348,1.693043262269693,0.9398604288359289,1.0,0.11977991632943574,0.013798224885131114,0.023479255580807636,0.3017189296045029,0.3159360364793111,0.2921081372054214,0.14878671318546433,0.8774827156900388,0.1945333586593614,0.25890383533454886
881,39.644999999999996,0.0,0.0,0.10636045680749866,1.6878268755233408,0.9398987929841015,1.0,0.11971421598010758,0.013735806718354799,0.023127066747095523,0.2995727665737079,0.3138088080975346,0.29071989925194053,0.14816272937163646,0.8759568198832881,0.19448870057607875,0.2587700444259624
882,39.69,0.0,0.0,0.10340086049252692,1.6865244682564,0.939939705719663,1.0,0.1196505208524594,0.013672642765972676,0.02278016074588909,0.29796258797741615,0.3120363865177138,0.28970088980947245,0.14790779032372725,0.8740858799290743,0.19424072285836103,0.25862374265555244
883,39.735,0.0,0.0,0.1005276924055917,1.646063236757835,0.9399810665969046,1.0,0.1195897498910417,0.01361009938792098,0.022438458334700755,0.2959547136730867,0.31014798564211815,0.28863802148957846,0.14751430110205896,0.8725213050325501,0.19395845468440903,0.25856789713865785
884,39.78,0.0,0.0,0.09773866534486401,1.6173060497563099,0.9400191939069874,1.0,0.11953332363555351,0.013543584030332812,0.022101881459680242,0.29387501891379236,0.3082816342933566,0.2870915400480435,0.14664575702969376,0.8712389865531388,0.19379970525574364,0.2586440993662891
885,39.824999999999996,0.0,0.0,0.09503213776285238,1.58752064824738,0.9400549654896021,1.0,0.11947921385363719,0.013468286827310667,0.021770353237785037,0.291862159307104,0.306391030192684,0.28554429581883073,0.14558740663096975,0.8703175828073366,0.19354895581982418,0.25856022543570706
886,39.87,0.0,0.0,0.09240582966694609,1.5809879515562981,0.9400941234787963,1.0,0.11942904857360337,0.013400836633556417,0.021443797939218263,0.28994497311850714,0.30478874123677135,0.2851437620536713,0.1459045737386111,0.8689079527252674,0.19333565085852683,0.25863472640509966
887,39.915,0.0,0.0,0.08985517474835197,1.571471641536488,0.9401271450378488,1.0,0.11938180744813019,0.013336406800855995,0.021122140970129988,0.28717882850362797,0.3025130632241072,0.2840735227747058,0.14548460920709397,0.8677134998465909,0.19310494135683398,0.25864067467213353
888,39.96,0.0,0.0,0.08738019064404783,1.5553513443725246,0.9401619674760004,1.0,0.11933755921325834,0.013275481665176683,0.020805308855578037,0.284947316171913,0.30074017845601553,0.28335490330468077,0.14543966619977697,0.8665039455998612,0.19291642904966586,0.2586650328370111
889,40.004999999999995,0.0,0.0,0.08497683417282985,1.5488676858091026,0.9401959047398026,1.0,0.11929694240059822,0.013216554970783514,0.02049322922274437,0.28201876999849096,0.29852132150239397,0.2826192611704478,0.14525963215709872,0.8651458330926933,0.19266844514959913,0.25875790298999846
890,40.05,0.0,0.0,0.08264391552957928,1.5514820020305318,0.9402289721642618,1.0,0.11926089313752494,0.013163712000435177,0.0201858307844032,0.2793344728340536,0.296589183115716,0.281623890706589,0.14471636347231293,0.8641258102245698,0.1924630296061948,0.25895279666028076
891,40.095,0.0,0.0,0.0803791177076416,1.543437840800133,0.940261106347031,1.0,0.119225271731088,0.013103092764598276,0.019883043322637153,0.27650725028496653,0.29431888535515893,0.2805038415524242,0.14413268996992867,0.8626728879121951,0.19210527226425791,0.2588074703825396
892,40.14,0.0,0.0,0.0781829864474603,1.5348575862979248,0.940287690369948,1.0,0.11919023849363188,0.013042732289501615,0.019584797672797596,0.27447310634851185,0.2925837532918117,0.2794908180123842,0.14361073233768296,0.8614559875085455,0.19181511117089092,0.2586775099037614
893,40.184999999999995,0.0,0.0,0.07605630439651569,1.5426173189056827,0.9403228314048281,1.0,0.11915504971422151,0.012990555485132322,0.019291025707705634,0.2732931105831978,0.29149361515829647,0.2782941723546116,0.14316379665194556,0.8605355482230952,0.1916516426322091,0.2584951499674639
894,40.23,0.0,0.0,0.07399540929048992,1.547539247202342,0.9403543565030011,1.0,0.1191199074762077,0.01293272892710152,0.01900166032209005,0.27160848014874783,0.2899144033897051,0.27695113445426595,0.14237459724891455,0.8595084831294082,0.1913472126906575,0.25832351863248126
895,40.275,0.0,0.0,0.07199988966027036,1.554203426882798,0.940388908185601,1.0,0.11908540246308018,0.012875684007992815,0.018716635417258695,0.27036947185040683,0.28871420615640164,0.2760762613164841,0.1420079975144372,0.8583095923445607,0.19110708538753107,0.25820087401636743
896,40.32,0.0,0.0,0.07006943748305458,1.5683573744147148,0.9404220077249607,1.0,0.11905181862539262,0.012822608486632067,0.018435885885999818,0.2696693796245784,0.287916829759298,0.2758227345015136,0.1420975694968318,0.8570172734273608,0.19094433841849356,0.25810629056680034
897,40.365,0.0,0.0,0.06820207030244711,1.5505007728491846,0.940450039949984,1.0,0.1190172420069949,0.01277321498571418,0.01815934759770982,0.26886463284071765,0.2869308033732142,0.274850844321085,0.14185341628046316,0.8555805737938033,0.19062401239826904,0.2578536955548042
898,40.41,0.0,0.0,0.06639510365533906,1.5258257843959278,0.9404831067786269,1.0,0.11898327306494931,0.01272446647850686,0.01788695738374417,0.267872883051632,0.2859596837036528,0.2739657549983194,0.14167876869624876,0.8542445839249524,0.1903645785087887,0.25773537368815574
899,40.455,0.0,0.0,0.06464589564961296,1.4986750678203917,0.9405126965774957,1.0,0.11894982560829336,0.012674618465745054,0.017618653022988005,0.26655050064681574,0.28467451058518967,0.27248326577968157,0.14092384782148323,0.8531717881387312,0.19014896697234837,0.2576103135458577
900,40.5,0.0,0.0,0.06295228363165437,1.4697522971720998,0.9405467696160927,1.0,0.11891653039607317,0.012621544766185024,0.017354373227643185,0.26506946851304136,0.28325657486591926,0.2712740626123292,0.14006037356367115,0.8523472059478462,0.18988039116295002,0.25745489846435626
901,40.545,0.0,0.0,0.06131292056531147,1.4332393934522143,0.9405777212840513,1.0,0.1188833942929818,0.012564750206617051,0.01709405762922854,0.26368203580198196,0.28194941088238745,0.2692587317721923,0.13817467940060874,0.8521762592347922,0.18962667945901296,0.25730218466585436
902,40.589999999999996,0.0,0.0,0.05972735764307953,1.4222597714721634,0.9406037185552982,1.0,0.1188496341199646,0.012509250670200815,0.01683764676479011,0.2626640937067752,0.2808555617856789,0.26815866710643715,0.13737399406005693,0.8516504104689121,0.1893793038431274,0.25708453258646474
903,40.635,0.0,0.0,0.058193436041899464,1.395740760382536,0.9406341889994096,1.0,0.11881659407710289,0.01245195598259067,0.016585082063318258,0.2614652803809837,0.2797001136607808,0.2663361729038426,0.1355815714097812,0.851799101283531,0.18911240815755864,0.2569799451675913
904,40.68,0.0,0.0,0.05670952825972262,1.3656941297457563,0.9406671305853994,1.0,0.11878407062063481,0.012397892149702633,0.016336305832368486,0.2602886589554615,0.27858180417348083,0.2652722522400329,0.1345841583942658,0.8518577882416519,0.18890112834441694,0.25686638438755494
905,40.725,0.0,0.0,0.05527243989242675,1.3525290807253436,0.9406950511959563,1.0,0.11875288536431236,0.012347287202490983,0.01609126124488296,0.2586374805504833,0.2771435762087695,0.2637375210763723,0.13343880238977313,0.8516553743106667,0.1886641076487256,0.2568276810855047
906,40.769999999999996,0.0,0.0,0.053881210983904936,1.3612835041778188,0.940721446781698,1.0,0.11872438936520685,0.012292835232582833,0.015849892326209713,0.2570799050785203,0.2758719399924635,0.2619469216434762,0.1322333770600975,0.8511427655652003,0.18842707062898237,0.2569025769259593
907,40.815,0.0,0.0,0.052536594011656335,1.3518385214546806,0.9407500668134967,1.0,0.1186975473541975,0.0122403045668999,0.015612143941316568,0.2562982274580025,0.27520579166391795,0.26088692630849725,0.13192321533299142,0.8505242829115208,0.18827786388278148,0.2569026912573415
908,40.86,0.0,0.0,0.05123733529779712,1.3394941596209824,0.9407794700586354,1.0,0.11867210138739664,0.012188974941948936,0.015377961782196817,0.25552326446598966,0.274371758116192,0.2601200542078211,0.13187120502323282,0.8496377747255414,0.18814799276000088,0.25688375030896504
909,40.905,0.0,0.0,0.0499847704333144,1.325508481353325,0.9408049595356985,1.0,0.1186444120529,0.012142401206614053,0.015147292355463866,0.2556341707189539,0.2740332683511785,0.2594378140602889,0.13180109539690277,0.8491061528984252,0.1880919900234248,0.25656338754811153
910,40.949999999999996,0.0,0.0,0.04877691734775966,1.3112471650416246,0.9408338380233398,1.0,0.11861609614897761,0.012099098591357146,0.014920082970131907,0.2556122222488492,0.27373492378241826,0.2589735745494238,0.1318099229182267,0.8484540648469483,0.18791460201603596,0.2563708208086421
911,40.995,0.0,0.0,0.04761242394971578,1.29760092804556,0.9408577884803563,1.0,0.11858837621971054,0.01205882848644758,0.014696281725579928,0.2556298968726019,0.2734973591571702,0.25812578334853364,0.13160860871122623,0.8478596388766045,0.1877257443250124,0.2562813731709495
912,41.04,0.0,0.0,0.046486306731435445,1.2697165925326321,0.9408798715436169,1.0,0.11856226412133986,0.012026359256209448,0.014475837499696229,0.2544318340255319,0.2724715967795275,0.2574738804739285,0.1320820414278614,0.8464854320196625,0.18755959145364126,0.2562817902959201
913,41.085,0.0,0.0,0.04539633661849465,1.2403679915130386,0.9409059140179613,1.0,0.11853488503503641,0.011997071500284728,0.014258699937200789,0.2529478322424468,0.27109093432142856,0.2567803029140894,0.1323957122727964,0.8451783412722331,0.18746147259366347,0.25604522717174605
914,41.129999999999995,0.0,0.0,0.04434178854124991,1.2027630327857868,0.9409321198082032,1.0,0.11850790982419304,0.011979604835197954,0.014044819438142776,0.2515790967708044,0.26993280678058157,0.2565832502027327,0.13293672554614208,0.8440712934554909,0.18734996821114397,0.25595420795362495
915,41.175,0.0,0.0,0.04332265776265555,1.1687578593048513,0.9409597605840546,1.0,0.11848168495691551,0.011958853799738437,0.013834147146570629,0.2506473860797333,0.26918237627545444,0.256519184138652,0.13345954678901378,0.8430193029016204,0.1872474969137822,0.2558902029536324
916,41.22,0.0,0.0,0.04233958805592753,1.1347591073910943,0.9409849500694962,1.0,0.11845599824913518,0.011935729326813124,0.013626634939372072,0.25032838040097877,0.2687357168921933,0.25601737900271987,0.13344782534671856,0.8421681591005292,0.18710174534230617,0.2558071098008346
917,41.265,0.0,0.0,0.04139038081241703,1.0983267056008967,0.9410090266643176,1.0,0.11843088194630212,0.011915019227643847,0.013422235415281493,0.249677373668087,0.26812191295904597,0.2558620202107609,0.13357118172198887,0.841503261355522,0.1869969336706978,0.2557296544262211
918,41.309999999999995,0.0,0.0,0.040474336981337004,1.062290499534875,0.9410396744713577,1.0,0.1184060052901988,0.011893417489644245,0.01322090188405227,0.2490853981328479,0.267531175016398,0.25541298362144393,0.13352030144663185,0.8406865105855303,0.18678697050628879,0.25562343283315586
919,41.355,0.0,0.0,0.03959056274096344,1.028108027173857,0.9410637825668103,1.0,0.11838158049688452,0.01187044754902007,0.013022588355791486,0.248607767269168,0.2670291385666974,0.2548083444016631,0.13330482389856055,0.8399796951068068,0.18666413840616874,0.25553567334785204
920,41.4,0.0,0.0,0.038737861644775225,0.996946606527934,0.9410897349151756,1.0,0.11835894387900633,0.011848965626903131,0.012827249530454611,0.2481770862346958,0.266593208018299,0.2544289689128467,0.132964752972523,0.839646996255555,0.18652926855627824,0.2555666172705349
921,41.445,0.0,0.0,0.037914299260253484,0.9738591699933706,0.9411156539327251,1.0,0.11833740357955913,0.011830145973367002,0.012634840787497796,0.24752479694511068,0.26595313294833045,0.2542033575065581,0.13299433374443578,0.8390295127957779,0.1864163324464747,0.2555507401458673
922,41.49,0.0,0.0,0.037119145680369954,0.9460960090203634,0.9411373527400902,1.0,0.11831736214037766,0.011811727210639134,0.012445318175685324,0.24696722197291687,0.2654024207603818,0.2537611023147925,0.13264213531474353,0.8388820171872705,0.18643142878337154,0.2555749455332031
923,41.535,0.0,0.0,0.03635116683667315,0.9575889052067996,0.9411646167712991,1.0,0.11829839620653292,0.011792102121774253,0.012258638403050045,0.24633094348024487,0.2647759834538139,0.25320135901988716,0.13242689059744156,0.8384232750735912,0.1863900123500184,0.2555698248143605
924,41.58,0.0,0.0,0.03560925822474356,0.9575831141748007,0.9411905238845923,1.0,0.11828086896379712,0.01177367715768874,0.012074758827004296,0.24564629669203744,0.2642336004772193,0.2527053131021783,0.1318927671279926,0.8387435605826207,0.18645859662416683,0.2556030387623135
925,41.625,0.0,0.0,0.034894230793981025,0.9420792960965765,0.9412159498288303,1.0,0.11826458772733807,0.011754008192708243,0.011893637444599231,0.24548780908771334,0.2640022611736873,0.25249333673086466,0.13175147425111813,0.8386977455054797,0.18649351818095405,0.2556243156894594
926,41.67,0.0,0.0,0.03420533134125012,0.9217221329487432,0.9412416929762801,1.0,0.11824745237745946,0.011732971318500348,0.011715232882930244,0.24540257788103417,0.26369588600382227,0.2517372757132872,0.13083853006184754,0.8390767107970898,0.18647321770474937,0.2554725579900817
927,41.714999999999996,0.0,0.0,0.03354018664297666,0.9043939321648802,0.9412662959799025,1.0,0.11823101115253931,0.011702894371941913,0.011539504389686287,0.24480039767265685,0.26308656544278963,0.2508682173695135,0.12993362273312117,0.8391104751094495,0.1864476985004175,0.2554440176990094
928,41.76,0.0,0.0,0.03289923014613915,0.9322923927750918,0.9412872053742236,1.0,0.11821436111105713,0.011672489827741071,0.011366411823840994,0.244630106921873,0.26273977328197545,0.25034210566174514,0.12939723464022138,0.8390592047754084,0.18652097970329265,0.2553412584211845
929,41.805,0.0,0.0,0.03228187835305374,0.9593426988364079,0.9413128206620203,1.0,0.11819621604454124,0.011642623097338508,0.011195915646483378,0.24454005791968106,0.2623659425612059,0.24958699313339489,0.12855184168822673,0.839234121614501,0.186561809792852,0.2551307251857617
930,41.85,0.0,0.0,0.03168491688193204,0.9783089624271119,0.9413347826760659,1.0,0.1181769602397392,0.011613252746056832,0.011027976911786128,0.24372788667739523,0.2615419866070994,0.24916486655060785,0.1281974346673364,0.8391443651405078,0.18665056132681074,0.25494877227735374
931,41.894999999999996,0.0,0.0,0.031106406498244744,0.984004477547398,0.9413642652669643,1.0,0.11815598870239014,0.011584044319295037,0.010862557258109334,0.2425266671343283,0.260330061824268,0.24809352264694606,0.12727964878127543,0.8390337280133265,0.18659725432516794,0.25470938096616974
932,41.94,0.0,0.0,0.03054488467892007,0.9992960332999647,0.9413901013329838,1.0,0.11813490261580684,0.011549544035525298,0.010699618899237696,0.24106522305788597,0.25901556370410445,0.2468236962356887,0.12608670677331404,0.8389318878266827,0.18647801202558212,0.2545959209271517
933,41.985,0.0,0.0,0.02999932999568257,1.0282461315774418,0.9414166264660737,1.0,0.11811351364654919,0.01151852528322794,0.010539124615749131,0.23947854377719893,0.2576672392710238,0.24567276561419485,0.125076639849251,0.8388639607117085,0.18637281298014566,0.254473140578314
934,42.03,0.0,0.0,0.029470728898426425,1.0108137259589078,0.9414402795832999,1.0,0.11809208762163181,0.011481511439983577,0.010381037746512892,0.2383839057194556,0.25665042658836884,0.24422228394253798,0.12356443468906168,0.8392935167137997,0.1862882304215969,0.254369734268656
935,42.074999999999996,0.0,0.0,0.028957127819179158,0.9831205156176389,0.9414653826285341,1.0,0.1180699170653997,0.01143370857004748,0.010225322180315199,0.2368133890039753,0.25524777239187496,0.24266652193686492,0.12188007844803342,0.8393879089484033,0.1860353222823051,0.2541983802977491
936,42.12,0.0,0.0,0.028458789734072436,0.9566840824691685,0.9414868259207498,1.0,0.11804714018211691,0.011388926630704862,0.01007194234761047,0.2354936047460905,0.25408689275444063,0.24215025389850667,0.1217009482858856,0.8384421719168137,0.18578285618382637,0.25403734607049033
937,42.165,0.0,0.0,0.027977057071011592,0.9364689877409054,0.9415099823522747,1.0,0.11802402382317749,0.011351028033252983,0.009920863212396314,0.2347778293481548,0.2534251848091724,0.2416375873930207,0.12135902266204539,0.8380931549618192,0.1855262768184823,0.25390328244251753
938,42.21,0.0,0.0,0.02751060778243208,0.9128221195277025,0.9415371686284306,1.0,0.11800076702608599,0.011313416530774272,0.009772050264210368,0.23377826694944162,0.252606249425319,0.2406086594779656,0.12011688854798928,0.838530100697249,0.18529009160566975,0.2537856461798104
939,42.254999999999995,0.0,0.0,0.02705922355933616,0.90083197849808,0.9415595122329922,1.0,0.11797759419500657,0.011274210432628372,0.009625469510247214,0.23293528770959207,0.2518854761808648,0.23949098958101606,0.11917345266362664,0.8386584245495038,0.18512382015814788,0.25368559289482645
940,42.3,0.0,0.0,0.02662261870442485,0.9049697096775018,0.9415832652128255,1.0,0.11795485510670296,0.01123450985110548,0.009481087467593506,0.232139713271144,0.2511728898718588,0.23870015723246804,0.11862472564366167,0.8385727682179193,0.18503634096095792,0.25361268168041673
941,42.345,0.0,0.0,0.02620056523198764,0.8839482485652139,0.9416024980363552,1.0,0.11793265700187197,0.011201150174892104,0.009338871155579602,0.2314227625396101,0.25054245838710804,0.23791143310670157,0.11851991509025561,0.8380975348739564,0.18495422928071245,0.2535541397261112
942,42.39,0.0,0.0,0.025794192049628715,0.8616532396226192,0.9416241584869465,1.0,0.11791141024947989,0.01116592446561967,0.009198788088245908,0.23124387659304224,0.2503233570927375,0.2373662347646058,0.11865353891855428,0.8376609881245984,0.18491822680627745,0.25353260328310206
943,42.434999999999995,0.0,0.0,0.025402579591757894,0.8531604649084844,0.9416471028411406,1.0,0.11789098038314771,0.011129861203719279,0.00906080626692222,0.2309709949310738,0.25005751741974025,0.2371634248733951,0.11901363335737919,0.8369771831670297,0.18483573740603634,0.2534998840487947
944,42.48,0.0,0.0,0.025025156695019604,0.8603457632999717,0.9416694890559546,1.0,0.11787120151033594,0.011093714332256711,0.008924894172918385,0.23075934231193676,0.2498596599911801,0.23638807958750466,0.11825255549748467,0.8371011908031022,0.18476459417524088,0.25345782647267734
945,42.525,0.0,0.0,0.024661741516814956,0.8549605200545665,0.9416973161262371,1.0,0.11785250956562979,0.011060708718736637,0.00879102076032461,0.2306017826301046,0.24970406078852836,0.23607083438836393,0.11830404962964589,0.836656358153331,0.18477324604522186,0.253454610996509
946,42.57,0.0,0.0,0.02431061557278502,0.8573901314664938,0.9417223841797132,1.0,0.11783443333399984,0.011026623726792244,0.00865915544891974,0.23004733104238875,0.24925988346133196,0.23556595917488632,0.11801668916479059,0.8363651184794902,0.18475265325998153,0.2534148412616953
947,42.614999999999995,0.0,0.0,0.023971999945557324,0.8657130440504328,0.9417462355654164,1.0,0.11781718575384628,0.011001232062028429,0.008529268117185945,0.22975543685880215,0.24901562832293753,0.2358473371578351,0.11850345456907388,0.8360723855744016,0.18479704569923391,0.25340233644827
948,42.66,0.0,0.0,0.023645325506979082,0.8816559231718645,0.941773837646089,1.0,0.1178004439292965,0.010980749457688017,0.008401329095428154,0.229395356361611,0.2487133067856262,0.23593101161988814,0.11868258962877197,0.8359697467549015,0.18472946030690568,0.2533675768243727
949,42.705,0.0,0.0,0.02332935678834842,0.8874419860976855,0.9418031151212011,1.0,0.11778380594834131,0.01096140176817232,0.008275309158996732,0.2287423297142457,0.24818472772188546,0.23584953516271065,0.11855648571930168,0.8360008232107233,0.184634222464968,0.2532997689777611
950,42.75,0.0,0.0,0.02302389319240386,0.897220848416311,0.9418278607765811,1.0,0.11776884009378938,0.010945098490014309,0.008151179521611781,0.22816478982523572,0.24784878926865309,0.23602754122587669,0.11882151546491286,0.8358473085799997,0.18456755341882938,0.25336730061596796
951,42.795,0.0,0.0,0.022729907546152207,0.9087303398127913,0.941852534483445,1.0,0.11775129708207217,0.010923054767720269,0.008028911828787606,0.22807136830349245,0.24767904563354204,0.23519809893750712,0.11765426475395262,0.8367295939140096,0.1846116286669971,0.25324779105070955
952,42.839999999999996,0.0,0.0,0.02244624162168169,0.9037765138223746,0.9418794719673841,1.0,0.11773506704528967,0.01090358539290705,0.00790847815135579,0.22773199256872834,0.2472287226289139,0.2345940802417121,0.11685629331062143,0.8370876232394862,0.18459845874806996,0.2531052251024137
953,42.885,0.0,0.0,0.022171732316959753,0.9074316210652079,0.9419057363058183,1.0,0.11771796066052838,0.010881368081160515,0.007789850979085454,0.2270989522037496,0.24648763563549778,0.23351331964609187,0.11590691482187734,0.8370490114307491,0.18463124643863987,0.2529527743982491
954,42.93,0.0,0.0,0.021905570618370052,0.9085738056333693,0.9419341686693707,1.0,0.11770289033039635,0.01085779874821283,0.007673003214399172,0.22636048257094796,0.24594046710579856,0.2331060288479091,0.11582866410863168,0.8366192906201326,0.18459054264711347,0.2530443662245212
955,42.975,0.0,0.0,0.021646684052992048,0.896106172681918,0.9419621616533603,1.0,0.11768942751299345,0.010838202364328059,0.007557908166183184,0.22534440292325514,0.24524605504624242,0.23248713002672597,0.11582117666198992,0.83594383850861,0.18451921444356395,0.25311180683819623
956,43.019999999999996,0.0,0.0,0.02139508161630274,0.8928818983696992,0.9419888029801758,1.0,0.11767867706612498,0.010821107097950474,0.0074445395436904364,0.22441369360758587,0.24470111841379616,0.23164232745496113,0.11530769145188205,0.8358306183505442,0.1844199508734577,0.2532821705819113
957,43.065,0.0,0.0,0.021150973383859194,0.9258262707847287,0.9420152765129287,1.0,0.11767187399398817,0.010798366029828066,0.00733287145053508,0.22359505271055524,0.24430276381702573,0.23060468048831312,0.11471155718857783,0.8356365925709597,0.1842956836056329,0.25356328842711595
958,43.11,0.0,0.0,0.02091518313489166,0.9554138801740345,0.9420408214958721,1.0,0.11766838825065346,0.010777078779265844,0.007222878378777053,0.2232025082414341,0.2442691276422682,0.2293956098388409,0.11364540331201942,0.8362387309881911,0.18420210450036317,0.25381598760652024
959,43.155,0.0,0.0,0.02068757274415268,0.9586276591903051,0.9420655440869725,1.0,0.11766800370952482,0.010750418964855452,0.007114535203095396,0.22286391142132225,0.24428743867422886,0.2283186292603844,0.11278673295487428,0.8368395473012711,0.1841682952082222,0.25406116058982775
960,43.199999999999996,0.0,0.0,0.020468046709556664,0.9722571200428777,0.9420862843382884,1.0,0.1176698234815963,0.01072187097269732,0.007007817175048965,0.2225258480960816,0.24413527014052921,0.22724331688045463,0.11235706806361825,0.83659200004213,0.18408399158305605,0.2542376822756603
961,43.245,0.0,0.0,0.020256948538840094,0.9769795431116279,0.9421132618396139,1.0,0.11767239941474442,0.010689262542269453,0.006902699917423233,0.2223571103944755,0.2440091687736008,0.22622421153992406,0.11170021338556096,0.8366134870122394,0.18404407970838677,0.25429830563082295
962,43.29,0.0,0.0,0.020053366368202215,0.9646131307672723,0.9421385586528257,1.0,0.11767537937928468,0.010652378159667466,0.006799159418661884,0.22199827704017547,0.24372713729145953,0.22515938382185624,0.11084745034298216,0.8366954891770642,0.18397055808094492,0.2543318478534471
963,43.335,0.0,0.0,0.01985639306163652,0.9510944807847077,0.9421636019383497,1.0,0.11767997670643977,0.010613044865964738,0.006697172027381954,0.22141648370145897,0.24335890812841407,0.22466724138167393,0.1105560695592456,0.8364580927297988,0.18386869116983198,0.2544678569882503
964,43.379999999999995,0.0,0.0,0.019665449239424072,0.9377442313019965,0.9421923882381339,1.0,0.11768677781701406,0.010574341275365648,0.006596714446971226,0.22074146896205496,0.24298539429775318,0.2243003364616275,0.11036162610739747,0.8361716232621629,0.18370256952962674,0.25466332155139837
965,43.425,0.0,0.0,0.019481416238342764,0.9288776325856477,0.9422197317668248,1.0,0.11769529695685343,0.010538168130389589,0.006497763730266658,0.22048153846072036,0.242880152452036,0.22390248656545395,0.1102034054143115,0.8360049454453381,0.18356301881185866,0.25483050047508066
966,43.47,0.0,0.0,0.019304290195352448,0.9345419749383168,0.9422449484629553,1.0,0.11770374345992282,0.010506196528881158,0.006400297274312657,0.22033878130831197,0.24272989291241642,0.2239073513762693,0.11050145020772277,0.8355659501094044,0.18343643822663588,0.25485361297723297
967,43.515,0.0,0.0,0.0191327268180009,0.9361469280085339,0.9422705451688521,1.0,0.11771198715851745,0.010477943089639643,0.006304292815197967,0.2198789525123805,0.24239262716070742,0.2234975820753697,0.11014525116512255,0.8357688852857124,0.18338944251215258,0.25487115180666925
968,43.559999999999995,0.0,0.0,0.018966907233127883,0.9488494217194153,0.9422967699003577,1.0,0.11771978730711671,0.010450857683429349,0.006209728422969998,0.21949164625505793,0.24212615035280938,0.22295510533680793,0.10975572701485023,0.8359724255247021,0.1832729032311255,0.25486845008006703
969,43.605,0.0,0.0,0.01880459739793189,0.9370535788882579,0.942321338380667,1.0,0.11772783351198192,0.010422720707925394,0.006116582496625448,0.2184907906482386,0.2414345954439815,0.22250350731672092,0.10922720946796526,0.8362383639268777,0.1831533651433812,0.2549216170712884
970,43.65,0.0,0.0,0.01864590974071269,0.9351459675831649,0.9423498043438571,1.0,0.11773447353975017,0.01039870260296272,0.006024833759176066,0.21759089695986575,0.24063381191018626,0.22234961890002897,0.10931957682402374,0.8357864041348413,0.18306105169145015,0.2548334721822568
971,43.695,0.0,0.0,0.0184921983493591,0.9216622478911302,0.9423767995656159,1.0,0.1177359494616244,0.010371696408985822,0.005934461252788425,0.21717230798394752,0.24002591953568322,0.22156314630440221,0.10882468149445337,0.8356431295288,0.1828621288814361,0.2544164458662388
972,43.739999999999995,0.0,0.0,0.018343797863458546,0.9160666959122035,0.9424051739778646,1.0,0.11773199059702873,0.010349590135803874,0.005845444333996598,0.216937950022424,0.23952887769340137,0.2209924122227656,0.10830661019390893,0.8357965419893865,0.18275399697474343,0.25395895104265415
973,43.785,0.0,0.0,0.01820060703843874,0.9368111129955753,0.9424320064238938,1.0,0.11772382338235812,0.010327081507753598,0.0057577626689866495,0.21673368588156877,0.2391203113278212,0.2204501179246337,0.10813645275694957,0.8355276145522265,0.18268984022650242,0.2535806975132374
974,43.83,0.0,0.0,0.018062270396704754,0.9493038660481785,0.9424558418888169,1.0,0.11771096203593585,0.010308192402004309,0.00567139622895185,0.2164483023568792,0.2385944997770659,0.21997398440796664,0.1079884874080084,0.8353675220234413,0.18266755693605774,0.25314305518499836
975,43.875,0.0,0.0,0.017928763973225036,0.9607682395282525,0.942478967297709,1.0,0.11769695031460106,0.010288966013021381,0.005586325285517572,0.21618550344688545,0.23834526393032263,0.21933074545132764,0.10725137744607265,0.8359262061827083,0.18258827988665885,0.25298792762509104
976,43.92,0.0,0.0,0.01779948040805203,0.9762721328982636,0.9425059551554835,1.0,0.11768204638206486,0.010263204456913097,0.005502530406234808,0.21576247221571151,0.2379138360957974,0.2182222439582685,0.10611366672121766,0.8364378597533723,0.18250971062664764,0.25284441521838874
977,43.964999999999996,0.0,0.0,0.017674904124540626,0.9899989457584706,0.9425323353601402,1.0,0.11766372942161936,0.01023546371123502,0.005419992450141286,0.21559273559480366,0.2375277716675231,0.21738865420936415,0.1054619592709082,0.8365504104305154,0.18245117148038412,0.2524834628849693
978,44.01,0.0,0.0,0.017553871345179592,1.0011589067166238,0.942555992498226,1.0,0.11764679902251264,0.010207722978914986,0.005338692563389166,0.21515827010321356,0.23718137108854104,0.21670863373828333,0.10472518812948223,0.8368331848246362,0.18247567774620335,0.2525164173896519
979,44.055,0.0,0.0,0.017434515659805527,0.9904522161931019,0.942580639255701,1.0,0.11763190219866834,0.010175410869611398,0.00525861217493833,0.21409780491245414,0.23634857188741876,0.21579908992297903,0.10379990293585906,0.8368960400809597,0.18244869588358573,0.2526057443750423
980,44.1,0.0,0.0,0.017317290422101606,0.9811829434626319,0.9426051202729014,1.0,0.11761863217481619,0.010145537454912288,0.0051797329923142545,0.21321253763576217,0.23566101428039,0.21471765560836384,0.10285735493411574,0.8370808158288157,0.18241710660526278,0.25267488749546346
981,44.144999999999996,0.0,0.0,0.017202275152964512,0.9846640328358626,0.9426318116632294,1.0,0.11760848642490072,0.010115895611526806,0.00510203699742954,0.21234911719773203,0.23514781069220633,0.21367432599174113,0.10238969466608622,0.8368899020338522,0.1824518113579192,0.25287736081883516
982,44.19,0.0,0.0,0.01708911356176583,0.9717178151279737,0.9426526478945024,1.0,0.11760063277397186,0.010088973641594615,0.005025506442468097,0.21144068789072173,0.23456004870454134,0.21308898720534203,0.10208240505834668,0.8369069767837023,0.18248200675445972,0.25302766445335306
983,44.235,0.0,0.0,0.01697836500728404,0.9578291555930788,0.9426719882107187,1.0,0.1175934379407858,0.010059343664619871,0.004950123845831075,0.21069788202932713,0.23393031829582436,0.21236779879903053,0.10166713921281878,0.8369301424361385,0.1825064163913844,0.253043946822792
984,44.28,0.0,0.0,0.016871214734412894,0.951701679028342,0.9426973746624306,1.0,0.11758425028404475,0.010030316256109159,0.004875871988143609,0.2103872848042373,0.23340685559771893,0.21172319501192013,0.10132859695494366,0.8368110719364927,0.18254204850006484,0.25283780118296445
985,44.324999999999996,0.0,0.0,0.01676543215391486,0.9488818181300293,0.9427188483102685,1.0,0.1175765206358066,0.00999826579512269,0.004802733908321455,0.2092596380994426,0.23262159908662403,0.21063627032488705,0.100302790967975,0.8373811662942549,0.18268645758173638,0.2529135170037181
986,44.37,0.0,0.0,0.016661120036916565,0.9479325894775872,0.9427378449428232,1.0,0.11756888918397371,0.00996321649264993,0.004730692899696633,0.2082847284953892,0.23190410337745163,0.20960339921437304,0.09941146071438545,0.8379442983936438,0.18285830570454445,0.25288201905209035
987,44.415,0.0,0.0,0.01655915282444511,0.9532107684635928,0.9427600696534375,1.0,0.11756000415833257,0.009923371628605866,0.004659732506201183,0.20763147705476226,0.23131994760935157,0.20848803929263196,0.09830778494060004,0.8386180725421918,0.18293964282937722,0.25273344588708163
988,44.46,0.0,0.0,0.01645929161020769,0.9384172362945936,0.9427832570760571,1.0,0.1175514492436359,0.009887795424361443,0.004589836518608166,0.20697762644956696,0.23082387539527152,0.20773777597900608,0.0979274142206904,0.8388052707440327,0.1830428485067609,0.2527199455939742
989,44.504999999999995,0.0,0.0,0.016360726471903925,0.9301899399450351,0.9428041851135391,1.0,0.1175444599649421,0.009849370328403384,0.004520988970829042,0.20610161183487535,0.23029720734580564,0.20721089007595211,0.09747115331300026,0.8390464016157958,0.18309864068997245,0.2528103812250488
990,44.55,0.0,0.0,0.016264461158134378,0.9117483818119116,0.9428258383986027,1.0,0.11753683573433242,0.009809425081475209,0.004453174136266607,0.20562581425829904,0.2298993881489586,0.20630023148628052,0.09673314113224206,0.8391060548757714,0.1830204497751582,0.25271993704563384
991,44.595,0.0,0.0,0.016169712703396052,0.8941051548600595,0.9428497742654149,1.0,0.11753425298247443,0.009770626619891164,0.004386376524222608,0.20491413613397483,0.2296661285430766,0.20535027146728027,0.09553376322552888,0.8398606109272273,0.18306585487714203,0.253112340908325
992,44.64,0.0,0.0,0.016078164370821088,0.8747032072185105,0.9428706127566288,1.0,0.11753450604004446,0.009736180457036902,0.004320580876359268,0.20485386751766332,0.22985274059334984,0.20481065946687058,0.09475854205862944,0.8406623767717595,0.18309688142970268,0.2533477409173226
993,44.684999999999995,0.0,0.0,0.015990398772715256,0.8555865560920977,0.9428917275377199,1.0,0.11753651130595605,0.009701000258063096,0.00425577216321388,0.2049292970844123,0.23002091926689724,0.2041755483564466,0.09396374383111272,0.8416206194477056,0.18329736248390419,0.2534982218395827
994,44.73,0.0,0.0,0.015905509048963245,0.8367779466418527,0.9429084610883692,1.0,0.1175384352584139,0.00966817994562275,0.004191935580765672,0.2047507256603818,0.2299487970368267,0.20365335435962445,0.09357871984526052,0.8420322995456743,0.18338683755053053,0.2535002788124922
995,44.775,0.0,0.0,0.015823476631504383,0.8256875921505257,0.9429305855954208,1.0,0.1175419435859865,0.009634714334975418,0.0041290565470541865,0.20459812046048803,0.229963500807681,0.2032189913589747,0.09324032945533517,0.8424557336618786,0.1835455601525583,0.2536412767133268
996,44.82,0.0,0.0,0.01574333354384677,0.8183650404376392,0.9429502527997314,1.0,0.11754905054296387,0.009602314107130706,0.004067120698848374,0.20419854755572894,0.2299708680849008,0.20291972915109743,0.09299964625075285,0.842731078176243,0.1836326384515348,0.25396091834522566
997,44.864999999999995,0.0,0.0,0.01566549909670994,0.8098037407433557,0.9429746088780295,1.0,0.11755887488964108,0.00957365647940794,0.004006113888365649,0.20396266618364958,0.2299956005702877,0.2029542808354814,0.09351562953282133,0.8421477366905009,0.1836526796605443,0.25421851015440844
998,44.91,0.0,0.0,0.01558967991153519,0.7977403912708433,0.9429963461308711,1.0,0.11757059366373222,0.009549769166285893,0.003946022180040164,0.20366991628361067,0.2299441495947369,0.2030848990373526,0.09423530501956003,0.8415400247889845,0.18368969009634054,0.25442156175197167
999,44.955,0.0,0.0,0.01551623622278322,0.7942446937715814,0.94301704059882,1.0,0.11758238150173353,0.009538529457819918,0.0038868318473395604,0.2035336603703576,0.22987390613850334,0.20375551447253387,0.09580972746551573,0.8405371973845149,0.18374381309751167,0.25447964428376174
1000,45.0,0.0,0.0,0.015445930151427525,0.7898180426573973,0.9430396940798854,1.0,0.11759287864157403,0.009533917444471325,0.0038285293696294666,0.20367651257209365,0.22990265485952355,0.204326619608635,0.09690873955327267,0.8398344290807502,0.18377149898867737,0.25442300359328357
