task,model,split,status,subject_id,regime,true_future_burden,pred_future_burden
future_burden_all_models,Pure ML: pseudo-bulk marker modules,train,ok,182,suppressed,0.0683712308397611,0.07574660296177774
future_burden_all_models,Pure ML: pseudo-bulk marker modules,train,ok,133,immune_excluded,0.19104419924573593,0.20359840354283357
future_burden_all_models,Pure ML: pseudo-bulk marker modules,train,ok,109,hyperinflammatory,0.20238624452500706,0.19151554142244695
future_burden_all_models,Pure ML: pseudo-bulk marker modules,train,ok,7,acute_resolving,0.07435866293742996,0.10026905632444931
future_burden_all_models,Pure ML: pseudo-bulk marker modules,train,ok,151,immune_excluded,0.1970304229126578,0.2345740908637939
future_burden_all_models,Pure ML: pseudo-bulk marker modules,train,ok,152,immune_excluded,0.21883831375630053,0.21357109830536644
future_burden_all_models,Pure ML: pseudo-bulk marker modules,train,ok,158,immune_excluded,0.1473794864549834,0.1688625569115106
future_burden_all_models,Pure ML: pseudo-bulk marker modules,train,ok,118,hyperinflammatory,0.3477590918361296,0.2953793626738603
future_burden_all_models,Pure ML: pseudo-bulk marker modules,train,ok,35,acute_resolving,0.1906925176179525,0.2002565318564753
future_burden_all_models,Pure ML: pseudo-bulk marker modules,train,ok,131,immune_excluded,0.18503932461114386,0.1583952359087488
future_burden_all_models,Pure ML: pseudo-bulk marker modules,train,ok,62,chronic,0.19689277805655858,0.17220887753961037
future_burden_all_models,Pure ML: pseudo-bulk marker modules,train,ok,160,immune_excluded,0.12178997641133647,0.1301273147602262
future_burden_all_models,Pure ML: pseudo-bulk marker modules,train,ok,177,suppressed,0.06335553709522648,0.08316022112454229
future_burden_all_models,Pure ML: pseudo-bulk marker modules,train,ok,200,suppressed,0.07206233112210889,0.08342049756864302
future_burden_all_models,Pure ML: pseudo-bulk marker modules,train,ok,14,acute_resolving,0.043437149322267034,0.06870575134409833
future_burden_all_models,Pure ML: pseudo-bulk marker modules,train,ok,90,hyperinflammatory,0.1613539131566745,0.14020719031253778
future_burden_all_models,Pure ML: pseudo-bulk marker modules,train,ok,187,suppressed,0.09747490818269092,0.11015108726236997
future_burden_all_models,Pure ML: pseudo-bulk marker modules,train,ok,197,suppressed,0.04338911142274665,0.055762051258671785
future_burden_all_models,Pure ML: pseudo-bulk marker modules,train,ok,3,acute_resolving,0.03896084127614266,0.0607726236689369
future_burden_all_models,Pure ML: pseudo-bulk marker modules,train,ok,13,acute_resolving,0.1953635725683529,0.21247492100761875
future_burden_all_models,Pure ML: pseudo-bulk marker modules,train,ok,81,hyperinflammatory,0.1556211503380359,0.18819768164907016
future_burden_all_models,Pure ML: pseudo-bulk marker modules,train,ok,170,suppressed,0.05319394954501663,0.06767490191057485
future_burden_all_models,Pure ML: pseudo-bulk marker modules,train,ok,70,chronic,0.2904262656067884,0.28304664755461734
future_burden_all_models,Pure ML: pseudo-bulk marker modules,train,ok,107,hyperinflammatory,0.20636113218997404,0.18267468088481453
future_burden_all_models,Pure ML: pseudo-bulk marker modules,train,ok,128,immune_excluded,0.15310519593444272,0.171110031888166
future_burden_all_models,Pure ML: pseudo-bulk marker modules,train,ok,57,chronic,0.1285911869454824,0.14344982407364898
future_burden_all_models,Pure ML: pseudo-bulk marker modules,train,ok,129,immune_excluded,0.1485291793260984,0.13404411259286067
future_burden_all_models,Pure ML: pseudo-bulk marker modules,train,ok,146,immune_excluded,0.18209756590039214,0.1829469343168718
future_burden_all_models,Pure ML: pseudo-bulk marker modules,train,ok,86,hyperinflammatory,0.323031954613824,0.30897164391471593
future_burden_all_models,Pure ML: pseudo-bulk marker modules,train,ok,4,acute_resolving,0.04919954593255447,0.0799341804816825
future_burden_all_models,Pure ML: pseudo-bulk marker modules,train,ok,168,suppressed,0.06567530401170554,0.07079789101555797
future_burden_all_models,Pure ML: pseudo-bulk marker modules,train,ok,5,acute_resolving,0.2055889526329267,0.21222524248232522
future_burden_all_models,Pure ML: pseudo-bulk marker modules,train,ok,116,hyperinflammatory,0.3196493225394033,0.3071465981989897
future_burden_all_models,Pure ML: pseudo-bulk marker modules,train,ok,37,acute_resolving,0.05444441933049729,0.06799893770819038
future_burden_all_models,Pure ML: pseudo-bulk marker modules,train,ok,78,chronic,0.1635406856633828,0.1272753456671003
future_burden_all_models,Pure ML: pseudo-bulk marker modules,train,ok,46,chronic,0.19309974877563654,0.15667144215825057
future_burden_all_models,Pure ML: pseudo-bulk marker modules,train,ok,52,chronic,0.26719910310197553,0.2666358896912734
future_burden_all_models,Pure ML: pseudo-bulk marker modules,train,ok,45,chronic,0.24711334826765757,0.20450343485841357
future_burden_all_models,Pure ML: pseudo-bulk marker modules,train,ok,136,immune_excluded,0.17074089401368558,0.16033647478072277
future_burden_all_models,Pure ML: pseudo-bulk marker modules,train,ok,31,acute_resolving,0.045439567864641685,0.07471683582249579
future_burden_all_models,Pure ML: pseudo-bulk marker modules,train,ok,189,suppressed,0.0657772990578415,0.07995855446725968
future_burden_all_models,Pure ML: pseudo-bulk marker modules,train,ok,64,chronic,0.2471687727764202,0.24267595605793263
future_burden_all_models,Pure ML: pseudo-bulk marker modules,train,ok,125,immune_excluded,0.1464151755460547,0.14875662523371277
future_burden_all_models,Pure ML: pseudo-bulk marker modules,train,ok,36,acute_resolving,0.06712520567712207,0.11412383087883353
future_burden_all_models,Pure ML: pseudo-bulk marker modules,train,ok,71,chronic,0.3776348338131003,0.33391066514465034
future_burden_all_models,Pure ML: pseudo-bulk marker modules,train,ok,12,acute_resolving,0.17569498233498734,0.20785991412504354
future_burden_all_models,Pure ML: pseudo-bulk marker modules,train,ok,120,hyperinflammatory,0.3152687866417902,0.2680506118470199
future_burden_all_models,Pure ML: pseudo-bulk marker modules,train,ok,48,chronic,0.403099727293235,0.35218254257559123
future_burden_all_models,Pure ML: pseudo-bulk marker modules,train,ok,55,chronic,0.24110583252712714,0.2079435023564165
future_burden_all_models,Pure ML: pseudo-bulk marker modules,train,ok,18,acute_resolving,0.08022349839872492,0.09140560285768927
future_burden_all_models,Pure ML: pseudo-bulk marker modules,train,ok,119,hyperinflammatory,0.34304366697681576,0.3122857850622688
future_burden_all_models,Pure ML: pseudo-bulk marker modules,train,ok,145,immune_excluded,0.09942589982171483,0.10581181363595264
future_burden_all_models,Pure ML: pseudo-bulk marker modules,train,ok,28,acute_resolving,0.07360072926052083,0.0858538015175473
future_burden_all_models,Pure ML: pseudo-bulk marker modules,train,ok,91,hyperinflammatory,0.3825824635686646,0.33157776083159707
future_burden_all_models,Pure ML: pseudo-bulk marker modules,train,ok,92,hyperinflammatory,0.3345365312869948,0.3125939227928788
future_burden_all_models,Pure ML: pseudo-bulk marker modules,train,ok,6,acute_resolving,0.08076389099546648,0.08384258316701661
future_burden_all_models,Pure ML: pseudo-bulk marker modules,train,ok,32,acute_resolving,0.09575067935033668,0.10095968197508418
future_burden_all_models,Pure ML: pseudo-bulk marker modules,train,ok,137,immune_excluded,0.2887441932088256,0.2544153460498374
future_burden_all_models,Pure ML: pseudo-bulk marker modules,train,ok,27,acute_resolving,0.19512619870226489,0.2057535351942677
future_burden_all_models,Pure ML: pseudo-bulk marker modules,train,ok,114,hyperinflammatory,0.30522007968943604,0.29320821833108246
future_burden_all_models,Pure ML: pseudo-bulk marker modules,train,ok,124,immune_excluded,0.16544727972282572,0.15515816618720385
future_burden_all_models,Pure ML: pseudo-bulk marker modules,train,ok,72,chronic,0.17395864442727932,0.1327519721428474
future_burden_all_models,Pure ML: pseudo-bulk marker modules,train,ok,99,hyperinflammatory,0.1291497736439301,0.11573558651283655
future_burden_all_models,Pure ML: pseudo-bulk marker modules,train,ok,174,suppressed,0.0976482142596182,0.1108086439785852
future_burden_all_models,Pure ML: pseudo-bulk marker modules,train,ok,73,chronic,0.2699591912231375,0.21628990234807563
future_burden_all_models,Pure ML: pseudo-bulk marker modules,train,ok,100,hyperinflammatory,0.1792756287796367,0.2291069474193521
future_burden_all_models,Pure ML: pseudo-bulk marker modules,train,ok,84,hyperinflammatory,0.12881124671538408,0.11945458733473764
future_burden_all_models,Pure ML: pseudo-bulk marker modules,train,ok,25,acute_resolving,0.06643827885596011,0.07822933278806361
future_burden_all_models,Pure ML: pseudo-bulk marker modules,train,ok,22,acute_resolving,0.07059814596511194,0.08753234531851756
future_burden_all_models,Pure ML: pseudo-bulk marker modules,train,ok,172,suppressed,0.061303395877489716,0.07013060635713947
future_burden_all_models,Pure ML: pseudo-bulk marker modules,train,ok,135,immune_excluded,0.23533516977049052,0.26076772309830926
future_burden_all_models,Pure ML: pseudo-bulk marker modules,train,ok,113,hyperinflammatory,0.32731174432081567,0.2779960697738166
future_burden_all_models,Pure ML: pseudo-bulk marker modules,train,ok,83,hyperinflammatory,0.19247319835744103,0.1774159249037754
future_burden_all_models,Pure ML: pseudo-bulk marker modules,train,ok,140,immune_excluded,0.1813693246041445,0.1503382235573732
future_burden_all_models,Pure ML: pseudo-bulk marker modules,train,ok,192,suppressed,0.06363134183978866,0.07353930819477125
future_burden_all_models,Pure ML: pseudo-bulk marker modules,train,ok,179,suppressed,0.05928086678179292,0.08116821461642963
future_burden_all_models,Pure ML: pseudo-bulk marker modules,train,ok,149,immune_excluded,0.09151682582970821,0.106454275168642
future_burden_all_models,Pure ML: pseudo-bulk marker modules,train,ok,153,immune_excluded,0.16037448746057764,0.13892119487646556
future_burden_all_models,Pure ML: pseudo-bulk marker modules,train,ok,164,suppressed,0.05194638627471002,0.07816423574056387
future_burden_all_models,Pure ML: pseudo-bulk marker modules,train,ok,139,immune_excluded,0.12517146581813274,0.11634161828980462
future_burden_all_models,Pure ML: pseudo-bulk marker modules,train,ok,40,acute_resolving,0.0703732169055205,0.07152157271473591
future_burden_all_models,Pure ML: pseudo-bulk marker modules,train,ok,41,chronic,0.28739905553738443,0.264554728437508
future_burden_all_models,Pure ML: pseudo-bulk marker modules,train,ok,51,chronic,0.39057996083803875,0.3554845356454558
future_burden_all_models,Pure ML: pseudo-bulk marker modules,train,ok,191,suppressed,0.06151471738705555,0.076864149876428
future_burden_all_models,Pure ML: pseudo-bulk marker modules,train,ok,10,acute_resolving,0.0607388932804261,0.07662190657478603
future_burden_all_models,Pure ML: pseudo-bulk marker modules,train,ok,76,chronic,0.16721319334328535,0.1592741372674191
future_burden_all_models,Pure ML: pseudo-bulk marker modules,train,ok,141,immune_excluded,0.1409262991023126,0.14440393553469916
future_burden_all_models,Pure ML: pseudo-bulk marker modules,train,ok,169,suppressed,0.06396018352160243,0.10487506771377635
future_burden_all_models,Pure ML: pseudo-bulk marker modules,train,ok,60,chronic,0.16660227405499917,0.15203207908582736
future_burden_all_models,Pure ML: pseudo-bulk marker modules,train,ok,162,suppressed,0.0457051288623549,0.07530838778155355
future_burden_all_models,Pure ML: pseudo-bulk marker modules,train,ok,38,acute_resolving,0.09350726539705287,0.1434041092959358
future_burden_all_models,Pure ML: pseudo-bulk marker modules,train,ok,50,chronic,0.16146059547290886,0.14604822849216972
future_burden_all_models,Pure ML: pseudo-bulk marker modules,train,ok,63,chronic,0.3082136318509301,0.2478813122874612
future_burden_all_models,Pure ML: pseudo-bulk marker modules,train,ok,2,acute_resolving,0.06665665860398758,0.10638652772275228
future_burden_all_models,Pure ML: pseudo-bulk marker modules,train,ok,77,chronic,0.2369424843877912,0.2294616727973963
future_burden_all_models,Pure ML: pseudo-bulk marker modules,train,ok,110,hyperinflammatory,0.30781309386219624,0.29405587654560045
future_burden_all_models,Pure ML: pseudo-bulk marker modules,train,ok,47,chronic,0.20136669606600283,0.1910666019518743
future_burden_all_models,Pure ML: pseudo-bulk marker modules,train,ok,156,immune_excluded,0.12697100756704832,0.12013131621373539
future_burden_all_models,Pure ML: pseudo-bulk marker modules,train,ok,183,suppressed,0.0677421135431344,0.07551508564273907
future_burden_all_models,Pure ML: pseudo-bulk marker modules,train,ok,20,acute_resolving,0.15070403542920607,0.17044449070053583
future_burden_all_models,Pure ML: pseudo-bulk marker modules,train,ok,87,hyperinflammatory,0.3254304886682681,0.2930637944502251
future_burden_all_models,Pure ML: pseudo-bulk marker modules,train,ok,56,chronic,0.22244307806158434,0.20348121172498487
future_burden_all_models,Pure ML: pseudo-bulk marker modules,train,ok,53,chronic,0.14456916270708023,0.135664460799536
future_burden_all_models,Pure ML: pseudo-bulk marker modules,train,ok,67,chronic,0.20517832107845896,0.20920105617905577
future_burden_all_models,Pure ML: pseudo-bulk marker modules,train,ok,150,immune_excluded,0.15495874238669383,0.15548665065033135
future_burden_all_models,Pure ML: pseudo-bulk marker modules,train,ok,75,chronic,0.17151656776318444,0.14167967981934876
future_burden_all_models,Pure ML: pseudo-bulk marker modules,train,ok,111,hyperinflammatory,0.11642126257182384,0.1658873847068735
future_burden_all_models,Pure ML: pseudo-bulk marker modules,train,ok,122,immune_excluded,0.3360422188098062,0.328636031692703
future_burden_all_models,Pure ML: pseudo-bulk marker modules,train,ok,165,suppressed,0.08719688872278407,0.09318198535294633
future_burden_all_models,Pure ML: pseudo-bulk marker modules,train,ok,173,suppressed,0.06170535052537512,0.07606624459889909
future_burden_all_models,Pure ML: pseudo-bulk marker modules,train,ok,97,hyperinflammatory,0.1442093296305148,0.1301550501398663
future_burden_all_models,Pure ML: pseudo-bulk marker modules,train,ok,108,hyperinflammatory,0.3804127458757965,0.3305568293013337
future_burden_all_models,Pure ML: pseudo-bulk marker modules,train,ok,1,acute_resolving,0.10294366772473462,0.13139400546884297
future_burden_all_models,Pure ML: pseudo-bulk marker modules,train,ok,59,chronic,0.1998218162689698,0.19098320140254027
future_burden_all_models,Pure ML: pseudo-bulk marker modules,train,ok,175,suppressed,0.09384666361914017,0.1168391248955618
future_burden_all_models,Pure ML: pseudo-bulk marker modules,train,ok,34,acute_resolving,0.2016888556015865,0.20485231216034108
future_burden_all_models,Pure ML: pseudo-bulk marker modules,train,ok,16,acute_resolving,0.16048182909770783,0.16098001128050987
future_burden_all_models,Pure ML: pseudo-bulk marker modules,train,ok,148,immune_excluded,0.21918826252838397,0.18217269830553554
future_burden_all_models,Pure ML: pseudo-bulk marker modules,train,ok,117,hyperinflammatory,0.1652962855657467,0.17305573806679966
future_burden_all_models,Pure ML: pseudo-bulk marker modules,train,ok,176,suppressed,0.08876106608528458,0.08801697916890391
future_burden_all_models,Pure ML: pseudo-bulk marker modules,train,ok,68,chronic,0.22930286717943854,0.2071760861136369
future_burden_all_models,Pure ML: pseudo-bulk marker modules,train,ok,115,hyperinflammatory,0.17920553425511848,0.15432571401784606
future_burden_all_models,Pure ML: pseudo-bulk marker modules,train,ok,132,immune_excluded,0.13935442826798403,0.14615054592193716
future_burden_all_models,Pure ML: pseudo-bulk marker modules,train,ok,9,acute_resolving,0.21295279098322822,0.22052307908636376
future_burden_all_models,Pure ML: pseudo-bulk marker modules,train,ok,130,immune_excluded,0.17218882667771632,0.18840154816286966
future_burden_all_models,Pure ML: pseudo-bulk marker modules,train,ok,26,acute_resolving,0.18901629526185912,0.20317058261067017
future_burden_all_models,Pure ML: pseudo-bulk marker modules,train,ok,89,hyperinflammatory,0.3604720211575839,0.3341429598709128
future_burden_all_models,Pure ML: pseudo-bulk marker modules,train,ok,85,hyperinflammatory,0.3393081988661317,0.28927725085185946
future_burden_all_models,Pure ML: pseudo-bulk marker modules,train,ok,126,immune_excluded,0.10801308163344087,0.1318387123131887
future_burden_all_models,Pure ML: pseudo-bulk marker modules,train,ok,127,immune_excluded,0.3340544241787802,0.3315416782617289
future_burden_all_models,Pure ML: pseudo-bulk marker modules,train,ok,102,hyperinflammatory,0.1069993582586517,0.10998745079528285
future_burden_all_models,Pure ML: pseudo-bulk marker modules,train,ok,30,acute_resolving,0.18958154774557182,0.24725213758919634
future_burden_all_models,Pure ML: pseudo-bulk marker modules,train,ok,74,chronic,0.3814531853180955,0.33965865650282856
future_burden_all_models,Pure ML: pseudo-bulk marker modules,train,ok,181,suppressed,0.042333476491936556,0.06988644995768678
future_burden_all_models,Pure ML: pseudo-bulk marker modules,train,ok,82,hyperinflammatory,0.22708174860494942,0.19220829398008582
future_burden_all_models,Pure ML: pseudo-bulk marker modules,train,ok,43,chronic,0.3106231863698265,0.2861583006459971
future_burden_all_models,Pure ML: pseudo-bulk marker modules,train,ok,163,suppressed,0.05039347286607311,0.07995031872505529
future_burden_all_models,Pure ML: pseudo-bulk marker modules,train,ok,178,suppressed,0.07830210663522934,0.08204751065507737
future_burden_all_models,Pure ML: pseudo-bulk marker modules,train,ok,184,suppressed,0.04557459475566145,0.08862993102811585
future_burden_all_models,Pure ML: pseudo-bulk marker modules,train,ok,93,hyperinflammatory,0.18802178830457214,0.18688833867920546
future_burden_all_models,Pure ML: pseudo-bulk marker modules,train,ok,69,chronic,0.15432961917102073,0.1619232090796912
future_burden_all_models,Pure ML: pseudo-bulk marker modules,train,ok,161,suppressed,0.0604221779150073,0.07445524476787167
future_burden_all_models,Pure ML: pseudo-bulk marker modules,train,ok,17,acute_resolving,0.05767434480317867,0.16487211017324913
future_burden_all_models,Pure ML: pseudo-bulk marker modules,train,ok,194,suppressed,0.0604074004064277,0.07403368794546937
future_burden_all_models,Pure ML: pseudo-bulk marker modules,train,ok,112,hyperinflammatory,0.15425081478607627,0.1403041143981187
future_burden_all_models,Pure ML: pseudo-bulk marker modules,train,ok,193,suppressed,0.08495619807455647,0.08597811806554717
future_burden_all_models,Pure ML: pseudo-bulk marker modules,train,ok,138,immune_excluded,0.17037201527363321,0.20977028518354413
future_burden_all_models,Pure ML: pseudo-bulk marker modules,train,ok,159,immune_excluded,0.17810890794744463,0.1565595918324088
future_burden_all_models,Pure ML: pseudo-bulk marker modules,train,ok,195,suppressed,0.05607942068340922,0.09760908153895177
future_burden_all_models,Pure ML: pseudo-bulk marker modules,train,ok,186,suppressed,0.09084114155032492,0.11187734341452464
future_burden_all_models,Pure ML: pseudo-bulk marker modules,test,ok,39,acute_resolving,0.06266598022291667,0.11525775757109641
future_burden_all_models,Pure ML: pseudo-bulk marker modules,test,ok,185,suppressed,0.05424353241647829,0.07735380634143064
future_burden_all_models,Pure ML: pseudo-bulk marker modules,test,ok,121,immune_excluded,0.21312791061811376,0.14818740032035602
future_burden_all_models,Pure ML: pseudo-bulk marker modules,test,ok,147,immune_excluded,0.28289275936850483,0.23898163129290914
future_burden_all_models,Pure ML: pseudo-bulk marker modules,test,ok,19,acute_resolving,0.06263307046602881,0.09263057354035573
future_burden_all_models,Pure ML: pseudo-bulk marker modules,test,ok,42,chronic,0.3110914559376187,0.25709339063722936
future_burden_all_models,Pure ML: pseudo-bulk marker modules,test,ok,105,hyperinflammatory,0.21145727923861984,0.1512200310547932
future_burden_all_models,Pure ML: pseudo-bulk marker modules,test,ok,54,chronic,0.14718354742054462,0.10418553853391513
future_burden_all_models,Pure ML: pseudo-bulk marker modules,test,ok,21,acute_resolving,0.0524027570798319,0.1115421026947015
future_burden_all_models,Pure ML: pseudo-bulk marker modules,test,ok,155,immune_excluded,0.13906977378703508,0.0996448260557395
future_burden_all_models,Pure ML: pseudo-bulk marker modules,test,ok,166,suppressed,0.06217778970878385,0.10599379373182585
future_burden_all_models,Pure ML: pseudo-bulk marker modules,test,ok,144,immune_excluded,0.13000404757198142,0.1602318078346083
future_burden_all_models,Pure ML: pseudo-bulk marker modules,test,ok,188,suppressed,0.06491244754300274,0.13983505190920067
future_burden_all_models,Pure ML: pseudo-bulk marker modules,test,ok,180,suppressed,0.06363680734605627,0.10595206115618488
future_burden_all_models,Pure ML: pseudo-bulk marker modules,test,ok,198,suppressed,0.04950995739653964,0.09729211233748586
future_burden_all_models,Pure ML: pseudo-bulk marker modules,test,ok,61,chronic,0.15841424285585307,0.11886241589407223
future_burden_all_models,Pure ML: pseudo-bulk marker modules,test,ok,79,chronic,0.17237840030067622,0.10145955019877612
future_burden_all_models,Pure ML: pseudo-bulk marker modules,test,ok,65,chronic,0.2793841894750788,0.2281284196542777
future_burden_all_models,Pure ML: pseudo-bulk marker modules,test,ok,80,chronic,0.2534039796998062,0.25142652611186994
future_burden_all_models,Pure ML: pseudo-bulk marker modules,test,ok,15,acute_resolving,0.07493823033148445,0.10936307334443343
future_burden_all_models,Pure ML: pseudo-bulk marker modules,test,ok,24,acute_resolving,0.05760002710578522,0.09383078054586624
future_burden_all_models,Pure ML: pseudo-bulk marker modules,test,ok,49,chronic,0.40234586362371944,0.24124710606219527
future_burden_all_models,Pure ML: pseudo-bulk marker modules,test,ok,94,hyperinflammatory,0.38422065008518635,0.26290749800899044
future_burden_all_models,Pure ML: pseudo-bulk marker modules,test,ok,23,acute_resolving,0.06288019170866263,0.0912082176832411
future_burden_all_models,Pure ML: pseudo-bulk marker modules,test,ok,95,hyperinflammatory,0.1893896416937826,0.14727512446726249
future_burden_all_models,Pure ML: pseudo-bulk marker modules,test,ok,8,acute_resolving,0.1710641422032237,0.20822752967645064
future_burden_all_models,Pure ML: pseudo-bulk marker modules,test,ok,142,immune_excluded,0.23804163427268468,0.24949956232738588
future_burden_all_models,Pure ML: pseudo-bulk marker modules,test,ok,66,chronic,0.21505450796620268,0.13537186325865777
future_burden_all_models,Pure ML: pseudo-bulk marker modules,test,ok,171,suppressed,0.05590996059033122,0.10909734238283728
future_burden_all_models,Pure ML: pseudo-bulk marker modules,test,ok,96,hyperinflammatory,0.35727644618180365,0.24414208837811677
future_burden_all_models,Pure ML: pseudo-bulk marker modules,test,ok,58,chronic,0.22281828514481905,0.15185685563032558
future_burden_all_models,Pure ML: pseudo-bulk marker modules,test,ok,199,suppressed,0.055449124622359416,0.11321800154833894
future_burden_all_models,Pure ML: pseudo-bulk marker modules,test,ok,157,immune_excluded,0.11048661538695917,0.12572044146851555
future_burden_all_models,Pure ML: pseudo-bulk marker modules,test,ok,88,hyperinflammatory,0.1580913770506452,0.12499547256873539
future_burden_all_models,Pure ML: pseudo-bulk marker modules,test,ok,29,acute_resolving,0.07176821797577448,0.11231871554336917
future_burden_all_models,Pure ML: pseudo-bulk marker modules,test,ok,134,immune_excluded,0.0775932100203578,0.11810680971340497
future_burden_all_models,Pure ML: pseudo-bulk marker modules,test,ok,44,chronic,0.31624434693178644,0.14116776397369155
future_burden_all_models,Pure ML: pseudo-bulk marker modules,test,ok,101,hyperinflammatory,0.13471857225029923,0.10665890928032437
future_burden_all_models,Pure ML: pseudo-bulk marker modules,test,ok,196,suppressed,0.05431544438932757,0.09601065304060516
future_burden_all_models,Pure ML: pseudo-bulk marker modules,test,ok,103,hyperinflammatory,0.30918531424734597,0.29522055952778653
future_burden_all_models,Pure ML: pseudo-bulk marker modules,test,ok,33,acute_resolving,0.1792277869207316,0.23642377656814892
future_burden_all_models,Pure ML: pseudo-bulk marker modules,test,ok,104,hyperinflammatory,0.3641171639856099,0.20604670136564954
future_burden_all_models,Pure ML: pseudo-bulk marker modules,test,ok,106,hyperinflammatory,0.3457714086336047,0.20612451592475628
future_burden_all_models,Pure ML: pseudo-bulk marker modules,test,ok,123,immune_excluded,0.1286732391941205,0.15653318164191468
future_burden_all_models,Pure ML: pseudo-bulk marker modules,test,ok,98,hyperinflammatory,0.2373559631194544,0.19800490281650676
future_burden_all_models,Pure ML: pseudo-bulk marker modules,test,ok,190,suppressed,0.05757983358302931,0.10472198735174766
future_burden_all_models,Pure ML: pseudo-bulk marker modules,test,ok,143,immune_excluded,0.2582041080668625,0.19243999950087545
future_burden_all_models,Pure ML: pseudo-bulk marker modules,test,ok,11,acute_resolving,0.07216595670329484,0.2421787229053537
future_burden_all_models,Pure ML: pseudo-bulk marker modules,test,ok,154,immune_excluded,0.1698659823179018,0.16053648982008067
future_burden_all_models,Pure ML: pseudo-bulk marker modules,test,ok,167,suppressed,0.04174832207021787,0.09709183929595677
future_burden_all_models,Pure ML: RNAseq-like gene features,train,ok,182,suppressed,0.0683712308397611,0.10377407785901041
future_burden_all_models,Pure ML: RNAseq-like gene features,train,ok,133,immune_excluded,0.19104419924573593,0.2077242513944363
future_burden_all_models,Pure ML: RNAseq-like gene features,train,ok,109,hyperinflammatory,0.20238624452500706,0.17813695956992065
future_burden_all_models,Pure ML: RNAseq-like gene features,train,ok,7,acute_resolving,0.07435866293742996,0.09695630834467323
future_burden_all_models,Pure ML: RNAseq-like gene features,train,ok,151,immune_excluded,0.1970304229126578,0.2260461767328885
future_burden_all_models,Pure ML: RNAseq-like gene features,train,ok,152,immune_excluded,0.21883831375630053,0.23364646798635302
future_burden_all_models,Pure ML: RNAseq-like gene features,train,ok,158,immune_excluded,0.1473794864549834,0.14566051114077042
future_burden_all_models,Pure ML: RNAseq-like gene features,train,ok,118,hyperinflammatory,0.3477590918361296,0.29208178780441324
future_burden_all_models,Pure ML: RNAseq-like gene features,train,ok,35,acute_resolving,0.1906925176179525,0.19263021958696872
future_burden_all_models,Pure ML: RNAseq-like gene features,train,ok,131,immune_excluded,0.18503932461114386,0.1682939732151678
future_burden_all_models,Pure ML: RNAseq-like gene features,train,ok,62,chronic,0.19689277805655858,0.17220336642490908
future_burden_all_models,Pure ML: RNAseq-like gene features,train,ok,160,immune_excluded,0.12178997641133647,0.12548130537507055
future_burden_all_models,Pure ML: RNAseq-like gene features,train,ok,177,suppressed,0.06335553709522648,0.09492031552743756
future_burden_all_models,Pure ML: RNAseq-like gene features,train,ok,200,suppressed,0.07206233112210889,0.08902327014032399
future_burden_all_models,Pure ML: RNAseq-like gene features,train,ok,14,acute_resolving,0.043437149322267034,0.07086622175524869
future_burden_all_models,Pure ML: RNAseq-like gene features,train,ok,90,hyperinflammatory,0.1613539131566745,0.1498429848485261
future_burden_all_models,Pure ML: RNAseq-like gene features,train,ok,187,suppressed,0.09747490818269092,0.10398754993447694
future_burden_all_models,Pure ML: RNAseq-like gene features,train,ok,197,suppressed,0.04338911142274665,0.07015222176619709
future_burden_all_models,Pure ML: RNAseq-like gene features,train,ok,3,acute_resolving,0.03896084127614266,0.06554714730056521
future_burden_all_models,Pure ML: RNAseq-like gene features,train,ok,13,acute_resolving,0.1953635725683529,0.20419462766312194
future_burden_all_models,Pure ML: RNAseq-like gene features,train,ok,81,hyperinflammatory,0.1556211503380359,0.14897389489560184
future_burden_all_models,Pure ML: RNAseq-like gene features,train,ok,170,suppressed,0.05319394954501663,0.07320720108240239
future_burden_all_models,Pure ML: RNAseq-like gene features,train,ok,70,chronic,0.2904262656067884,0.25368905328091884
future_burden_all_models,Pure ML: RNAseq-like gene features,train,ok,107,hyperinflammatory,0.20636113218997404,0.1798340509883356
future_burden_all_models,Pure ML: RNAseq-like gene features,train,ok,128,immune_excluded,0.15310519593444272,0.18571851599282177
future_burden_all_models,Pure ML: RNAseq-like gene features,train,ok,57,chronic,0.1285911869454824,0.13483673933208284
future_burden_all_models,Pure ML: RNAseq-like gene features,train,ok,129,immune_excluded,0.1485291793260984,0.13249397477170335
future_burden_all_models,Pure ML: RNAseq-like gene features,train,ok,146,immune_excluded,0.18209756590039214,0.19590334158734315
future_burden_all_models,Pure ML: RNAseq-like gene features,train,ok,86,hyperinflammatory,0.323031954613824,0.2504760952565602
future_burden_all_models,Pure ML: RNAseq-like gene features,train,ok,4,acute_resolving,0.04919954593255447,0.08584723693702703
future_burden_all_models,Pure ML: RNAseq-like gene features,train,ok,168,suppressed,0.06567530401170554,0.0826898647607345
future_burden_all_models,Pure ML: RNAseq-like gene features,train,ok,5,acute_resolving,0.2055889526329267,0.20970615649490534
future_burden_all_models,Pure ML: RNAseq-like gene features,train,ok,116,hyperinflammatory,0.3196493225394033,0.2938896451942958
future_burden_all_models,Pure ML: RNAseq-like gene features,train,ok,37,acute_resolving,0.05444441933049729,0.07333587296457768
future_burden_all_models,Pure ML: RNAseq-like gene features,train,ok,78,chronic,0.1635406856633828,0.14286620073785206
future_burden_all_models,Pure ML: RNAseq-like gene features,train,ok,46,chronic,0.19309974877563654,0.15389691937706512
future_burden_all_models,Pure ML: RNAseq-like gene features,train,ok,52,chronic,0.26719910310197553,0.25783999653887113
future_burden_all_models,Pure ML: RNAseq-like gene features,train,ok,45,chronic,0.24711334826765757,0.20082859122600016
future_burden_all_models,Pure ML: RNAseq-like gene features,train,ok,136,immune_excluded,0.17074089401368558,0.1656388694113718
future_burden_all_models,Pure ML: RNAseq-like gene features,train,ok,31,acute_resolving,0.045439567864641685,0.0741738561411188
future_burden_all_models,Pure ML: RNAseq-like gene features,train,ok,189,suppressed,0.0657772990578415,0.08873588770971676
future_burden_all_models,Pure ML: RNAseq-like gene features,train,ok,64,chronic,0.2471687727764202,0.2338620909133556
future_burden_all_models,Pure ML: RNAseq-like gene features,train,ok,125,immune_excluded,0.1464151755460547,0.14761466758187228
future_burden_all_models,Pure ML: RNAseq-like gene features,train,ok,36,acute_resolving,0.06712520567712207,0.10096392405537984
future_burden_all_models,Pure ML: RNAseq-like gene features,train,ok,71,chronic,0.3776348338131003,0.31108892185716563
future_burden_all_models,Pure ML: RNAseq-like gene features,train,ok,12,acute_resolving,0.17569498233498734,0.1873390681704718
future_burden_all_models,Pure ML: RNAseq-like gene features,train,ok,120,hyperinflammatory,0.3152687866417902,0.2755701690027726
future_burden_all_models,Pure ML: RNAseq-like gene features,train,ok,48,chronic,0.403099727293235,0.3366852288982418
future_burden_all_models,Pure ML: RNAseq-like gene features,train,ok,55,chronic,0.24110583252712714,0.22971115420914953
future_burden_all_models,Pure ML: RNAseq-like gene features,train,ok,18,acute_resolving,0.08022349839872492,0.10449849373945613
future_burden_all_models,Pure ML: RNAseq-like gene features,train,ok,119,hyperinflammatory,0.34304366697681576,0.2727426841038482
future_burden_all_models,Pure ML: RNAseq-like gene features,train,ok,145,immune_excluded,0.09942589982171483,0.10985427569382601
future_burden_all_models,Pure ML: RNAseq-like gene features,train,ok,28,acute_resolving,0.07360072926052083,0.09261964532263552
future_burden_all_models,Pure ML: RNAseq-like gene features,train,ok,91,hyperinflammatory,0.3825824635686646,0.32141341845841487
future_burden_all_models,Pure ML: RNAseq-like gene features,train,ok,92,hyperinflammatory,0.3345365312869948,0.28427607554912115
future_burden_all_models,Pure ML: RNAseq-like gene features,train,ok,6,acute_resolving,0.08076389099546648,0.09356287587876076
future_burden_all_models,Pure ML: RNAseq-like gene features,train,ok,32,acute_resolving,0.09575067935033668,0.10665185664530137
future_burden_all_models,Pure ML: RNAseq-like gene features,train,ok,137,immune_excluded,0.2887441932088256,0.26377267522012177
future_burden_all_models,Pure ML: RNAseq-like gene features,train,ok,27,acute_resolving,0.19512619870226489,0.20267780378691203
future_burden_all_models,Pure ML: RNAseq-like gene features,train,ok,114,hyperinflammatory,0.30522007968943604,0.27072558212793557
future_burden_all_models,Pure ML: RNAseq-like gene features,train,ok,124,immune_excluded,0.16544727972282572,0.16055837162183767
future_burden_all_models,Pure ML: RNAseq-like gene features,train,ok,72,chronic,0.17395864442727932,0.15406200647232438
future_burden_all_models,Pure ML: RNAseq-like gene features,train,ok,99,hyperinflammatory,0.1291497736439301,0.1203871278846962
future_burden_all_models,Pure ML: RNAseq-like gene features,train,ok,174,suppressed,0.0976482142596182,0.10855080006356066
future_burden_all_models,Pure ML: RNAseq-like gene features,train,ok,73,chronic,0.2699591912231375,0.2222316756799106
future_burden_all_models,Pure ML: RNAseq-like gene features,train,ok,100,hyperinflammatory,0.1792756287796367,0.1967603498033971
future_burden_all_models,Pure ML: RNAseq-like gene features,train,ok,84,hyperinflammatory,0.12881124671538408,0.12167298255012318
future_burden_all_models,Pure ML: RNAseq-like gene features,train,ok,25,acute_resolving,0.06643827885596011,0.09711406129487206
future_burden_all_models,Pure ML: RNAseq-like gene features,train,ok,22,acute_resolving,0.07059814596511194,0.09152933502682487
future_burden_all_models,Pure ML: RNAseq-like gene features,train,ok,172,suppressed,0.061303395877489716,0.08236555199472498
future_burden_all_models,Pure ML: RNAseq-like gene features,train,ok,135,immune_excluded,0.23533516977049052,0.23321655304625163
future_burden_all_models,Pure ML: RNAseq-like gene features,train,ok,113,hyperinflammatory,0.32731174432081567,0.29422057544360714
future_burden_all_models,Pure ML: RNAseq-like gene features,train,ok,83,hyperinflammatory,0.19247319835744103,0.175621019711283
future_burden_all_models,Pure ML: RNAseq-like gene features,train,ok,140,immune_excluded,0.1813693246041445,0.15744439151529
future_burden_all_models,Pure ML: RNAseq-like gene features,train,ok,192,suppressed,0.06363134183978866,0.08606033670285007
future_burden_all_models,Pure ML: RNAseq-like gene features,train,ok,179,suppressed,0.05928086678179292,0.0861613658073659
future_burden_all_models,Pure ML: RNAseq-like gene features,train,ok,149,immune_excluded,0.09151682582970821,0.1307413690474201
future_burden_all_models,Pure ML: RNAseq-like gene features,train,ok,153,immune_excluded,0.16037448746057764,0.1475086751244974
future_burden_all_models,Pure ML: RNAseq-like gene features,train,ok,164,suppressed,0.05194638627471002,0.08117626069775115
future_burden_all_models,Pure ML: RNAseq-like gene features,train,ok,139,immune_excluded,0.12517146581813274,0.1288815538583257
future_burden_all_models,Pure ML: RNAseq-like gene features,train,ok,40,acute_resolving,0.0703732169055205,0.091492987117669
future_burden_all_models,Pure ML: RNAseq-like gene features,train,ok,41,chronic,0.28739905553738443,0.24389006265451257
future_burden_all_models,Pure ML: RNAseq-like gene features,train,ok,51,chronic,0.39057996083803875,0.34093703506031303
future_burden_all_models,Pure ML: RNAseq-like gene features,train,ok,191,suppressed,0.06151471738705555,0.0838791075112323
future_burden_all_models,Pure ML: RNAseq-like gene features,train,ok,10,acute_resolving,0.0607388932804261,0.09471326760655102
future_burden_all_models,Pure ML: RNAseq-like gene features,train,ok,76,chronic,0.16721319334328535,0.16575800622883202
future_burden_all_models,Pure ML: RNAseq-like gene features,train,ok,141,immune_excluded,0.1409262991023126,0.14297059092882675
future_burden_all_models,Pure ML: RNAseq-like gene features,train,ok,169,suppressed,0.06396018352160243,0.11005289979294146
future_burden_all_models,Pure ML: RNAseq-like gene features,train,ok,60,chronic,0.16660227405499917,0.14569174257062956
future_burden_all_models,Pure ML: RNAseq-like gene features,train,ok,162,suppressed,0.0457051288623549,0.09752589163122989
future_burden_all_models,Pure ML: RNAseq-like gene features,train,ok,38,acute_resolving,0.09350726539705287,0.1551538223118806
future_burden_all_models,Pure ML: RNAseq-like gene features,train,ok,50,chronic,0.16146059547290886,0.14812280529103328
future_burden_all_models,Pure ML: RNAseq-like gene features,train,ok,63,chronic,0.3082136318509301,0.28823465808126425
future_burden_all_models,Pure ML: RNAseq-like gene features,train,ok,2,acute_resolving,0.06665665860398758,0.1192991995881668
future_burden_all_models,Pure ML: RNAseq-like gene features,train,ok,77,chronic,0.2369424843877912,0.19853322163394374
future_burden_all_models,Pure ML: RNAseq-like gene features,train,ok,110,hyperinflammatory,0.30781309386219624,0.2754829359087325
future_burden_all_models,Pure ML: RNAseq-like gene features,train,ok,47,chronic,0.20136669606600283,0.1834006998837703
future_burden_all_models,Pure ML: RNAseq-like gene features,train,ok,156,immune_excluded,0.12697100756704832,0.12709432224460634
future_burden_all_models,Pure ML: RNAseq-like gene features,train,ok,183,suppressed,0.0677421135431344,0.08950025565126767
future_burden_all_models,Pure ML: RNAseq-like gene features,train,ok,20,acute_resolving,0.15070403542920607,0.1810662599885143
future_burden_all_models,Pure ML: RNAseq-like gene features,train,ok,87,hyperinflammatory,0.3254304886682681,0.2951143221183669
future_burden_all_models,Pure ML: RNAseq-like gene features,train,ok,56,chronic,0.22244307806158434,0.21186710423191993
future_burden_all_models,Pure ML: RNAseq-like gene features,train,ok,53,chronic,0.14456916270708023,0.1288468744704417
future_burden_all_models,Pure ML: RNAseq-like gene features,train,ok,67,chronic,0.20517832107845896,0.2124975380353031
future_burden_all_models,Pure ML: RNAseq-like gene features,train,ok,150,immune_excluded,0.15495874238669383,0.17936949394708407
future_burden_all_models,Pure ML: RNAseq-like gene features,train,ok,75,chronic,0.17151656776318444,0.15033648669828698
future_burden_all_models,Pure ML: RNAseq-like gene features,train,ok,111,hyperinflammatory,0.11642126257182384,0.1229746922734315
future_burden_all_models,Pure ML: RNAseq-like gene features,train,ok,122,immune_excluded,0.3360422188098062,0.28737045134835437
future_burden_all_models,Pure ML: RNAseq-like gene features,train,ok,165,suppressed,0.08719688872278407,0.10693031295300755
future_burden_all_models,Pure ML: RNAseq-like gene features,train,ok,173,suppressed,0.06170535052537512,0.10313922709783307
future_burden_all_models,Pure ML: RNAseq-like gene features,train,ok,97,hyperinflammatory,0.1442093296305148,0.1345125686054975
future_burden_all_models,Pure ML: RNAseq-like gene features,train,ok,108,hyperinflammatory,0.3804127458757965,0.32634093034317374
future_burden_all_models,Pure ML: RNAseq-like gene features,train,ok,1,acute_resolving,0.10294366772473462,0.11461408675731617
future_burden_all_models,Pure ML: RNAseq-like gene features,train,ok,59,chronic,0.1998218162689698,0.1926622124678493
future_burden_all_models,Pure ML: RNAseq-like gene features,train,ok,175,suppressed,0.09384666361914017,0.11396117717654511
future_burden_all_models,Pure ML: RNAseq-like gene features,train,ok,34,acute_resolving,0.2016888556015865,0.20572252584596334
future_burden_all_models,Pure ML: RNAseq-like gene features,train,ok,16,acute_resolving,0.16048182909770783,0.18273107435396022
future_burden_all_models,Pure ML: RNAseq-like gene features,train,ok,148,immune_excluded,0.21918826252838397,0.21519794327038927
future_burden_all_models,Pure ML: RNAseq-like gene features,train,ok,117,hyperinflammatory,0.1652962855657467,0.1595412172750542
future_burden_all_models,Pure ML: RNAseq-like gene features,train,ok,176,suppressed,0.08876106608528458,0.09196652021889905
future_burden_all_models,Pure ML: RNAseq-like gene features,train,ok,68,chronic,0.22930286717943854,0.20990575061223915
future_burden_all_models,Pure ML: RNAseq-like gene features,train,ok,115,hyperinflammatory,0.17920553425511848,0.1579908712162392
future_burden_all_models,Pure ML: RNAseq-like gene features,train,ok,132,immune_excluded,0.13935442826798403,0.137622761791131
future_burden_all_models,Pure ML: RNAseq-like gene features,train,ok,9,acute_resolving,0.21295279098322822,0.21632817078794722
future_burden_all_models,Pure ML: RNAseq-like gene features,train,ok,130,immune_excluded,0.17218882667771632,0.20809612939619462
future_burden_all_models,Pure ML: RNAseq-like gene features,train,ok,26,acute_resolving,0.18901629526185912,0.22091585829766677
future_burden_all_models,Pure ML: RNAseq-like gene features,train,ok,89,hyperinflammatory,0.3604720211575839,0.3043748871444746
future_burden_all_models,Pure ML: RNAseq-like gene features,train,ok,85,hyperinflammatory,0.3393081988661317,0.31344813163187346
future_burden_all_models,Pure ML: RNAseq-like gene features,train,ok,126,immune_excluded,0.10801308163344087,0.13379281961251552
future_burden_all_models,Pure ML: RNAseq-like gene features,train,ok,127,immune_excluded,0.3340544241787802,0.310869302219269
future_burden_all_models,Pure ML: RNAseq-like gene features,train,ok,102,hyperinflammatory,0.1069993582586517,0.10856823152630632
future_burden_all_models,Pure ML: RNAseq-like gene features,train,ok,30,acute_resolving,0.18958154774557182,0.22529422470193797
future_burden_all_models,Pure ML: RNAseq-like gene features,train,ok,74,chronic,0.3814531853180955,0.33155703832276434
future_burden_all_models,Pure ML: RNAseq-like gene features,train,ok,181,suppressed,0.042333476491936556,0.07832646275818617
future_burden_all_models,Pure ML: RNAseq-like gene features,train,ok,82,hyperinflammatory,0.22708174860494942,0.1847503678287577
future_burden_all_models,Pure ML: RNAseq-like gene features,train,ok,43,chronic,0.3106231863698265,0.285087881640439
future_burden_all_models,Pure ML: RNAseq-like gene features,train,ok,163,suppressed,0.05039347286607311,0.08363881265346212
future_burden_all_models,Pure ML: RNAseq-like gene features,train,ok,178,suppressed,0.07830210663522934,0.08704080979828098
future_burden_all_models,Pure ML: RNAseq-like gene features,train,ok,184,suppressed,0.04557459475566145,0.0910677214205407
future_burden_all_models,Pure ML: RNAseq-like gene features,train,ok,93,hyperinflammatory,0.18802178830457214,0.1759104340865414
future_burden_all_models,Pure ML: RNAseq-like gene features,train,ok,69,chronic,0.15432961917102073,0.1454377838898687
future_burden_all_models,Pure ML: RNAseq-like gene features,train,ok,161,suppressed,0.0604221779150073,0.08242327609553035
future_burden_all_models,Pure ML: RNAseq-like gene features,train,ok,17,acute_resolving,0.05767434480317867,0.13772124869608074
future_burden_all_models,Pure ML: RNAseq-like gene features,train,ok,194,suppressed,0.0604074004064277,0.08375625974115085
future_burden_all_models,Pure ML: RNAseq-like gene features,train,ok,112,hyperinflammatory,0.15425081478607627,0.1362845295293173
future_burden_all_models,Pure ML: RNAseq-like gene features,train,ok,193,suppressed,0.08495619807455647,0.09967713407278606
future_burden_all_models,Pure ML: RNAseq-like gene features,train,ok,138,immune_excluded,0.17037201527363321,0.19481521273770397
future_burden_all_models,Pure ML: RNAseq-like gene features,train,ok,159,immune_excluded,0.17810890794744463,0.15926027651517122
future_burden_all_models,Pure ML: RNAseq-like gene features,train,ok,195,suppressed,0.05607942068340922,0.12432580817305253
future_burden_all_models,Pure ML: RNAseq-like gene features,train,ok,186,suppressed,0.09084114155032492,0.10965838382079586
future_burden_all_models,Pure ML: RNAseq-like gene features,test,ok,39,acute_resolving,0.06266598022291667,0.1180892133510652
future_burden_all_models,Pure ML: RNAseq-like gene features,test,ok,185,suppressed,0.05424353241647829,0.09469422286427646
future_burden_all_models,Pure ML: RNAseq-like gene features,test,ok,121,immune_excluded,0.21312791061811376,0.14625425559589184
future_burden_all_models,Pure ML: RNAseq-like gene features,test,ok,147,immune_excluded,0.28289275936850483,0.2751676150697203
future_burden_all_models,Pure ML: RNAseq-like gene features,test,ok,19,acute_resolving,0.06263307046602881,0.11197618637244339
future_burden_all_models,Pure ML: RNAseq-like gene features,test,ok,42,chronic,0.3110914559376187,0.22900976202870107
future_burden_all_models,Pure ML: RNAseq-like gene features,test,ok,105,hyperinflammatory,0.21145727923861984,0.13551517078909164
future_burden_all_models,Pure ML: RNAseq-like gene features,test,ok,54,chronic,0.14718354742054462,0.12089092319589231
future_burden_all_models,Pure ML: RNAseq-like gene features,test,ok,21,acute_resolving,0.0524027570798319,0.11543804566101336
future_burden_all_models,Pure ML: RNAseq-like gene features,test,ok,155,immune_excluded,0.13906977378703508,0.10062602005597511
future_burden_all_models,Pure ML: RNAseq-like gene features,test,ok,166,suppressed,0.06217778970878385,0.22004615316013912
future_burden_all_models,Pure ML: RNAseq-like gene features,test,ok,144,immune_excluded,0.13000404757198142,0.14485734102565534
future_burden_all_models,Pure ML: RNAseq-like gene features,test,ok,188,suppressed,0.06491244754300274,0.1272993166721248
future_burden_all_models,Pure ML: RNAseq-like gene features,test,ok,180,suppressed,0.06363680734605627,0.2127822680805678
future_burden_all_models,Pure ML: RNAseq-like gene features,test,ok,198,suppressed,0.04950995739653964,0.12268589719720448
future_burden_all_models,Pure ML: RNAseq-like gene features,test,ok,61,chronic,0.15841424285585307,0.1048677032302895
future_burden_all_models,Pure ML: RNAseq-like gene features,test,ok,79,chronic,0.17237840030067622,0.10327685363941473
future_burden_all_models,Pure ML: RNAseq-like gene features,test,ok,65,chronic,0.2793841894750788,0.2215594460997778
future_burden_all_models,Pure ML: RNAseq-like gene features,test,ok,80,chronic,0.2534039796998062,0.21652472860558813
future_burden_all_models,Pure ML: RNAseq-like gene features,test,ok,15,acute_resolving,0.07493823033148445,0.16257197081037134
future_burden_all_models,Pure ML: RNAseq-like gene features,test,ok,24,acute_resolving,0.05760002710578522,0.11625531574162408
future_burden_all_models,Pure ML: RNAseq-like gene features,test,ok,49,chronic,0.40234586362371944,0.17709579446076545
future_burden_all_models,Pure ML: RNAseq-like gene features,test,ok,94,hyperinflammatory,0.38422065008518635,0.27167761894151043
future_burden_all_models,Pure ML: RNAseq-like gene features,test,ok,23,acute_resolving,0.06288019170866263,0.12134399077773476
future_burden_all_models,Pure ML: RNAseq-like gene features,test,ok,95,hyperinflammatory,0.1893896416937826,0.15461772291768242
future_burden_all_models,Pure ML: RNAseq-like gene features,test,ok,8,acute_resolving,0.1710641422032237,0.1553351887647644
future_burden_all_models,Pure ML: RNAseq-like gene features,test,ok,142,immune_excluded,0.23804163427268468,0.2072958338920079
future_burden_all_models,Pure ML: RNAseq-like gene features,test,ok,66,chronic,0.21505450796620268,0.12500460435561164
future_burden_all_models,Pure ML: RNAseq-like gene features,test,ok,171,suppressed,0.05590996059033122,0.23132966679259026
future_burden_all_models,Pure ML: RNAseq-like gene features,test,ok,96,hyperinflammatory,0.35727644618180365,0.28197778105999616
future_burden_all_models,Pure ML: RNAseq-like gene features,test,ok,58,chronic,0.22281828514481905,0.13679525725748107
future_burden_all_models,Pure ML: RNAseq-like gene features,test,ok,199,suppressed,0.055449124622359416,0.11719113466584147
future_burden_all_models,Pure ML: RNAseq-like gene features,test,ok,157,immune_excluded,0.11048661538695917,0.18719044883247396
future_burden_all_models,Pure ML: RNAseq-like gene features,test,ok,88,hyperinflammatory,0.1580913770506452,0.12430034628109606
future_burden_all_models,Pure ML: RNAseq-like gene features,test,ok,29,acute_resolving,0.07176821797577448,0.12378154933799615
future_burden_all_models,Pure ML: RNAseq-like gene features,test,ok,134,immune_excluded,0.0775932100203578,0.12409151811270533
future_burden_all_models,Pure ML: RNAseq-like gene features,test,ok,44,chronic,0.31624434693178644,0.16610464115578452
future_burden_all_models,Pure ML: RNAseq-like gene features,test,ok,101,hyperinflammatory,0.13471857225029923,0.1186320548544034
future_burden_all_models,Pure ML: RNAseq-like gene features,test,ok,196,suppressed,0.05431544438932757,0.10884714767402778
future_burden_all_models,Pure ML: RNAseq-like gene features,test,ok,103,hyperinflammatory,0.30918531424734597,0.20614928582903633
future_burden_all_models,Pure ML: RNAseq-like gene features,test,ok,33,acute_resolving,0.1792277869207316,0.20079781299171903
future_burden_all_models,Pure ML: RNAseq-like gene features,test,ok,104,hyperinflammatory,0.3641171639856099,0.2719040268347959
future_burden_all_models,Pure ML: RNAseq-like gene features,test,ok,106,hyperinflammatory,0.3457714086336047,0.20508619357223723
future_burden_all_models,Pure ML: RNAseq-like gene features,test,ok,123,immune_excluded,0.1286732391941205,0.1505678524175231
future_burden_all_models,Pure ML: RNAseq-like gene features,test,ok,98,hyperinflammatory,0.2373559631194544,0.24920610048068792
future_burden_all_models,Pure ML: RNAseq-like gene features,test,ok,190,suppressed,0.05757983358302931,0.12549945336025414
future_burden_all_models,Pure ML: RNAseq-like gene features,test,ok,143,immune_excluded,0.2582041080668625,0.2538707952889177
future_burden_all_models,Pure ML: RNAseq-like gene features,test,ok,11,acute_resolving,0.07216595670329484,0.20740977703361965
future_burden_all_models,Pure ML: RNAseq-like gene features,test,ok,154,immune_excluded,0.1698659823179018,0.2211299682042722
future_burden_all_models,Pure ML: RNAseq-like gene features,test,ok,167,suppressed,0.04174832207021787,0.11482312603967425
future_burden_all_models,Pure ML: bulk + spatial marker modules,train,ok,182,suppressed,0.0683712308397611,0.07611502797493132
future_burden_all_models,Pure ML: bulk + spatial marker modules,train,ok,133,immune_excluded,0.19104419924573593,0.19760497629030652
future_burden_all_models,Pure ML: bulk + spatial marker modules,train,ok,109,hyperinflammatory,0.20238624452500706,0.2112969588333757
future_burden_all_models,Pure ML: bulk + spatial marker modules,train,ok,7,acute_resolving,0.07435866293742996,0.07586744850613819
future_burden_all_models,Pure ML: bulk + spatial marker modules,train,ok,151,immune_excluded,0.1970304229126578,0.22788917648405685
future_burden_all_models,Pure ML: bulk + spatial marker modules,train,ok,152,immune_excluded,0.21883831375630053,0.2219938743958583
future_burden_all_models,Pure ML: bulk + spatial marker modules,train,ok,158,immune_excluded,0.1473794864549834,0.1580842293783942
future_burden_all_models,Pure ML: bulk + spatial marker modules,train,ok,118,hyperinflammatory,0.3477590918361296,0.2932244773068175
future_burden_all_models,Pure ML: bulk + spatial marker modules,train,ok,35,acute_resolving,0.1906925176179525,0.20242197749797367
future_burden_all_models,Pure ML: bulk + spatial marker modules,train,ok,131,immune_excluded,0.18503932461114386,0.18077004334852156
future_burden_all_models,Pure ML: bulk + spatial marker modules,train,ok,62,chronic,0.19689277805655858,0.16313242144389917
future_burden_all_models,Pure ML: bulk + spatial marker modules,train,ok,160,immune_excluded,0.12178997641133647,0.13749147035233605
future_burden_all_models,Pure ML: bulk + spatial marker modules,train,ok,177,suppressed,0.06335553709522648,0.06756759862405147
future_burden_all_models,Pure ML: bulk + spatial marker modules,train,ok,200,suppressed,0.07206233112210889,0.08082830796860536
future_burden_all_models,Pure ML: bulk + spatial marker modules,train,ok,14,acute_resolving,0.043437149322267034,0.06014978737769592
future_burden_all_models,Pure ML: bulk + spatial marker modules,train,ok,90,hyperinflammatory,0.1613539131566745,0.15143354148258104
future_burden_all_models,Pure ML: bulk + spatial marker modules,train,ok,187,suppressed,0.09747490818269092,0.13104592633078893
future_burden_all_models,Pure ML: bulk + spatial marker modules,train,ok,197,suppressed,0.04338911142274665,0.05527829249971244
future_burden_all_models,Pure ML: bulk + spatial marker modules,train,ok,3,acute_resolving,0.03896084127614266,0.052655079771105784
future_burden_all_models,Pure ML: bulk + spatial marker modules,train,ok,13,acute_resolving,0.1953635725683529,0.20877836788312595
future_burden_all_models,Pure ML: bulk + spatial marker modules,train,ok,81,hyperinflammatory,0.1556211503380359,0.18616556279389923
future_burden_all_models,Pure ML: bulk + spatial marker modules,train,ok,170,suppressed,0.05319394954501663,0.0636037219789096
future_burden_all_models,Pure ML: bulk + spatial marker modules,train,ok,70,chronic,0.2904262656067884,0.26370345077782786
future_burden_all_models,Pure ML: bulk + spatial marker modules,train,ok,107,hyperinflammatory,0.20636113218997404,0.19417915602064387
future_burden_all_models,Pure ML: bulk + spatial marker modules,train,ok,128,immune_excluded,0.15310519593444272,0.18065006604485254
future_burden_all_models,Pure ML: bulk + spatial marker modules,train,ok,57,chronic,0.1285911869454824,0.14092403470579817
future_burden_all_models,Pure ML: bulk + spatial marker modules,train,ok,129,immune_excluded,0.1485291793260984,0.14009481209527552
future_burden_all_models,Pure ML: bulk + spatial marker modules,train,ok,146,immune_excluded,0.18209756590039214,0.18944664480870627
future_burden_all_models,Pure ML: bulk + spatial marker modules,train,ok,86,hyperinflammatory,0.323031954613824,0.32056151748739165
future_burden_all_models,Pure ML: bulk + spatial marker modules,train,ok,4,acute_resolving,0.04919954593255447,0.07323478075660995
future_burden_all_models,Pure ML: bulk + spatial marker modules,train,ok,168,suppressed,0.06567530401170554,0.06859224112620056
future_burden_all_models,Pure ML: bulk + spatial marker modules,train,ok,5,acute_resolving,0.2055889526329267,0.21183623137732696
future_burden_all_models,Pure ML: bulk + spatial marker modules,train,ok,116,hyperinflammatory,0.3196493225394033,0.3117018076608527
future_burden_all_models,Pure ML: bulk + spatial marker modules,train,ok,37,acute_resolving,0.05444441933049729,0.06458981182661039
future_burden_all_models,Pure ML: bulk + spatial marker modules,train,ok,78,chronic,0.1635406856633828,0.144802142813585
future_burden_all_models,Pure ML: bulk + spatial marker modules,train,ok,46,chronic,0.19309974877563654,0.15031591331639257
future_burden_all_models,Pure ML: bulk + spatial marker modules,train,ok,52,chronic,0.26719910310197553,0.28139758004524895
future_burden_all_models,Pure ML: bulk + spatial marker modules,train,ok,45,chronic,0.24711334826765757,0.22006567609747815
future_burden_all_models,Pure ML: bulk + spatial marker modules,train,ok,136,immune_excluded,0.17074089401368558,0.17142601913369704
future_burden_all_models,Pure ML: bulk + spatial marker modules,train,ok,31,acute_resolving,0.045439567864641685,0.06186051151882995
future_burden_all_models,Pure ML: bulk + spatial marker modules,train,ok,189,suppressed,0.0657772990578415,0.11402719543146896
future_burden_all_models,Pure ML: bulk + spatial marker modules,train,ok,64,chronic,0.2471687727764202,0.24214838848724138
future_burden_all_models,Pure ML: bulk + spatial marker modules,train,ok,125,immune_excluded,0.1464151755460547,0.1508323065285001
future_burden_all_models,Pure ML: bulk + spatial marker modules,train,ok,36,acute_resolving,0.06712520567712207,0.09085549410030487
future_burden_all_models,Pure ML: bulk + spatial marker modules,train,ok,71,chronic,0.3776348338131003,0.3379569391194979
future_burden_all_models,Pure ML: bulk + spatial marker modules,train,ok,12,acute_resolving,0.17569498233498734,0.23137678271011453
future_burden_all_models,Pure ML: bulk + spatial marker modules,train,ok,120,hyperinflammatory,0.3152687866417902,0.2588512687976361
future_burden_all_models,Pure ML: bulk + spatial marker modules,train,ok,48,chronic,0.403099727293235,0.35543624564749254
future_burden_all_models,Pure ML: bulk + spatial marker modules,train,ok,55,chronic,0.24110583252712714,0.22298679966159476
future_burden_all_models,Pure ML: bulk + spatial marker modules,train,ok,18,acute_resolving,0.08022349839872492,0.0962381821929145
future_burden_all_models,Pure ML: bulk + spatial marker modules,train,ok,119,hyperinflammatory,0.34304366697681576,0.3203263922890191
future_burden_all_models,Pure ML: bulk + spatial marker modules,train,ok,145,immune_excluded,0.09942589982171483,0.1093597492126578
future_burden_all_models,Pure ML: bulk + spatial marker modules,train,ok,28,acute_resolving,0.07360072926052083,0.09507520263445839
future_burden_all_models,Pure ML: bulk + spatial marker modules,train,ok,91,hyperinflammatory,0.3825824635686646,0.3301058366112945
future_burden_all_models,Pure ML: bulk + spatial marker modules,train,ok,92,hyperinflammatory,0.3345365312869948,0.3212131905314658
future_burden_all_models,Pure ML: bulk + spatial marker modules,train,ok,6,acute_resolving,0.08076389099546648,0.1101570875989267
future_burden_all_models,Pure ML: bulk + spatial marker modules,train,ok,32,acute_resolving,0.09575067935033668,0.09964853734066975
future_burden_all_models,Pure ML: bulk + spatial marker modules,train,ok,137,immune_excluded,0.2887441932088256,0.26229586425707274
future_burden_all_models,Pure ML: bulk + spatial marker modules,train,ok,27,acute_resolving,0.19512619870226489,0.19555628039826034
future_burden_all_models,Pure ML: bulk + spatial marker modules,train,ok,114,hyperinflammatory,0.30522007968943604,0.28293024615256523
future_burden_all_models,Pure ML: bulk + spatial marker modules,train,ok,124,immune_excluded,0.16544727972282572,0.13660909513108485
future_burden_all_models,Pure ML: bulk + spatial marker modules,train,ok,72,chronic,0.17395864442727932,0.1499292193487108
future_burden_all_models,Pure ML: bulk + spatial marker modules,train,ok,99,hyperinflammatory,0.1291497736439301,0.12262822024812775
future_burden_all_models,Pure ML: bulk + spatial marker modules,train,ok,174,suppressed,0.0976482142596182,0.1052125834215307
future_burden_all_models,Pure ML: bulk + spatial marker modules,train,ok,73,chronic,0.2699591912231375,0.22882185678392533
future_burden_all_models,Pure ML: bulk + spatial marker modules,train,ok,100,hyperinflammatory,0.1792756287796367,0.22245871972304798
future_burden_all_models,Pure ML: bulk + spatial marker modules,train,ok,84,hyperinflammatory,0.12881124671538408,0.12967290355984096
future_burden_all_models,Pure ML: bulk + spatial marker modules,train,ok,25,acute_resolving,0.06643827885596011,0.07045952425314436
future_burden_all_models,Pure ML: bulk + spatial marker modules,train,ok,22,acute_resolving,0.07059814596511194,0.08058887261314374
future_burden_all_models,Pure ML: bulk + spatial marker modules,train,ok,172,suppressed,0.061303395877489716,0.06761655058965646
future_burden_all_models,Pure ML: bulk + spatial marker modules,train,ok,135,immune_excluded,0.23533516977049052,0.2418579127394012
future_burden_all_models,Pure ML: bulk + spatial marker modules,train,ok,113,hyperinflammatory,0.32731174432081567,0.28159880038273116
future_burden_all_models,Pure ML: bulk + spatial marker modules,train,ok,83,hyperinflammatory,0.19247319835744103,0.1937499199992865
future_burden_all_models,Pure ML: bulk + spatial marker modules,train,ok,140,immune_excluded,0.1813693246041445,0.1637801845177315
future_burden_all_models,Pure ML: bulk + spatial marker modules,train,ok,192,suppressed,0.06363134183978866,0.06555958496369788
future_burden_all_models,Pure ML: bulk + spatial marker modules,train,ok,179,suppressed,0.05928086678179292,0.07974876233933541
future_burden_all_models,Pure ML: bulk + spatial marker modules,train,ok,149,immune_excluded,0.09151682582970821,0.11268450391260867
future_burden_all_models,Pure ML: bulk + spatial marker modules,train,ok,153,immune_excluded,0.16037448746057764,0.1297154838932
future_burden_all_models,Pure ML: bulk + spatial marker modules,train,ok,164,suppressed,0.05194638627471002,0.0664376646874286
future_burden_all_models,Pure ML: bulk + spatial marker modules,train,ok,139,immune_excluded,0.12517146581813274,0.1236751892490497
future_burden_all_models,Pure ML: bulk + spatial marker modules,train,ok,40,acute_resolving,0.0703732169055205,0.07239638032857583
future_burden_all_models,Pure ML: bulk + spatial marker modules,train,ok,41,chronic,0.28739905553738443,0.2661878503740532
future_burden_all_models,Pure ML: bulk + spatial marker modules,train,ok,51,chronic,0.39057996083803875,0.36703417945702804
future_burden_all_models,Pure ML: bulk + spatial marker modules,train,ok,191,suppressed,0.06151471738705555,0.07131306630323332
future_burden_all_models,Pure ML: bulk + spatial marker modules,train,ok,10,acute_resolving,0.0607388932804261,0.07731912819249004
future_burden_all_models,Pure ML: bulk + spatial marker modules,train,ok,76,chronic,0.16721319334328535,0.16308337920965513
future_burden_all_models,Pure ML: bulk + spatial marker modules,train,ok,141,immune_excluded,0.1409262991023126,0.14754227688237914
future_burden_all_models,Pure ML: bulk + spatial marker modules,train,ok,169,suppressed,0.06396018352160243,0.08582345801631584
future_burden_all_models,Pure ML: bulk + spatial marker modules,train,ok,60,chronic,0.16660227405499917,0.156513202264738
future_burden_all_models,Pure ML: bulk + spatial marker modules,train,ok,162,suppressed,0.0457051288623549,0.06344851387023162
future_burden_all_models,Pure ML: bulk + spatial marker modules,train,ok,38,acute_resolving,0.09350726539705287,0.12953585793673655
future_burden_all_models,Pure ML: bulk + spatial marker modules,train,ok,50,chronic,0.16146059547290886,0.16238008703128207
future_burden_all_models,Pure ML: bulk + spatial marker modules,train,ok,63,chronic,0.3082136318509301,0.253158762860201
future_burden_all_models,Pure ML: bulk + spatial marker modules,train,ok,2,acute_resolving,0.06665665860398758,0.08739643531806283
future_burden_all_models,Pure ML: bulk + spatial marker modules,train,ok,77,chronic,0.2369424843877912,0.2257067783452516
future_burden_all_models,Pure ML: bulk + spatial marker modules,train,ok,110,hyperinflammatory,0.30781309386219624,0.2736420960339205
future_burden_all_models,Pure ML: bulk + spatial marker modules,train,ok,47,chronic,0.20136669606600283,0.1916898144963414
future_burden_all_models,Pure ML: bulk + spatial marker modules,train,ok,156,immune_excluded,0.12697100756704832,0.12296519037706374
future_burden_all_models,Pure ML: bulk + spatial marker modules,train,ok,183,suppressed,0.0677421135431344,0.07551662324980889
future_burden_all_models,Pure ML: bulk + spatial marker modules,train,ok,20,acute_resolving,0.15070403542920607,0.16502674517116717
future_burden_all_models,Pure ML: bulk + spatial marker modules,train,ok,87,hyperinflammatory,0.3254304886682681,0.3147663623721652
future_burden_all_models,Pure ML: bulk + spatial marker modules,train,ok,56,chronic,0.22244307806158434,0.21023952384876882
future_burden_all_models,Pure ML: bulk + spatial marker modules,train,ok,53,chronic,0.14456916270708023,0.13585049403218263
future_burden_all_models,Pure ML: bulk + spatial marker modules,train,ok,67,chronic,0.20517832107845896,0.20266554815895915
future_burden_all_models,Pure ML: bulk + spatial marker modules,train,ok,150,immune_excluded,0.15495874238669383,0.1522479620104158
future_burden_all_models,Pure ML: bulk + spatial marker modules,train,ok,75,chronic,0.17151656776318444,0.17090977654822773
future_burden_all_models,Pure ML: bulk + spatial marker modules,train,ok,111,hyperinflammatory,0.11642126257182384,0.1663664541132522
future_burden_all_models,Pure ML: bulk + spatial marker modules,train,ok,122,immune_excluded,0.3360422188098062,0.33012346519858005
future_burden_all_models,Pure ML: bulk + spatial marker modules,train,ok,165,suppressed,0.08719688872278407,0.09027254569684047
future_burden_all_models,Pure ML: bulk + spatial marker modules,train,ok,173,suppressed,0.06170535052537512,0.07291053162688846
future_burden_all_models,Pure ML: bulk + spatial marker modules,train,ok,97,hyperinflammatory,0.1442093296305148,0.13904675495190327
future_burden_all_models,Pure ML: bulk + spatial marker modules,train,ok,108,hyperinflammatory,0.3804127458757965,0.33348606358302063
future_burden_all_models,Pure ML: bulk + spatial marker modules,train,ok,1,acute_resolving,0.10294366772473462,0.1204649802422506
future_burden_all_models,Pure ML: bulk + spatial marker modules,train,ok,59,chronic,0.1998218162689698,0.19965741491264902
future_burden_all_models,Pure ML: bulk + spatial marker modules,train,ok,175,suppressed,0.09384666361914017,0.08954657306895425
future_burden_all_models,Pure ML: bulk + spatial marker modules,train,ok,34,acute_resolving,0.2016888556015865,0.18978731148907008
future_burden_all_models,Pure ML: bulk + spatial marker modules,train,ok,16,acute_resolving,0.16048182909770783,0.16351013588931737
future_burden_all_models,Pure ML: bulk + spatial marker modules,train,ok,148,immune_excluded,0.21918826252838397,0.21288139209447565
future_burden_all_models,Pure ML: bulk + spatial marker modules,train,ok,117,hyperinflammatory,0.1652962855657467,0.1796017358554504
future_burden_all_models,Pure ML: bulk + spatial marker modules,train,ok,176,suppressed,0.08876106608528458,0.08726032202408826
future_burden_all_models,Pure ML: bulk + spatial marker modules,train,ok,68,chronic,0.22930286717943854,0.21130845996580952
future_burden_all_models,Pure ML: bulk + spatial marker modules,train,ok,115,hyperinflammatory,0.17920553425511848,0.1715778728230587
future_burden_all_models,Pure ML: bulk + spatial marker modules,train,ok,132,immune_excluded,0.13935442826798403,0.14404230341776264
future_burden_all_models,Pure ML: bulk + spatial marker modules,train,ok,9,acute_resolving,0.21295279098322822,0.21840349193012734
future_burden_all_models,Pure ML: bulk + spatial marker modules,train,ok,130,immune_excluded,0.17218882667771632,0.17892456816378946
future_burden_all_models,Pure ML: bulk + spatial marker modules,train,ok,26,acute_resolving,0.18901629526185912,0.19468179567622035
future_burden_all_models,Pure ML: bulk + spatial marker modules,train,ok,89,hyperinflammatory,0.3604720211575839,0.33908733378295114
future_burden_all_models,Pure ML: bulk + spatial marker modules,train,ok,85,hyperinflammatory,0.3393081988661317,0.29605886458312314
future_burden_all_models,Pure ML: bulk + spatial marker modules,train,ok,126,immune_excluded,0.10801308163344087,0.13874010370801654
future_burden_all_models,Pure ML: bulk + spatial marker modules,train,ok,127,immune_excluded,0.3340544241787802,0.33402320157440824
future_burden_all_models,Pure ML: bulk + spatial marker modules,train,ok,102,hyperinflammatory,0.1069993582586517,0.10067980594555852
future_burden_all_models,Pure ML: bulk + spatial marker modules,train,ok,30,acute_resolving,0.18958154774557182,0.23962760574783712
future_burden_all_models,Pure ML: bulk + spatial marker modules,train,ok,74,chronic,0.3814531853180955,0.3484120079462263
future_burden_all_models,Pure ML: bulk + spatial marker modules,train,ok,181,suppressed,0.042333476491936556,0.057002449486196066
future_burden_all_models,Pure ML: bulk + spatial marker modules,train,ok,82,hyperinflammatory,0.22708174860494942,0.20859844705227895
future_burden_all_models,Pure ML: bulk + spatial marker modules,train,ok,43,chronic,0.3106231863698265,0.29201909845922347
future_burden_all_models,Pure ML: bulk + spatial marker modules,train,ok,163,suppressed,0.05039347286607311,0.06242802701037809
future_burden_all_models,Pure ML: bulk + spatial marker modules,train,ok,178,suppressed,0.07830210663522934,0.07859204058880111
future_burden_all_models,Pure ML: bulk + spatial marker modules,train,ok,184,suppressed,0.04557459475566145,0.06234377926794452
future_burden_all_models,Pure ML: bulk + spatial marker modules,train,ok,93,hyperinflammatory,0.18802178830457214,0.19729372519444702
future_burden_all_models,Pure ML: bulk + spatial marker modules,train,ok,69,chronic,0.15432961917102073,0.16429571110884617
future_burden_all_models,Pure ML: bulk + spatial marker modules,train,ok,161,suppressed,0.0604221779150073,0.07264147448756599
future_burden_all_models,Pure ML: bulk + spatial marker modules,train,ok,17,acute_resolving,0.05767434480317867,0.1496866045197958
future_burden_all_models,Pure ML: bulk + spatial marker modules,train,ok,194,suppressed,0.0604074004064277,0.06790329495031645
future_burden_all_models,Pure ML: bulk + spatial marker modules,train,ok,112,hyperinflammatory,0.15425081478607627,0.15690120083308848
future_burden_all_models,Pure ML: bulk + spatial marker modules,train,ok,193,suppressed,0.08495619807455647,0.0818582558713521
future_burden_all_models,Pure ML: bulk + spatial marker modules,train,ok,138,immune_excluded,0.17037201527363321,0.19010279037153016
future_burden_all_models,Pure ML: bulk + spatial marker modules,train,ok,159,immune_excluded,0.17810890794744463,0.14672266684227234
future_burden_all_models,Pure ML: bulk + spatial marker modules,train,ok,195,suppressed,0.05607942068340922,0.07956371863208014
future_burden_all_models,Pure ML: bulk + spatial marker modules,train,ok,186,suppressed,0.09084114155032492,0.09707762681311706
future_burden_all_models,Pure ML: bulk + spatial marker modules,test,ok,39,acute_resolving,0.06266598022291667,0.08143325789135716
future_burden_all_models,Pure ML: bulk + spatial marker modules,test,ok,185,suppressed,0.05424353241647829,0.08028751131194571
future_burden_all_models,Pure ML: bulk + spatial marker modules,test,ok,121,immune_excluded,0.21312791061811376,0.16145217641246667
future_burden_all_models,Pure ML: bulk + spatial marker modules,test,ok,147,immune_excluded,0.28289275936850483,0.2735800753624752
future_burden_all_models,Pure ML: bulk + spatial marker modules,test,ok,19,acute_resolving,0.06263307046602881,0.11221235202030937
future_burden_all_models,Pure ML: bulk + spatial marker modules,test,ok,42,chronic,0.3110914559376187,0.21998031170822457
future_burden_all_models,Pure ML: bulk + spatial marker modules,test,ok,105,hyperinflammatory,0.21145727923861984,0.1677981707546759
future_burden_all_models,Pure ML: bulk + spatial marker modules,test,ok,54,chronic,0.14718354742054462,0.09867221926426879
future_burden_all_models,Pure ML: bulk + spatial marker modules,test,ok,21,acute_resolving,0.0524027570798319,0.08481032709957248
future_burden_all_models,Pure ML: bulk + spatial marker modules,test,ok,155,immune_excluded,0.13906977378703508,0.10683157542586959
future_burden_all_models,Pure ML: bulk + spatial marker modules,test,ok,166,suppressed,0.06217778970878385,0.09047112551561717
future_burden_all_models,Pure ML: bulk + spatial marker modules,test,ok,144,immune_excluded,0.13000404757198142,0.1126631435423691
future_burden_all_models,Pure ML: bulk + spatial marker modules,test,ok,188,suppressed,0.06491244754300274,0.1092703664777142
future_burden_all_models,Pure ML: bulk + spatial marker modules,test,ok,180,suppressed,0.06363680734605627,0.08714597732090568
future_burden_all_models,Pure ML: bulk + spatial marker modules,test,ok,198,suppressed,0.04950995739653964,0.08129338541821937
future_burden_all_models,Pure ML: bulk + spatial marker modules,test,ok,61,chronic,0.15841424285585307,0.14412582050571746
future_burden_all_models,Pure ML: bulk + spatial marker modules,test,ok,79,chronic,0.17237840030067622,0.12632142456865095
future_burden_all_models,Pure ML: bulk + spatial marker modules,test,ok,65,chronic,0.2793841894750788,0.23068796101525793
future_burden_all_models,Pure ML: bulk + spatial marker modules,test,ok,80,chronic,0.2534039796998062,0.23100980318226935
future_burden_all_models,Pure ML: bulk + spatial marker modules,test,ok,15,acute_resolving,0.07493823033148445,0.11746011064803147
future_burden_all_models,Pure ML: bulk + spatial marker modules,test,ok,24,acute_resolving,0.05760002710578522,0.0743690916150002
future_burden_all_models,Pure ML: bulk + spatial marker modules,test,ok,49,chronic,0.40234586362371944,0.27527380344029917
future_burden_all_models,Pure ML: bulk + spatial marker modules,test,ok,94,hyperinflammatory,0.38422065008518635,0.2784944563035708
future_burden_all_models,Pure ML: bulk + spatial marker modules,test,ok,23,acute_resolving,0.06288019170866263,0.07824532981171009
future_burden_all_models,Pure ML: bulk + spatial marker modules,test,ok,95,hyperinflammatory,0.1893896416937826,0.18061592368149768
future_burden_all_models,Pure ML: bulk + spatial marker modules,test,ok,8,acute_resolving,0.1710641422032237,0.17705610552007303
future_burden_all_models,Pure ML: bulk + spatial marker modules,test,ok,142,immune_excluded,0.23804163427268468,0.24708069442331548
future_burden_all_models,Pure ML: bulk + spatial marker modules,test,ok,66,chronic,0.21505450796620268,0.17617210534785924
future_burden_all_models,Pure ML: bulk + spatial marker modules,test,ok,171,suppressed,0.05590996059033122,0.088061831945879
future_burden_all_models,Pure ML: bulk + spatial marker modules,test,ok,96,hyperinflammatory,0.35727644618180365,0.2803179099659724
future_burden_all_models,Pure ML: bulk + spatial marker modules,test,ok,58,chronic,0.22281828514481905,0.16493418468751464
future_burden_all_models,Pure ML: bulk + spatial marker modules,test,ok,199,suppressed,0.055449124622359416,0.12424059972864598
future_burden_all_models,Pure ML: bulk + spatial marker modules,test,ok,157,immune_excluded,0.11048661538695917,0.1017283678570785
future_burden_all_models,Pure ML: bulk + spatial marker modules,test,ok,88,hyperinflammatory,0.1580913770506452,0.1603886760793021
future_burden_all_models,Pure ML: bulk + spatial marker modules,test,ok,29,acute_resolving,0.07176821797577448,0.0807698728021934
future_burden_all_models,Pure ML: bulk + spatial marker modules,test,ok,134,immune_excluded,0.0775932100203578,0.1282563818705786
future_burden_all_models,Pure ML: bulk + spatial marker modules,test,ok,44,chronic,0.31624434693178644,0.19183307394477347
future_burden_all_models,Pure ML: bulk + spatial marker modules,test,ok,101,hyperinflammatory,0.13471857225029923,0.16242413925382287
future_burden_all_models,Pure ML: bulk + spatial marker modules,test,ok,196,suppressed,0.05431544438932757,0.07775460670472159
future_burden_all_models,Pure ML: bulk + spatial marker modules,test,ok,103,hyperinflammatory,0.30918531424734597,0.2540541383053381
future_burden_all_models,Pure ML: bulk + spatial marker modules,test,ok,33,acute_resolving,0.1792277869207316,0.22246172837604036
future_burden_all_models,Pure ML: bulk + spatial marker modules,test,ok,104,hyperinflammatory,0.3641171639856099,0.2287312897788771
future_burden_all_models,Pure ML: bulk + spatial marker modules,test,ok,106,hyperinflammatory,0.3457714086336047,0.21509422382211277
future_burden_all_models,Pure ML: bulk + spatial marker modules,test,ok,123,immune_excluded,0.1286732391941205,0.11686252634501058
future_burden_all_models,Pure ML: bulk + spatial marker modules,test,ok,98,hyperinflammatory,0.2373559631194544,0.22058008277342775
future_burden_all_models,Pure ML: bulk + spatial marker modules,test,ok,190,suppressed,0.05757983358302931,0.06801053961622425
future_burden_all_models,Pure ML: bulk + spatial marker modules,test,ok,143,immune_excluded,0.2582041080668625,0.21662567344481545
future_burden_all_models,Pure ML: bulk + spatial marker modules,test,ok,11,acute_resolving,0.07216595670329484,0.21155201554225456
future_burden_all_models,Pure ML: bulk + spatial marker modules,test,ok,154,immune_excluded,0.1698659823179018,0.13769114217649997
future_burden_all_models,Pure ML: bulk + spatial marker modules,test,ok,167,suppressed,0.04174832207021787,0.07588854825690658
future_burden_all_models,Mechanistic virtual-cell summaries,train,ok,182,suppressed,0.0683712308397611,0.06751391714754888
future_burden_all_models,Mechanistic virtual-cell summaries,train,ok,133,immune_excluded,0.19104419924573593,0.19128120463156337
future_burden_all_models,Mechanistic virtual-cell summaries,train,ok,109,hyperinflammatory,0.20238624452500706,0.20237870179396114
future_burden_all_models,Mechanistic virtual-cell summaries,train,ok,7,acute_resolving,0.07435866293742996,0.07315076951844031
future_burden_all_models,Mechanistic virtual-cell summaries,train,ok,151,immune_excluded,0.1970304229126578,0.19626883214579544
future_burden_all_models,Mechanistic virtual-cell summaries,train,ok,152,immune_excluded,0.21883831375630053,0.22220607345441787
future_burden_all_models,Mechanistic virtual-cell summaries,train,ok,158,immune_excluded,0.1473794864549834,0.1463067754646081
future_burden_all_models,Mechanistic virtual-cell summaries,train,ok,118,hyperinflammatory,0.3477590918361296,0.3410604136776601
future_burden_all_models,Mechanistic virtual-cell summaries,train,ok,35,acute_resolving,0.1906925176179525,0.1906262327190236
future_burden_all_models,Mechanistic virtual-cell summaries,train,ok,131,immune_excluded,0.18503932461114386,0.18364900369831194
future_burden_all_models,Mechanistic virtual-cell summaries,train,ok,62,chronic,0.19689277805655858,0.19668460843879762
future_burden_all_models,Mechanistic virtual-cell summaries,train,ok,160,immune_excluded,0.12178997641133647,0.12416448696336568
future_burden_all_models,Mechanistic virtual-cell summaries,train,ok,177,suppressed,0.06335553709522648,0.06337831780424445
future_burden_all_models,Mechanistic virtual-cell summaries,train,ok,200,suppressed,0.07206233112210889,0.07069732624227686
future_burden_all_models,Mechanistic virtual-cell summaries,train,ok,14,acute_resolving,0.043437149322267034,0.04420359342109485
future_burden_all_models,Mechanistic virtual-cell summaries,train,ok,90,hyperinflammatory,0.1613539131566745,0.16042971440346956
future_burden_all_models,Mechanistic virtual-cell summaries,train,ok,187,suppressed,0.09747490818269092,0.09541991144494597
future_burden_all_models,Mechanistic virtual-cell summaries,train,ok,197,suppressed,0.04338911142274665,0.04399904056649995
future_burden_all_models,Mechanistic virtual-cell summaries,train,ok,3,acute_resolving,0.03896084127614266,0.04293804904993601
future_burden_all_models,Mechanistic virtual-cell summaries,train,ok,13,acute_resolving,0.1953635725683529,0.1953704087663903
future_burden_all_models,Mechanistic virtual-cell summaries,train,ok,81,hyperinflammatory,0.1556211503380359,0.15480240851671562
future_burden_all_models,Mechanistic virtual-cell summaries,train,ok,170,suppressed,0.05319394954501663,0.052181439536070906
future_burden_all_models,Mechanistic virtual-cell summaries,train,ok,70,chronic,0.2904262656067884,0.2902880091727726
future_burden_all_models,Mechanistic virtual-cell summaries,train,ok,107,hyperinflammatory,0.20636113218997404,0.20583510666414825
future_burden_all_models,Mechanistic virtual-cell summaries,train,ok,128,immune_excluded,0.15310519593444272,0.15342098668053195
future_burden_all_models,Mechanistic virtual-cell summaries,train,ok,57,chronic,0.1285911869454824,0.12934016925253872
future_burden_all_models,Mechanistic virtual-cell summaries,train,ok,129,immune_excluded,0.1485291793260984,0.14730223777029292
future_burden_all_models,Mechanistic virtual-cell summaries,train,ok,146,immune_excluded,0.18209756590039214,0.181372180321282
future_burden_all_models,Mechanistic virtual-cell summaries,train,ok,86,hyperinflammatory,0.323031954613824,0.3248737221233428
future_burden_all_models,Mechanistic virtual-cell summaries,train,ok,4,acute_resolving,0.04919954593255447,0.0497063696771761
future_burden_all_models,Mechanistic virtual-cell summaries,train,ok,168,suppressed,0.06567530401170554,0.06583376981543147
future_burden_all_models,Mechanistic virtual-cell summaries,train,ok,5,acute_resolving,0.2055889526329267,0.2055008974493435
future_burden_all_models,Mechanistic virtual-cell summaries,train,ok,116,hyperinflammatory,0.3196493225394033,0.3208747114036354
future_burden_all_models,Mechanistic virtual-cell summaries,train,ok,37,acute_resolving,0.05444441933049729,0.05305588396347627
future_burden_all_models,Mechanistic virtual-cell summaries,train,ok,78,chronic,0.1635406856633828,0.1639441202920534
future_burden_all_models,Mechanistic virtual-cell summaries,train,ok,46,chronic,0.19309974877563654,0.1933942099184669
future_burden_all_models,Mechanistic virtual-cell summaries,train,ok,52,chronic,0.26719910310197553,0.2668909531181746
future_burden_all_models,Mechanistic virtual-cell summaries,train,ok,45,chronic,0.24711334826765757,0.2445337287477093
future_burden_all_models,Mechanistic virtual-cell summaries,train,ok,136,immune_excluded,0.17074089401368558,0.1712160318974241
future_burden_all_models,Mechanistic virtual-cell summaries,train,ok,31,acute_resolving,0.045439567864641685,0.045536535851786845
future_burden_all_models,Mechanistic virtual-cell summaries,train,ok,189,suppressed,0.0657772990578415,0.06629134154396275
future_burden_all_models,Mechanistic virtual-cell summaries,train,ok,64,chronic,0.2471687727764202,0.2547980716943824
future_burden_all_models,Mechanistic virtual-cell summaries,train,ok,125,immune_excluded,0.1464151755460547,0.14623345623887699
future_burden_all_models,Mechanistic virtual-cell summaries,train,ok,36,acute_resolving,0.06712520567712207,0.06734236739150394
future_burden_all_models,Mechanistic virtual-cell summaries,train,ok,71,chronic,0.3776348338131003,0.37462940669143513
future_burden_all_models,Mechanistic virtual-cell summaries,train,ok,12,acute_resolving,0.17569498233498734,0.17638888920194362
future_burden_all_models,Mechanistic virtual-cell summaries,train,ok,120,hyperinflammatory,0.3152687866417902,0.3180910905598865
future_burden_all_models,Mechanistic virtual-cell summaries,train,ok,48,chronic,0.403099727293235,0.3864407848145652
future_burden_all_models,Mechanistic virtual-cell summaries,train,ok,55,chronic,0.24110583252712714,0.242255552269817
future_burden_all_models,Mechanistic virtual-cell summaries,train,ok,18,acute_resolving,0.08022349839872492,0.08272617534642916
future_burden_all_models,Mechanistic virtual-cell summaries,train,ok,119,hyperinflammatory,0.34304366697681576,0.3415918770679762
future_burden_all_models,Mechanistic virtual-cell summaries,train,ok,145,immune_excluded,0.09942589982171483,0.09838536832209889
future_burden_all_models,Mechanistic virtual-cell summaries,train,ok,28,acute_resolving,0.07360072926052083,0.07263407106472893
future_burden_all_models,Mechanistic virtual-cell summaries,train,ok,91,hyperinflammatory,0.3825824635686646,0.37769316695783317
future_burden_all_models,Mechanistic virtual-cell summaries,train,ok,92,hyperinflammatory,0.3345365312869948,0.3346613078861647
future_burden_all_models,Mechanistic virtual-cell summaries,train,ok,6,acute_resolving,0.08076389099546648,0.08197287927748848
future_burden_all_models,Mechanistic virtual-cell summaries,train,ok,32,acute_resolving,0.09575067935033668,0.0958325271936703
future_burden_all_models,Mechanistic virtual-cell summaries,train,ok,137,immune_excluded,0.2887441932088256,0.28576359366386855
future_burden_all_models,Mechanistic virtual-cell summaries,train,ok,27,acute_resolving,0.19512619870226489,0.19565863786159363
future_burden_all_models,Mechanistic virtual-cell summaries,train,ok,114,hyperinflammatory,0.30522007968943604,0.3093264981667424
future_burden_all_models,Mechanistic virtual-cell summaries,train,ok,124,immune_excluded,0.16544727972282572,0.16574140351637415
future_burden_all_models,Mechanistic virtual-cell summaries,train,ok,72,chronic,0.17395864442727932,0.17419580334597082
future_burden_all_models,Mechanistic virtual-cell summaries,train,ok,99,hyperinflammatory,0.1291497736439301,0.1290702150026626
future_burden_all_models,Mechanistic virtual-cell summaries,train,ok,174,suppressed,0.0976482142596182,0.09645663354358594
future_burden_all_models,Mechanistic virtual-cell summaries,train,ok,73,chronic,0.2699591912231375,0.2683567676604364
future_burden_all_models,Mechanistic virtual-cell summaries,train,ok,100,hyperinflammatory,0.1792756287796367,0.1793970514176669
future_burden_all_models,Mechanistic virtual-cell summaries,train,ok,84,hyperinflammatory,0.12881124671538408,0.12896847596164568
future_burden_all_models,Mechanistic virtual-cell summaries,train,ok,25,acute_resolving,0.06643827885596011,0.06679180664449784
future_burden_all_models,Mechanistic virtual-cell summaries,train,ok,22,acute_resolving,0.07059814596511194,0.0707501410698514
future_burden_all_models,Mechanistic virtual-cell summaries,train,ok,172,suppressed,0.061303395877489716,0.061440410612942316
future_burden_all_models,Mechanistic virtual-cell summaries,train,ok,135,immune_excluded,0.23533516977049052,0.24363858337140795
future_burden_all_models,Mechanistic virtual-cell summaries,train,ok,113,hyperinflammatory,0.32731174432081567,0.3245066707022465
future_burden_all_models,Mechanistic virtual-cell summaries,train,ok,83,hyperinflammatory,0.19247319835744103,0.19244158025454713
future_burden_all_models,Mechanistic virtual-cell summaries,train,ok,140,immune_excluded,0.1813693246041445,0.180333241584917
future_burden_all_models,Mechanistic virtual-cell summaries,train,ok,192,suppressed,0.06363134183978866,0.06332721867192002
future_burden_all_models,Mechanistic virtual-cell summaries,train,ok,179,suppressed,0.05928086678179292,0.059905557608507014
future_burden_all_models,Mechanistic virtual-cell summaries,train,ok,149,immune_excluded,0.09151682582970821,0.09401728698636766
future_burden_all_models,Mechanistic virtual-cell summaries,train,ok,153,immune_excluded,0.16037448746057764,0.1608713722251046
future_burden_all_models,Mechanistic virtual-cell summaries,train,ok,164,suppressed,0.05194638627471002,0.050920467276945755
future_burden_all_models,Mechanistic virtual-cell summaries,train,ok,139,immune_excluded,0.12517146581813274,0.12634684522205256
future_burden_all_models,Mechanistic virtual-cell summaries,train,ok,40,acute_resolving,0.0703732169055205,0.07057595850505965
future_burden_all_models,Mechanistic virtual-cell summaries,train,ok,41,chronic,0.28739905553738443,0.284035423202027
future_burden_all_models,Mechanistic virtual-cell summaries,train,ok,51,chronic,0.39057996083803875,0.3867819962563977
future_burden_all_models,Mechanistic virtual-cell summaries,train,ok,191,suppressed,0.06151471738705555,0.06170681126955432
future_burden_all_models,Mechanistic virtual-cell summaries,train,ok,10,acute_resolving,0.0607388932804261,0.06081748649373438
future_burden_all_models,Mechanistic virtual-cell summaries,train,ok,76,chronic,0.16721319334328535,0.1662625257134243
future_burden_all_models,Mechanistic virtual-cell summaries,train,ok,141,immune_excluded,0.1409262991023126,0.1395073444915838
future_burden_all_models,Mechanistic virtual-cell summaries,train,ok,169,suppressed,0.06396018352160243,0.06349030796668485
future_burden_all_models,Mechanistic virtual-cell summaries,train,ok,60,chronic,0.16660227405499917,0.16603977662946864
future_burden_all_models,Mechanistic virtual-cell summaries,train,ok,162,suppressed,0.0457051288623549,0.04533084275089148
future_burden_all_models,Mechanistic virtual-cell summaries,train,ok,38,acute_resolving,0.09350726539705287,0.09480471100698888
future_burden_all_models,Mechanistic virtual-cell summaries,train,ok,50,chronic,0.16146059547290886,0.16122616661975248
future_burden_all_models,Mechanistic virtual-cell summaries,train,ok,63,chronic,0.3082136318509301,0.30079721671166704
future_burden_all_models,Mechanistic virtual-cell summaries,train,ok,2,acute_resolving,0.06665665860398758,0.06709860486270908
future_burden_all_models,Mechanistic virtual-cell summaries,train,ok,77,chronic,0.2369424843877912,0.2395850626114521
future_burden_all_models,Mechanistic virtual-cell summaries,train,ok,110,hyperinflammatory,0.30781309386219624,0.31025726693631644
future_burden_all_models,Mechanistic virtual-cell summaries,train,ok,47,chronic,0.20136669606600283,0.2015187445020065
future_burden_all_models,Mechanistic virtual-cell summaries,train,ok,156,immune_excluded,0.12697100756704832,0.12870831159506632
future_burden_all_models,Mechanistic virtual-cell summaries,train,ok,183,suppressed,0.0677421135431344,0.06747845667625411
future_burden_all_models,Mechanistic virtual-cell summaries,train,ok,20,acute_resolving,0.15070403542920607,0.14882774812285174
future_burden_all_models,Mechanistic virtual-cell summaries,train,ok,87,hyperinflammatory,0.3254304886682681,0.3266141681873118
future_burden_all_models,Mechanistic virtual-cell summaries,train,ok,56,chronic,0.22244307806158434,0.22327747162575776
future_burden_all_models,Mechanistic virtual-cell summaries,train,ok,53,chronic,0.14456916270708023,0.1442283076839595
future_burden_all_models,Mechanistic virtual-cell summaries,train,ok,67,chronic,0.20517832107845896,0.20465744879853764
future_burden_all_models,Mechanistic virtual-cell summaries,train,ok,150,immune_excluded,0.15495874238669383,0.15464522604920236
future_burden_all_models,Mechanistic virtual-cell summaries,train,ok,75,chronic,0.17151656776318444,0.17152682687996862
future_burden_all_models,Mechanistic virtual-cell summaries,train,ok,111,hyperinflammatory,0.11642126257182384,0.11722111444344757
future_burden_all_models,Mechanistic virtual-cell summaries,train,ok,122,immune_excluded,0.3360422188098062,0.33512459504750197
future_burden_all_models,Mechanistic virtual-cell summaries,train,ok,165,suppressed,0.08719688872278407,0.08754215590696338
future_burden_all_models,Mechanistic virtual-cell summaries,train,ok,173,suppressed,0.06170535052537512,0.0615351826225623
future_burden_all_models,Mechanistic virtual-cell summaries,train,ok,97,hyperinflammatory,0.1442093296305148,0.14375123753009766
future_burden_all_models,Mechanistic virtual-cell summaries,train,ok,108,hyperinflammatory,0.3804127458757965,0.37628880175950263
future_burden_all_models,Mechanistic virtual-cell summaries,train,ok,1,acute_resolving,0.10294366772473462,0.10246889434695061
future_burden_all_models,Mechanistic virtual-cell summaries,train,ok,59,chronic,0.1998218162689698,0.20071519008288305
future_burden_all_models,Mechanistic virtual-cell summaries,train,ok,175,suppressed,0.09384666361914017,0.09323169551710477
future_burden_all_models,Mechanistic virtual-cell summaries,train,ok,34,acute_resolving,0.2016888556015865,0.2028435910859819
future_burden_all_models,Mechanistic virtual-cell summaries,train,ok,16,acute_resolving,0.16048182909770783,0.16020861214569804
future_burden_all_models,Mechanistic virtual-cell summaries,train,ok,148,immune_excluded,0.21918826252838397,0.2220020314715154
future_burden_all_models,Mechanistic virtual-cell summaries,train,ok,117,hyperinflammatory,0.1652962855657467,0.16457660073784217
future_burden_all_models,Mechanistic virtual-cell summaries,train,ok,176,suppressed,0.08876106608528458,0.08886123931735691
future_burden_all_models,Mechanistic virtual-cell summaries,train,ok,68,chronic,0.22930286717943854,0.2336737415380109
future_burden_all_models,Mechanistic virtual-cell summaries,train,ok,115,hyperinflammatory,0.17920553425511848,0.17940585667584164
future_burden_all_models,Mechanistic virtual-cell summaries,train,ok,132,immune_excluded,0.13935442826798403,0.14036400222277434
future_burden_all_models,Mechanistic virtual-cell summaries,train,ok,9,acute_resolving,0.21295279098322822,0.2190679966361134
future_burden_all_models,Mechanistic virtual-cell summaries,train,ok,130,immune_excluded,0.17218882667771632,0.17224440897424187
future_burden_all_models,Mechanistic virtual-cell summaries,train,ok,26,acute_resolving,0.18901629526185912,0.18972027278919085
future_burden_all_models,Mechanistic virtual-cell summaries,train,ok,89,hyperinflammatory,0.3604720211575839,0.360936778015698
future_burden_all_models,Mechanistic virtual-cell summaries,train,ok,85,hyperinflammatory,0.3393081988661317,0.33736834294995216
future_burden_all_models,Mechanistic virtual-cell summaries,train,ok,126,immune_excluded,0.10801308163344087,0.10697619172170039
future_burden_all_models,Mechanistic virtual-cell summaries,train,ok,127,immune_excluded,0.3340544241787802,0.3357368913448707
future_burden_all_models,Mechanistic virtual-cell summaries,train,ok,102,hyperinflammatory,0.1069993582586517,0.10642028563283368
future_burden_all_models,Mechanistic virtual-cell summaries,train,ok,30,acute_resolving,0.18958154774557182,0.19013792968634027
future_burden_all_models,Mechanistic virtual-cell summaries,train,ok,74,chronic,0.3814531853180955,0.379501309285737
future_burden_all_models,Mechanistic virtual-cell summaries,train,ok,181,suppressed,0.042333476491936556,0.043131542349369126
future_burden_all_models,Mechanistic virtual-cell summaries,train,ok,82,hyperinflammatory,0.22708174860494942,0.23242349725363012
future_burden_all_models,Mechanistic virtual-cell summaries,train,ok,43,chronic,0.3106231863698265,0.30656048411140974
future_burden_all_models,Mechanistic virtual-cell summaries,train,ok,163,suppressed,0.05039347286607311,0.0499134717387971
future_burden_all_models,Mechanistic virtual-cell summaries,train,ok,178,suppressed,0.07830210663522934,0.08095924176854181
future_burden_all_models,Mechanistic virtual-cell summaries,train,ok,184,suppressed,0.04557459475566145,0.045692763764360114
future_burden_all_models,Mechanistic virtual-cell summaries,train,ok,93,hyperinflammatory,0.18802178830457214,0.18910903607601712
future_burden_all_models,Mechanistic virtual-cell summaries,train,ok,69,chronic,0.15432961917102073,0.15459837412874466
future_burden_all_models,Mechanistic virtual-cell summaries,train,ok,161,suppressed,0.0604221779150073,0.060721148597204275
future_burden_all_models,Mechanistic virtual-cell summaries,train,ok,17,acute_resolving,0.05767434480317867,0.05783530243680783
future_burden_all_models,Mechanistic virtual-cell summaries,train,ok,194,suppressed,0.0604074004064277,0.06056122885321103
future_burden_all_models,Mechanistic virtual-cell summaries,train,ok,112,hyperinflammatory,0.15425081478607627,0.1544077702504713
future_burden_all_models,Mechanistic virtual-cell summaries,train,ok,193,suppressed,0.08495619807455647,0.08584792004619153
future_burden_all_models,Mechanistic virtual-cell summaries,train,ok,138,immune_excluded,0.17037201527363321,0.17177354250445367
future_burden_all_models,Mechanistic virtual-cell summaries,train,ok,159,immune_excluded,0.17810890794744463,0.1783425018695292
future_burden_all_models,Mechanistic virtual-cell summaries,train,ok,195,suppressed,0.05607942068340922,0.05570352595833295
future_burden_all_models,Mechanistic virtual-cell summaries,train,ok,186,suppressed,0.09084114155032492,0.0905829153051804
future_burden_all_models,Mechanistic virtual-cell summaries,test,ok,39,acute_resolving,0.06266598022291667,0.0624424633964618
future_burden_all_models,Mechanistic virtual-cell summaries,test,ok,185,suppressed,0.05424353241647829,0.05247347578552599
future_burden_all_models,Mechanistic virtual-cell summaries,test,ok,121,immune_excluded,0.21312791061811376,0.21696112892145533
future_burden_all_models,Mechanistic virtual-cell summaries,test,ok,147,immune_excluded,0.28289275936850483,0.2854237676561738
future_burden_all_models,Mechanistic virtual-cell summaries,test,ok,19,acute_resolving,0.06263307046602881,0.06267762555416403
future_burden_all_models,Mechanistic virtual-cell summaries,test,ok,42,chronic,0.3110914559376187,0.307400575654937
future_burden_all_models,Mechanistic virtual-cell summaries,test,ok,105,hyperinflammatory,0.21145727923861984,0.21247380173719752
future_burden_all_models,Mechanistic virtual-cell summaries,test,ok,54,chronic,0.14718354742054462,0.14506068201533995
future_burden_all_models,Mechanistic virtual-cell summaries,test,ok,21,acute_resolving,0.0524027570798319,0.050815213175131164
future_burden_all_models,Mechanistic virtual-cell summaries,test,ok,155,immune_excluded,0.13906977378703508,0.13915939212108852
future_burden_all_models,Mechanistic virtual-cell summaries,test,ok,166,suppressed,0.06217778970878385,0.06219641790420432
future_burden_all_models,Mechanistic virtual-cell summaries,test,ok,144,immune_excluded,0.13000404757198142,0.12939643003443374
future_burden_all_models,Mechanistic virtual-cell summaries,test,ok,188,suppressed,0.06491244754300274,0.06577532919078924
future_burden_all_models,Mechanistic virtual-cell summaries,test,ok,180,suppressed,0.06363680734605627,0.06258486245348747
future_burden_all_models,Mechanistic virtual-cell summaries,test,ok,198,suppressed,0.04950995739653964,0.049326255886896264
future_burden_all_models,Mechanistic virtual-cell summaries,test,ok,61,chronic,0.15841424285585307,0.16056698081546875
future_burden_all_models,Mechanistic virtual-cell summaries,test,ok,79,chronic,0.17237840030067622,0.17178344475389043
future_burden_all_models,Mechanistic virtual-cell summaries,test,ok,65,chronic,0.2793841894750788,0.2789526221641079
future_burden_all_models,Mechanistic virtual-cell summaries,test,ok,80,chronic,0.2534039796998062,0.2601535312649264
future_burden_all_models,Mechanistic virtual-cell summaries,test,ok,15,acute_resolving,0.07493823033148445,0.07251847511017873
future_burden_all_models,Mechanistic virtual-cell summaries,test,ok,24,acute_resolving,0.05760002710578522,0.0582595182227303
future_burden_all_models,Mechanistic virtual-cell summaries,test,ok,49,chronic,0.40234586362371944,0.37960658776203277
future_burden_all_models,Mechanistic virtual-cell summaries,test,ok,94,hyperinflammatory,0.38422065008518635,0.3736791836790788
future_burden_all_models,Mechanistic virtual-cell summaries,test,ok,23,acute_resolving,0.06288019170866263,0.06311575790909989
future_burden_all_models,Mechanistic virtual-cell summaries,test,ok,95,hyperinflammatory,0.1893896416937826,0.19021268838529484
future_burden_all_models,Mechanistic virtual-cell summaries,test,ok,8,acute_resolving,0.1710641422032237,0.17159120555505594
future_burden_all_models,Mechanistic virtual-cell summaries,test,ok,142,immune_excluded,0.23804163427268468,0.24292112263746596
future_burden_all_models,Mechanistic virtual-cell summaries,test,ok,66,chronic,0.21505450796620268,0.2197674703812551
future_burden_all_models,Mechanistic virtual-cell summaries,test,ok,171,suppressed,0.05590996059033122,0.05393919652041695
future_burden_all_models,Mechanistic virtual-cell summaries,test,ok,96,hyperinflammatory,0.35727644618180365,0.363095263907058
future_burden_all_models,Mechanistic virtual-cell summaries,test,ok,58,chronic,0.22281828514481905,0.23232992048678983
future_burden_all_models,Mechanistic virtual-cell summaries,test,ok,199,suppressed,0.055449124622359416,0.05369226930783693
future_burden_all_models,Mechanistic virtual-cell summaries,test,ok,157,immune_excluded,0.11048661538695917,0.10292904399856617
future_burden_all_models,Mechanistic virtual-cell summaries,test,ok,88,hyperinflammatory,0.1580913770506452,0.15975010059193345
future_burden_all_models,Mechanistic virtual-cell summaries,test,ok,29,acute_resolving,0.07176821797577448,0.07082537678203127
future_burden_all_models,Mechanistic virtual-cell summaries,test,ok,134,immune_excluded,0.0775932100203578,0.08459915972588912
future_burden_all_models,Mechanistic virtual-cell summaries,test,ok,44,chronic,0.31624434693178644,0.30544830265448286
future_burden_all_models,Mechanistic virtual-cell summaries,test,ok,101,hyperinflammatory,0.13471857225029923,0.13516728161111355
future_burden_all_models,Mechanistic virtual-cell summaries,test,ok,196,suppressed,0.05431544438932757,0.051404547305496526
future_burden_all_models,Mechanistic virtual-cell summaries,test,ok,103,hyperinflammatory,0.30918531424734597,0.3128393646387761
future_burden_all_models,Mechanistic virtual-cell summaries,test,ok,33,acute_resolving,0.1792277869207316,0.18103878732486786
future_burden_all_models,Mechanistic virtual-cell summaries,test,ok,104,hyperinflammatory,0.3641171639856099,0.36921453947208643
future_burden_all_models,Mechanistic virtual-cell summaries,test,ok,106,hyperinflammatory,0.3457714086336047,0.34200236133347234
future_burden_all_models,Mechanistic virtual-cell summaries,test,ok,123,immune_excluded,0.1286732391941205,0.13016902245737982
future_burden_all_models,Mechanistic virtual-cell summaries,test,ok,98,hyperinflammatory,0.2373559631194544,0.25953931246137746
future_burden_all_models,Mechanistic virtual-cell summaries,test,ok,190,suppressed,0.05757983358302931,0.05780006673806686
future_burden_all_models,Mechanistic virtual-cell summaries,test,ok,143,immune_excluded,0.2582041080668625,0.2555100873302711
future_burden_all_models,Mechanistic virtual-cell summaries,test,ok,11,acute_resolving,0.07216595670329484,0.0716803277276222
future_burden_all_models,Mechanistic virtual-cell summaries,test,ok,154,immune_excluded,0.1698659823179018,0.17153723745440036
future_burden_all_models,Mechanistic virtual-cell summaries,test,ok,167,suppressed,0.04174832207021787,0.04513291895531692
future_burden_all_models,Hybrid Type I: feature concatenation,train,ok,182,suppressed,0.0683712308397611,0.06733987095060455
future_burden_all_models,Hybrid Type I: feature concatenation,train,ok,133,immune_excluded,0.19104419924573593,0.1918017295981931
future_burden_all_models,Hybrid Type I: feature concatenation,train,ok,109,hyperinflammatory,0.20238624452500706,0.2022452267296413
future_burden_all_models,Hybrid Type I: feature concatenation,train,ok,7,acute_resolving,0.07435866293742996,0.07270831792973628
future_burden_all_models,Hybrid Type I: feature concatenation,train,ok,151,immune_excluded,0.1970304229126578,0.19632733335849856
future_burden_all_models,Hybrid Type I: feature concatenation,train,ok,152,immune_excluded,0.21883831375630053,0.22366008274573038
future_burden_all_models,Hybrid Type I: feature concatenation,train,ok,158,immune_excluded,0.1473794864549834,0.14674808218621416
future_burden_all_models,Hybrid Type I: feature concatenation,train,ok,118,hyperinflammatory,0.3477590918361296,0.3394821258806243
future_burden_all_models,Hybrid Type I: feature concatenation,train,ok,35,acute_resolving,0.1906925176179525,0.19090819873345602
future_burden_all_models,Hybrid Type I: feature concatenation,train,ok,131,immune_excluded,0.18503932461114386,0.1840261100751825
future_burden_all_models,Hybrid Type I: feature concatenation,train,ok,62,chronic,0.19689277805655858,0.19687053369258006
future_burden_all_models,Hybrid Type I: feature concatenation,train,ok,160,immune_excluded,0.12178997641133647,0.12488290109239784
future_burden_all_models,Hybrid Type I: feature concatenation,train,ok,177,suppressed,0.06335553709522648,0.06343151460809231
future_burden_all_models,Hybrid Type I: feature concatenation,train,ok,200,suppressed,0.07206233112210889,0.07062748248796268
future_burden_all_models,Hybrid Type I: feature concatenation,train,ok,14,acute_resolving,0.043437149322267034,0.04446887111619837
future_burden_all_models,Hybrid Type I: feature concatenation,train,ok,90,hyperinflammatory,0.1613539131566745,0.16068621922661636
future_burden_all_models,Hybrid Type I: feature concatenation,train,ok,187,suppressed,0.09747490818269092,0.09599951461020169
future_burden_all_models,Hybrid Type I: feature concatenation,train,ok,197,suppressed,0.04338911142274665,0.044513194205139724
future_burden_all_models,Hybrid Type I: feature concatenation,train,ok,3,acute_resolving,0.03896084127614266,0.04365901386349931
future_burden_all_models,Hybrid Type I: feature concatenation,train,ok,13,acute_resolving,0.1953635725683529,0.1955771007606431
future_burden_all_models,Hybrid Type I: feature concatenation,train,ok,81,hyperinflammatory,0.1556211503380359,0.15495755745971956
future_burden_all_models,Hybrid Type I: feature concatenation,train,ok,170,suppressed,0.05319394954501663,0.0511694179340136
future_burden_all_models,Hybrid Type I: feature concatenation,train,ok,70,chronic,0.2904262656067884,0.28915108879955287
future_burden_all_models,Hybrid Type I: feature concatenation,train,ok,107,hyperinflammatory,0.20636113218997404,0.20543591906962905
future_burden_all_models,Hybrid Type I: feature concatenation,train,ok,128,immune_excluded,0.15310519593444272,0.1537344001398487
future_burden_all_models,Hybrid Type I: feature concatenation,train,ok,57,chronic,0.1285911869454824,0.1301587049427911
future_burden_all_models,Hybrid Type I: feature concatenation,train,ok,129,immune_excluded,0.1485291793260984,0.1468450966115631
future_burden_all_models,Hybrid Type I: feature concatenation,train,ok,146,immune_excluded,0.18209756590039214,0.18117265725124562
future_burden_all_models,Hybrid Type I: feature concatenation,train,ok,86,hyperinflammatory,0.323031954613824,0.3255581475015995
future_burden_all_models,Hybrid Type I: feature concatenation,train,ok,4,acute_resolving,0.04919954593255447,0.049326183261182786
future_burden_all_models,Hybrid Type I: feature concatenation,train,ok,168,suppressed,0.06567530401170554,0.06586201725033572
future_burden_all_models,Hybrid Type I: feature concatenation,train,ok,5,acute_resolving,0.2055889526329267,0.20470505990792703
future_burden_all_models,Hybrid Type I: feature concatenation,train,ok,116,hyperinflammatory,0.3196493225394033,0.32199803880101424
future_burden_all_models,Hybrid Type I: feature concatenation,train,ok,37,acute_resolving,0.05444441933049729,0.05254322928828262
future_burden_all_models,Hybrid Type I: feature concatenation,train,ok,78,chronic,0.1635406856633828,0.16385515193257322
future_burden_all_models,Hybrid Type I: feature concatenation,train,ok,46,chronic,0.19309974877563654,0.19326331074093106
future_burden_all_models,Hybrid Type I: feature concatenation,train,ok,52,chronic,0.26719910310197553,0.26587037495152044
future_burden_all_models,Hybrid Type I: feature concatenation,train,ok,45,chronic,0.24711334826765757,0.24604616206189797
future_burden_all_models,Hybrid Type I: feature concatenation,train,ok,136,immune_excluded,0.17074089401368558,0.17122292171648718
future_burden_all_models,Hybrid Type I: feature concatenation,train,ok,31,acute_resolving,0.045439567864641685,0.045788254989402775
future_burden_all_models,Hybrid Type I: feature concatenation,train,ok,189,suppressed,0.0657772990578415,0.06636406166120268
future_burden_all_models,Hybrid Type I: feature concatenation,train,ok,64,chronic,0.2471687727764202,0.25436357097982465
future_burden_all_models,Hybrid Type I: feature concatenation,train,ok,125,immune_excluded,0.1464151755460547,0.14632290182943442
future_burden_all_models,Hybrid Type I: feature concatenation,train,ok,36,acute_resolving,0.06712520567712207,0.06715932156793514
future_burden_all_models,Hybrid Type I: feature concatenation,train,ok,71,chronic,0.3776348338131003,0.3695540377663127
future_burden_all_models,Hybrid Type I: feature concatenation,train,ok,12,acute_resolving,0.17569498233498734,0.17589950476517605
future_burden_all_models,Hybrid Type I: feature concatenation,train,ok,120,hyperinflammatory,0.3152687866417902,0.3182197091945116
future_burden_all_models,Hybrid Type I: feature concatenation,train,ok,48,chronic,0.403099727293235,0.38267904662965535
future_burden_all_models,Hybrid Type I: feature concatenation,train,ok,55,chronic,0.24110583252712714,0.2433044640016142
future_burden_all_models,Hybrid Type I: feature concatenation,train,ok,18,acute_resolving,0.08022349839872492,0.08340108830861122
future_burden_all_models,Hybrid Type I: feature concatenation,train,ok,119,hyperinflammatory,0.34304366697681576,0.34125257894211564
future_burden_all_models,Hybrid Type I: feature concatenation,train,ok,145,immune_excluded,0.09942589982171483,0.09803031369010519
future_burden_all_models,Hybrid Type I: feature concatenation,train,ok,28,acute_resolving,0.07360072926052083,0.07246550513945203
future_burden_all_models,Hybrid Type I: feature concatenation,train,ok,91,hyperinflammatory,0.3825824635686646,0.37491934279399064
future_burden_all_models,Hybrid Type I: feature concatenation,train,ok,92,hyperinflammatory,0.3345365312869948,0.3349370246901888
future_burden_all_models,Hybrid Type I: feature concatenation,train,ok,6,acute_resolving,0.08076389099546648,0.08275518678065501
future_burden_all_models,Hybrid Type I: feature concatenation,train,ok,32,acute_resolving,0.09575067935033668,0.09570610650081385
future_burden_all_models,Hybrid Type I: feature concatenation,train,ok,137,immune_excluded,0.2887441932088256,0.2863560450382519
future_burden_all_models,Hybrid Type I: feature concatenation,train,ok,27,acute_resolving,0.19512619870226489,0.1956047811191826
future_burden_all_models,Hybrid Type I: feature concatenation,train,ok,114,hyperinflammatory,0.30522007968943604,0.3091323057380516
future_burden_all_models,Hybrid Type I: feature concatenation,train,ok,124,immune_excluded,0.16544727972282572,0.1658674544599357
future_burden_all_models,Hybrid Type I: feature concatenation,train,ok,72,chronic,0.17395864442727932,0.1746055086889554
future_burden_all_models,Hybrid Type I: feature concatenation,train,ok,99,hyperinflammatory,0.1291497736439301,0.13020653285677
future_burden_all_models,Hybrid Type I: feature concatenation,train,ok,174,suppressed,0.0976482142596182,0.09630126526685615
future_burden_all_models,Hybrid Type I: feature concatenation,train,ok,73,chronic,0.2699591912231375,0.26700434791388267
future_burden_all_models,Hybrid Type I: feature concatenation,train,ok,100,hyperinflammatory,0.1792756287796367,0.1794740384642509
future_burden_all_models,Hybrid Type I: feature concatenation,train,ok,84,hyperinflammatory,0.12881124671538408,0.13028464168228066
future_burden_all_models,Hybrid Type I: feature concatenation,train,ok,25,acute_resolving,0.06643827885596011,0.06671079997346721
future_burden_all_models,Hybrid Type I: feature concatenation,train,ok,22,acute_resolving,0.07059814596511194,0.07032186961804897
future_burden_all_models,Hybrid Type I: feature concatenation,train,ok,172,suppressed,0.061303395877489716,0.061330475038585644
future_burden_all_models,Hybrid Type I: feature concatenation,train,ok,135,immune_excluded,0.23533516977049052,0.2426924382798835
future_burden_all_models,Hybrid Type I: feature concatenation,train,ok,113,hyperinflammatory,0.32731174432081567,0.32550402524360544
future_burden_all_models,Hybrid Type I: feature concatenation,train,ok,83,hyperinflammatory,0.19247319835744103,0.19285325241431306
future_burden_all_models,Hybrid Type I: feature concatenation,train,ok,140,immune_excluded,0.1813693246041445,0.18050513893750098
future_burden_all_models,Hybrid Type I: feature concatenation,train,ok,192,suppressed,0.06363134183978866,0.06338917086221543
future_burden_all_models,Hybrid Type I: feature concatenation,train,ok,179,suppressed,0.05928086678179292,0.060159726667764105
future_burden_all_models,Hybrid Type I: feature concatenation,train,ok,149,immune_excluded,0.09151682582970821,0.0931489564099966
future_burden_all_models,Hybrid Type I: feature concatenation,train,ok,153,immune_excluded,0.16037448746057764,0.1603136465991138
future_burden_all_models,Hybrid Type I: feature concatenation,train,ok,164,suppressed,0.05194638627471002,0.0501774014707824
future_burden_all_models,Hybrid Type I: feature concatenation,train,ok,139,immune_excluded,0.12517146581813274,0.12773858051732978
future_burden_all_models,Hybrid Type I: feature concatenation,train,ok,40,acute_resolving,0.0703732169055205,0.07007415902661923
future_burden_all_models,Hybrid Type I: feature concatenation,train,ok,41,chronic,0.28739905553738443,0.285568038732425
future_burden_all_models,Hybrid Type I: feature concatenation,train,ok,51,chronic,0.39057996083803875,0.3819644267755589
future_burden_all_models,Hybrid Type I: feature concatenation,train,ok,191,suppressed,0.06151471738705555,0.06252640310868025
future_burden_all_models,Hybrid Type I: feature concatenation,train,ok,10,acute_resolving,0.0607388932804261,0.06132440145423595
future_burden_all_models,Hybrid Type I: feature concatenation,train,ok,76,chronic,0.16721319334328535,0.16568980650444207
future_burden_all_models,Hybrid Type I: feature concatenation,train,ok,141,immune_excluded,0.1409262991023126,0.13962176595752626
future_burden_all_models,Hybrid Type I: feature concatenation,train,ok,169,suppressed,0.06396018352160243,0.06359302284401763
future_burden_all_models,Hybrid Type I: feature concatenation,train,ok,60,chronic,0.16660227405499917,0.16573211017483988
future_burden_all_models,Hybrid Type I: feature concatenation,train,ok,162,suppressed,0.0457051288623549,0.04621805220794285
future_burden_all_models,Hybrid Type I: feature concatenation,train,ok,38,acute_resolving,0.09350726539705287,0.0943648153259281
future_burden_all_models,Hybrid Type I: feature concatenation,train,ok,50,chronic,0.16146059547290886,0.16117516852178188
future_burden_all_models,Hybrid Type I: feature concatenation,train,ok,63,chronic,0.3082136318509301,0.30414930536014273
future_burden_all_models,Hybrid Type I: feature concatenation,train,ok,2,acute_resolving,0.06665665860398758,0.06684257859898703
future_burden_all_models,Hybrid Type I: feature concatenation,train,ok,77,chronic,0.2369424843877912,0.240166147756228
future_burden_all_models,Hybrid Type I: feature concatenation,train,ok,110,hyperinflammatory,0.30781309386219624,0.31033026586263157
future_burden_all_models,Hybrid Type I: feature concatenation,train,ok,47,chronic,0.20136669606600283,0.20173002149717825
future_burden_all_models,Hybrid Type I: feature concatenation,train,ok,156,immune_excluded,0.12697100756704832,0.12926234812674095
future_burden_all_models,Hybrid Type I: feature concatenation,train,ok,183,suppressed,0.0677421135431344,0.06751692176619278
future_burden_all_models,Hybrid Type I: feature concatenation,train,ok,20,acute_resolving,0.15070403542920607,0.14906919673961777
future_burden_all_models,Hybrid Type I: feature concatenation,train,ok,87,hyperinflammatory,0.3254304886682681,0.3285266902953241
future_burden_all_models,Hybrid Type I: feature concatenation,train,ok,56,chronic,0.22244307806158434,0.2241282787932215
future_burden_all_models,Hybrid Type I: feature concatenation,train,ok,53,chronic,0.14456916270708023,0.14347678509683554
future_burden_all_models,Hybrid Type I: feature concatenation,train,ok,67,chronic,0.20517832107845896,0.20422563158422527
future_burden_all_models,Hybrid Type I: feature concatenation,train,ok,150,immune_excluded,0.15495874238669383,0.15484950641095108
future_burden_all_models,Hybrid Type I: feature concatenation,train,ok,75,chronic,0.17151656776318444,0.17172037495302078
future_burden_all_models,Hybrid Type I: feature concatenation,train,ok,111,hyperinflammatory,0.11642126257182384,0.11728076976893405
future_burden_all_models,Hybrid Type I: feature concatenation,train,ok,122,immune_excluded,0.3360422188098062,0.3373648473404749
future_burden_all_models,Hybrid Type I: feature concatenation,train,ok,165,suppressed,0.08719688872278407,0.08813960495278624
future_burden_all_models,Hybrid Type I: feature concatenation,train,ok,173,suppressed,0.06170535052537512,0.06218479123138009
future_burden_all_models,Hybrid Type I: feature concatenation,train,ok,97,hyperinflammatory,0.1442093296305148,0.14415913911541983
future_burden_all_models,Hybrid Type I: feature concatenation,train,ok,108,hyperinflammatory,0.3804127458757965,0.37428904929982404
future_burden_all_models,Hybrid Type I: feature concatenation,train,ok,1,acute_resolving,0.10294366772473462,0.10170250436007708
future_burden_all_models,Hybrid Type I: feature concatenation,train,ok,59,chronic,0.1998218162689698,0.20021500561557756
future_burden_all_models,Hybrid Type I: feature concatenation,train,ok,175,suppressed,0.09384666361914017,0.09337207117122777
future_burden_all_models,Hybrid Type I: feature concatenation,train,ok,34,acute_resolving,0.2016888556015865,0.20225841469225014
future_burden_all_models,Hybrid Type I: feature concatenation,train,ok,16,acute_resolving,0.16048182909770783,0.15980782204315266
future_burden_all_models,Hybrid Type I: feature concatenation,train,ok,148,immune_excluded,0.21918826252838397,0.22440888567333844
future_burden_all_models,Hybrid Type I: feature concatenation,train,ok,117,hyperinflammatory,0.1652962855657467,0.16483638361185718
future_burden_all_models,Hybrid Type I: feature concatenation,train,ok,176,suppressed,0.08876106608528458,0.08920785792088107
future_burden_all_models,Hybrid Type I: feature concatenation,train,ok,68,chronic,0.22930286717943854,0.233581584832078
future_burden_all_models,Hybrid Type I: feature concatenation,train,ok,115,hyperinflammatory,0.17920553425511848,0.17953247644055834
future_burden_all_models,Hybrid Type I: feature concatenation,train,ok,132,immune_excluded,0.13935442826798403,0.1406457786094312
future_burden_all_models,Hybrid Type I: feature concatenation,train,ok,9,acute_resolving,0.21295279098322822,0.22111678352036523
future_burden_all_models,Hybrid Type I: feature concatenation,train,ok,130,immune_excluded,0.17218882667771632,0.17228844975964752
future_burden_all_models,Hybrid Type I: feature concatenation,train,ok,26,acute_resolving,0.18901629526185912,0.18971413498089856
future_burden_all_models,Hybrid Type I: feature concatenation,train,ok,89,hyperinflammatory,0.3604720211575839,0.36064988413358307
future_burden_all_models,Hybrid Type I: feature concatenation,train,ok,85,hyperinflammatory,0.3393081988661317,0.33755349616476404
future_burden_all_models,Hybrid Type I: feature concatenation,train,ok,126,immune_excluded,0.10801308163344087,0.10516773662614247
future_burden_all_models,Hybrid Type I: feature concatenation,train,ok,127,immune_excluded,0.3340544241787802,0.3364168353688049
future_burden_all_models,Hybrid Type I: feature concatenation,train,ok,102,hyperinflammatory,0.1069993582586517,0.10611130728019
future_burden_all_models,Hybrid Type I: feature concatenation,train,ok,30,acute_resolving,0.18958154774557182,0.19028825636272478
future_burden_all_models,Hybrid Type I: feature concatenation,train,ok,74,chronic,0.3814531853180955,0.3769407642208211
future_burden_all_models,Hybrid Type I: feature concatenation,train,ok,181,suppressed,0.042333476491936556,0.04398580665843573
future_burden_all_models,Hybrid Type I: feature concatenation,train,ok,82,hyperinflammatory,0.22708174860494942,0.23249623672480166
future_burden_all_models,Hybrid Type I: feature concatenation,train,ok,43,chronic,0.3106231863698265,0.30796037848350266
future_burden_all_models,Hybrid Type I: feature concatenation,train,ok,163,suppressed,0.05039347286607311,0.049640967487535576
future_burden_all_models,Hybrid Type I: feature concatenation,train,ok,178,suppressed,0.07830210663522934,0.08219600301428644
future_burden_all_models,Hybrid Type I: feature concatenation,train,ok,184,suppressed,0.04557459475566145,0.0462306221629675
future_burden_all_models,Hybrid Type I: feature concatenation,train,ok,93,hyperinflammatory,0.18802178830457214,0.189857004075098
future_burden_all_models,Hybrid Type I: feature concatenation,train,ok,69,chronic,0.15432961917102073,0.15453072103765672
future_burden_all_models,Hybrid Type I: feature concatenation,train,ok,161,suppressed,0.0604221779150073,0.06127329292194049
future_burden_all_models,Hybrid Type I: feature concatenation,train,ok,17,acute_resolving,0.05767434480317867,0.057548431728172394
future_burden_all_models,Hybrid Type I: feature concatenation,train,ok,194,suppressed,0.0604074004064277,0.06097242666487793
future_burden_all_models,Hybrid Type I: feature concatenation,train,ok,112,hyperinflammatory,0.15425081478607627,0.15426034301653202
future_burden_all_models,Hybrid Type I: feature concatenation,train,ok,193,suppressed,0.08495619807455647,0.08615244345759779
future_burden_all_models,Hybrid Type I: feature concatenation,train,ok,138,immune_excluded,0.17037201527363321,0.1714656858682408
future_burden_all_models,Hybrid Type I: feature concatenation,train,ok,159,immune_excluded,0.17810890794744463,0.17824343900904815
future_burden_all_models,Hybrid Type I: feature concatenation,train,ok,195,suppressed,0.05607942068340922,0.05561802879775004
future_burden_all_models,Hybrid Type I: feature concatenation,train,ok,186,suppressed,0.09084114155032492,0.09081600920509225
future_burden_all_models,Hybrid Type I: feature concatenation,test,ok,39,acute_resolving,0.06266598022291667,0.06351083400162587
future_burden_all_models,Hybrid Type I: feature concatenation,test,ok,185,suppressed,0.05424353241647829,0.0514183700355275
future_burden_all_models,Hybrid Type I: feature concatenation,test,ok,121,immune_excluded,0.21312791061811376,0.21773773157195797
future_burden_all_models,Hybrid Type I: feature concatenation,test,ok,147,immune_excluded,0.28289275936850483,0.28503650339688297
future_burden_all_models,Hybrid Type I: feature concatenation,test,ok,19,acute_resolving,0.06263307046602881,0.06405131468270296
future_burden_all_models,Hybrid Type I: feature concatenation,test,ok,42,chronic,0.3110914559376187,0.31072708057743087
future_burden_all_models,Hybrid Type I: feature concatenation,test,ok,105,hyperinflammatory,0.21145727923861984,0.2121732566575604
future_burden_all_models,Hybrid Type I: feature concatenation,test,ok,54,chronic,0.14718354742054462,0.14361943091457766
future_burden_all_models,Hybrid Type I: feature concatenation,test,ok,21,acute_resolving,0.0524027570798319,0.048914982009699376
future_burden_all_models,Hybrid Type I: feature concatenation,test,ok,155,immune_excluded,0.13906977378703508,0.13899684852188085
future_burden_all_models,Hybrid Type I: feature concatenation,test,ok,166,suppressed,0.06217778970878385,0.06327817045381985
future_burden_all_models,Hybrid Type I: feature concatenation,test,ok,144,immune_excluded,0.13000404757198142,0.13223572765176744
future_burden_all_models,Hybrid Type I: feature concatenation,test,ok,188,suppressed,0.06491244754300274,0.06581603865471194
future_burden_all_models,Hybrid Type I: feature concatenation,test,ok,180,suppressed,0.06363680734605627,0.06304475583327691
future_burden_all_models,Hybrid Type I: feature concatenation,test,ok,198,suppressed,0.04950995739653964,0.047934161356546615
future_burden_all_models,Hybrid Type I: feature concatenation,test,ok,61,chronic,0.15841424285585307,0.15980602211131512
future_burden_all_models,Hybrid Type I: feature concatenation,test,ok,79,chronic,0.17237840030067622,0.17228255955907174
future_burden_all_models,Hybrid Type I: feature concatenation,test,ok,65,chronic,0.2793841894750788,0.27768035407662406
future_burden_all_models,Hybrid Type I: feature concatenation,test,ok,80,chronic,0.2534039796998062,0.25602929687131126
future_burden_all_models,Hybrid Type I: feature concatenation,test,ok,15,acute_resolving,0.07493823033148445,0.07160997023156403
future_burden_all_models,Hybrid Type I: feature concatenation,test,ok,24,acute_resolving,0.05760002710578522,0.059541119085900894
future_burden_all_models,Hybrid Type I: feature concatenation,test,ok,49,chronic,0.40234586362371944,0.3729193384713524
future_burden_all_models,Hybrid Type I: feature concatenation,test,ok,94,hyperinflammatory,0.38422065008518635,0.3700530638152136
future_burden_all_models,Hybrid Type I: feature concatenation,test,ok,23,acute_resolving,0.06288019170866263,0.06437388231241296
future_burden_all_models,Hybrid Type I: feature concatenation,test,ok,95,hyperinflammatory,0.1893896416937826,0.19114992629071237
future_burden_all_models,Hybrid Type I: feature concatenation,test,ok,8,acute_resolving,0.1710641422032237,0.17106263018678447
future_burden_all_models,Hybrid Type I: feature concatenation,test,ok,142,immune_excluded,0.23804163427268468,0.24651519423566515
future_burden_all_models,Hybrid Type I: feature concatenation,test,ok,66,chronic,0.21505450796620268,0.21927094172758332
future_burden_all_models,Hybrid Type I: feature concatenation,test,ok,171,suppressed,0.05590996059033122,0.053564386699071924
future_burden_all_models,Hybrid Type I: feature concatenation,test,ok,96,hyperinflammatory,0.35727644618180365,0.36006738457530535
future_burden_all_models,Hybrid Type I: feature concatenation,test,ok,58,chronic,0.22281828514481905,0.23310651638342864
future_burden_all_models,Hybrid Type I: feature concatenation,test,ok,199,suppressed,0.055449124622359416,0.05307505630229231
future_burden_all_models,Hybrid Type I: feature concatenation,test,ok,157,immune_excluded,0.11048661538695917,0.10042619154761735
future_burden_all_models,Hybrid Type I: feature concatenation,test,ok,88,hyperinflammatory,0.1580913770506452,0.16000786106578624
future_burden_all_models,Hybrid Type I: feature concatenation,test,ok,29,acute_resolving,0.07176821797577448,0.0692173268013069
future_burden_all_models,Hybrid Type I: feature concatenation,test,ok,134,immune_excluded,0.0775932100203578,0.08757112101536843
future_burden_all_models,Hybrid Type I: feature concatenation,test,ok,44,chronic,0.31624434693178644,0.30865197378213255
future_burden_all_models,Hybrid Type I: feature concatenation,test,ok,101,hyperinflammatory,0.13471857225029923,0.13623393423210128
future_burden_all_models,Hybrid Type I: feature concatenation,test,ok,196,suppressed,0.05431544438932757,0.05033059578000716
future_burden_all_models,Hybrid Type I: feature concatenation,test,ok,103,hyperinflammatory,0.30918531424734597,0.31712719580991644
future_burden_all_models,Hybrid Type I: feature concatenation,test,ok,33,acute_resolving,0.1792277869207316,0.17960244472683692
future_burden_all_models,Hybrid Type I: feature concatenation,test,ok,104,hyperinflammatory,0.3641171639856099,0.3670440558033898
future_burden_all_models,Hybrid Type I: feature concatenation,test,ok,106,hyperinflammatory,0.3457714086336047,0.34106783854881073
future_burden_all_models,Hybrid Type I: feature concatenation,test,ok,123,immune_excluded,0.1286732391941205,0.13251761060903708
future_burden_all_models,Hybrid Type I: feature concatenation,test,ok,98,hyperinflammatory,0.2373559631194544,0.2576978406935282
future_burden_all_models,Hybrid Type I: feature concatenation,test,ok,190,suppressed,0.05757983358302931,0.05803520722815839
future_burden_all_models,Hybrid Type I: feature concatenation,test,ok,143,immune_excluded,0.2582041080668625,0.25540407783757535
future_burden_all_models,Hybrid Type I: feature concatenation,test,ok,11,acute_resolving,0.07216595670329484,0.06896675904355215
future_burden_all_models,Hybrid Type I: feature concatenation,test,ok,154,immune_excluded,0.1698659823179018,0.1722782446642599
future_burden_all_models,Hybrid Type I: feature concatenation,test,ok,167,suppressed,0.04174832207021787,0.046646319111431876
future_burden_all_models,Hybrid Type IV/V: biology-informed residual-dynamics proxy,train,ok,182,suppressed,0.0683712308397611,0.0670186202105724
future_burden_all_models,Hybrid Type IV/V: biology-informed residual-dynamics proxy,train,ok,133,immune_excluded,0.19104419924573593,0.191386719510016
future_burden_all_models,Hybrid Type IV/V: biology-informed residual-dynamics proxy,train,ok,109,hyperinflammatory,0.20238624452500706,0.1956808729890157
future_burden_all_models,Hybrid Type IV/V: biology-informed residual-dynamics proxy,train,ok,7,acute_resolving,0.07435866293742996,0.0709929350484865
future_burden_all_models,Hybrid Type IV/V: biology-informed residual-dynamics proxy,train,ok,151,immune_excluded,0.1970304229126578,0.1919038224322251
future_burden_all_models,Hybrid Type IV/V: biology-informed residual-dynamics proxy,train,ok,152,immune_excluded,0.21883831375630053,0.20449157254581757
future_burden_all_models,Hybrid Type IV/V: biology-informed residual-dynamics proxy,train,ok,158,immune_excluded,0.1473794864549834,0.15364858303186998
future_burden_all_models,Hybrid Type IV/V: biology-informed residual-dynamics proxy,train,ok,118,hyperinflammatory,0.3477590918361296,0.3300583717771831
future_burden_all_models,Hybrid Type IV/V: biology-informed residual-dynamics proxy,train,ok,35,acute_resolving,0.1906925176179525,0.18239658200996026
future_burden_all_models,Hybrid Type IV/V: biology-informed residual-dynamics proxy,train,ok,131,immune_excluded,0.18503932461114386,0.18359966470707387
future_burden_all_models,Hybrid Type IV/V: biology-informed residual-dynamics proxy,train,ok,62,chronic,0.19689277805655858,0.19189924719008303
future_burden_all_models,Hybrid Type IV/V: biology-informed residual-dynamics proxy,train,ok,160,immune_excluded,0.12178997641133647,0.1296711915567181
future_burden_all_models,Hybrid Type IV/V: biology-informed residual-dynamics proxy,train,ok,177,suppressed,0.06335553709522648,0.0647266785634364
future_burden_all_models,Hybrid Type IV/V: biology-informed residual-dynamics proxy,train,ok,200,suppressed,0.07206233112210889,0.08249739839541984
future_burden_all_models,Hybrid Type IV/V: biology-informed residual-dynamics proxy,train,ok,14,acute_resolving,0.043437149322267034,0.04553731032132297
future_burden_all_models,Hybrid Type IV/V: biology-informed residual-dynamics proxy,train,ok,90,hyperinflammatory,0.1613539131566745,0.16313218413390695
future_burden_all_models,Hybrid Type IV/V: biology-informed residual-dynamics proxy,train,ok,187,suppressed,0.09747490818269092,0.09582595526383048
future_burden_all_models,Hybrid Type IV/V: biology-informed residual-dynamics proxy,train,ok,197,suppressed,0.04338911142274665,0.04841024752239192
future_burden_all_models,Hybrid Type IV/V: biology-informed residual-dynamics proxy,train,ok,3,acute_resolving,0.03896084127614266,0.04466825978527634
future_burden_all_models,Hybrid Type IV/V: biology-informed residual-dynamics proxy,train,ok,13,acute_resolving,0.1953635725683529,0.18891703533222293
future_burden_all_models,Hybrid Type IV/V: biology-informed residual-dynamics proxy,train,ok,81,hyperinflammatory,0.1556211503380359,0.16213530561669598
future_burden_all_models,Hybrid Type IV/V: biology-informed residual-dynamics proxy,train,ok,170,suppressed,0.05319394954501663,0.05839451124565666
future_burden_all_models,Hybrid Type IV/V: biology-informed residual-dynamics proxy,train,ok,70,chronic,0.2904262656067884,0.30072336392783233
future_burden_all_models,Hybrid Type IV/V: biology-informed residual-dynamics proxy,train,ok,107,hyperinflammatory,0.20636113218997404,0.19586626601621468
future_burden_all_models,Hybrid Type IV/V: biology-informed residual-dynamics proxy,train,ok,128,immune_excluded,0.15310519593444272,0.16047792143236597
future_burden_all_models,Hybrid Type IV/V: biology-informed residual-dynamics proxy,train,ok,57,chronic,0.1285911869454824,0.14293952118511313
future_burden_all_models,Hybrid Type IV/V: biology-informed residual-dynamics proxy,train,ok,129,immune_excluded,0.1485291793260984,0.15854825922030838
future_burden_all_models,Hybrid Type IV/V: biology-informed residual-dynamics proxy,train,ok,146,immune_excluded,0.18209756590039214,0.18203274371402073
future_burden_all_models,Hybrid Type IV/V: biology-informed residual-dynamics proxy,train,ok,86,hyperinflammatory,0.323031954613824,0.32553382040300205
future_burden_all_models,Hybrid Type IV/V: biology-informed residual-dynamics proxy,train,ok,4,acute_resolving,0.04919954593255447,0.049388541051395576
future_burden_all_models,Hybrid Type IV/V: biology-informed residual-dynamics proxy,train,ok,168,suppressed,0.06567530401170554,0.06591652809509065
future_burden_all_models,Hybrid Type IV/V: biology-informed residual-dynamics proxy,train,ok,5,acute_resolving,0.2055889526329267,0.18970127014778745
future_burden_all_models,Hybrid Type IV/V: biology-informed residual-dynamics proxy,train,ok,116,hyperinflammatory,0.3196493225394033,0.3240332759335
future_burden_all_models,Hybrid Type IV/V: biology-informed residual-dynamics proxy,train,ok,37,acute_resolving,0.05444441933049729,0.0531961718908366
future_burden_all_models,Hybrid Type IV/V: biology-informed residual-dynamics proxy,train,ok,78,chronic,0.1635406856633828,0.1681363261726525
future_burden_all_models,Hybrid Type IV/V: biology-informed residual-dynamics proxy,train,ok,46,chronic,0.19309974877563654,0.1897461413281736
future_burden_all_models,Hybrid Type IV/V: biology-informed residual-dynamics proxy,train,ok,52,chronic,0.26719910310197553,0.2770867684617702
future_burden_all_models,Hybrid Type IV/V: biology-informed residual-dynamics proxy,train,ok,45,chronic,0.24711334826765757,0.2699522892118041
future_burden_all_models,Hybrid Type IV/V: biology-informed residual-dynamics proxy,train,ok,136,immune_excluded,0.17074089401368558,0.1738493447049075
future_burden_all_models,Hybrid Type IV/V: biology-informed residual-dynamics proxy,train,ok,31,acute_resolving,0.045439567864641685,0.04674848901992102
future_burden_all_models,Hybrid Type IV/V: biology-informed residual-dynamics proxy,train,ok,189,suppressed,0.0657772990578415,0.06624384982427396
future_burden_all_models,Hybrid Type IV/V: biology-informed residual-dynamics proxy,train,ok,64,chronic,0.2471687727764202,0.2524572487784374
future_burden_all_models,Hybrid Type IV/V: biology-informed residual-dynamics proxy,train,ok,125,immune_excluded,0.1464151755460547,0.15331439672549446
future_burden_all_models,Hybrid Type IV/V: biology-informed residual-dynamics proxy,train,ok,36,acute_resolving,0.06712520567712207,0.06628219022945778
future_burden_all_models,Hybrid Type IV/V: biology-informed residual-dynamics proxy,train,ok,71,chronic,0.3776348338131003,0.3647555586245358
future_burden_all_models,Hybrid Type IV/V: biology-informed residual-dynamics proxy,train,ok,12,acute_resolving,0.17569498233498734,0.17257543391506056
future_burden_all_models,Hybrid Type IV/V: biology-informed residual-dynamics proxy,train,ok,120,hyperinflammatory,0.3152687866417902,0.3076929549427024
future_burden_all_models,Hybrid Type IV/V: biology-informed residual-dynamics proxy,train,ok,48,chronic,0.403099727293235,0.3734218095740205
future_burden_all_models,Hybrid Type IV/V: biology-informed residual-dynamics proxy,train,ok,55,chronic,0.24110583252712714,0.2519274960116436
future_burden_all_models,Hybrid Type IV/V: biology-informed residual-dynamics proxy,train,ok,18,acute_resolving,0.08022349839872492,0.07431472857250404
future_burden_all_models,Hybrid Type IV/V: biology-informed residual-dynamics proxy,train,ok,119,hyperinflammatory,0.34304366697681576,0.33223634637245936
future_burden_all_models,Hybrid Type IV/V: biology-informed residual-dynamics proxy,train,ok,145,immune_excluded,0.09942589982171483,0.10319730929576225
future_burden_all_models,Hybrid Type IV/V: biology-informed residual-dynamics proxy,train,ok,28,acute_resolving,0.07360072926052083,0.07134560975477827
future_burden_all_models,Hybrid Type IV/V: biology-informed residual-dynamics proxy,train,ok,91,hyperinflammatory,0.3825824635686646,0.3617655710540663
future_burden_all_models,Hybrid Type IV/V: biology-informed residual-dynamics proxy,train,ok,92,hyperinflammatory,0.3345365312869948,0.3264032822701626
future_burden_all_models,Hybrid Type IV/V: biology-informed residual-dynamics proxy,train,ok,6,acute_resolving,0.08076389099546648,0.07345207781963735
future_burden_all_models,Hybrid Type IV/V: biology-informed residual-dynamics proxy,train,ok,32,acute_resolving,0.09575067935033668,0.0887897332318218
future_burden_all_models,Hybrid Type IV/V: biology-informed residual-dynamics proxy,train,ok,137,immune_excluded,0.2887441932088256,0.29494268812200447
future_burden_all_models,Hybrid Type IV/V: biology-informed residual-dynamics proxy,train,ok,27,acute_resolving,0.19512619870226489,0.18598526058779963
future_burden_all_models,Hybrid Type IV/V: biology-informed residual-dynamics proxy,train,ok,114,hyperinflammatory,0.30522007968943604,0.3003399691837021
future_burden_all_models,Hybrid Type IV/V: biology-informed residual-dynamics proxy,train,ok,124,immune_excluded,0.16544727972282572,0.17377037357966374
future_burden_all_models,Hybrid Type IV/V: biology-informed residual-dynamics proxy,train,ok,72,chronic,0.17395864442727932,0.17472626586290518
future_burden_all_models,Hybrid Type IV/V: biology-informed residual-dynamics proxy,train,ok,99,hyperinflammatory,0.1291497736439301,0.1346202971762989
future_burden_all_models,Hybrid Type IV/V: biology-informed residual-dynamics proxy,train,ok,174,suppressed,0.0976482142596182,0.09758847484530737
future_burden_all_models,Hybrid Type IV/V: biology-informed residual-dynamics proxy,train,ok,73,chronic,0.2699591912231375,0.2753632540155555
future_burden_all_models,Hybrid Type IV/V: biology-informed residual-dynamics proxy,train,ok,100,hyperinflammatory,0.1792756287796367,0.18075272934513645
future_burden_all_models,Hybrid Type IV/V: biology-informed residual-dynamics proxy,train,ok,84,hyperinflammatory,0.12881124671538408,0.13727357053102282
future_burden_all_models,Hybrid Type IV/V: biology-informed residual-dynamics proxy,train,ok,25,acute_resolving,0.06643827885596011,0.0660349778407519
future_burden_all_models,Hybrid Type IV/V: biology-informed residual-dynamics proxy,train,ok,22,acute_resolving,0.07059814596511194,0.06957462674303835
future_burden_all_models,Hybrid Type IV/V: biology-informed residual-dynamics proxy,train,ok,172,suppressed,0.061303395877489716,0.06938344538952938
future_burden_all_models,Hybrid Type IV/V: biology-informed residual-dynamics proxy,train,ok,135,immune_excluded,0.23533516977049052,0.2132069273447935
future_burden_all_models,Hybrid Type IV/V: biology-informed residual-dynamics proxy,train,ok,113,hyperinflammatory,0.32731174432081567,0.3251770880562763
future_burden_all_models,Hybrid Type IV/V: biology-informed residual-dynamics proxy,train,ok,83,hyperinflammatory,0.19247319835744103,0.18980370293884855
future_burden_all_models,Hybrid Type IV/V: biology-informed residual-dynamics proxy,train,ok,140,immune_excluded,0.1813693246041445,0.18267973043835523
future_burden_all_models,Hybrid Type IV/V: biology-informed residual-dynamics proxy,train,ok,192,suppressed,0.06363134183978866,0.06365929065619971
future_burden_all_models,Hybrid Type IV/V: biology-informed residual-dynamics proxy,train,ok,179,suppressed,0.05928086678179292,0.059585185455167805
future_burden_all_models,Hybrid Type IV/V: biology-informed residual-dynamics proxy,train,ok,149,immune_excluded,0.09151682582970821,0.09334145895940085
future_burden_all_models,Hybrid Type IV/V: biology-informed residual-dynamics proxy,train,ok,153,immune_excluded,0.16037448746057764,0.1664711702983082
future_burden_all_models,Hybrid Type IV/V: biology-informed residual-dynamics proxy,train,ok,164,suppressed,0.05194638627471002,0.05672624506555555
future_burden_all_models,Hybrid Type IV/V: biology-informed residual-dynamics proxy,train,ok,139,immune_excluded,0.12517146581813274,0.13690322636291014
future_burden_all_models,Hybrid Type IV/V: biology-informed residual-dynamics proxy,train,ok,40,acute_resolving,0.0703732169055205,0.06898466958094415
future_burden_all_models,Hybrid Type IV/V: biology-informed residual-dynamics proxy,train,ok,41,chronic,0.28739905553738443,0.29357766825975895
future_burden_all_models,Hybrid Type IV/V: biology-informed residual-dynamics proxy,train,ok,51,chronic,0.39057996083803875,0.37665952709621114
future_burden_all_models,Hybrid Type IV/V: biology-informed residual-dynamics proxy,train,ok,191,suppressed,0.06151471738705555,0.0615351229200426
future_burden_all_models,Hybrid Type IV/V: biology-informed residual-dynamics proxy,train,ok,10,acute_resolving,0.0607388932804261,0.05766651191716866
future_burden_all_models,Hybrid Type IV/V: biology-informed residual-dynamics proxy,train,ok,76,chronic,0.16721319334328535,0.17083845624703314
future_burden_all_models,Hybrid Type IV/V: biology-informed residual-dynamics proxy,train,ok,141,immune_excluded,0.1409262991023126,0.1482516846736724
future_burden_all_models,Hybrid Type IV/V: biology-informed residual-dynamics proxy,train,ok,169,suppressed,0.06396018352160243,0.06356223368582764
future_burden_all_models,Hybrid Type IV/V: biology-informed residual-dynamics proxy,train,ok,60,chronic,0.16660227405499917,0.16790608127343634
future_burden_all_models,Hybrid Type IV/V: biology-informed residual-dynamics proxy,train,ok,162,suppressed,0.0457051288623549,0.049255534686269316
future_burden_all_models,Hybrid Type IV/V: biology-informed residual-dynamics proxy,train,ok,38,acute_resolving,0.09350726539705287,0.09117620677523224
future_burden_all_models,Hybrid Type IV/V: biology-informed residual-dynamics proxy,train,ok,50,chronic,0.16146059547290886,0.16686741072701614
future_burden_all_models,Hybrid Type IV/V: biology-informed residual-dynamics proxy,train,ok,63,chronic,0.3082136318509301,0.31224063925629786
future_burden_all_models,Hybrid Type IV/V: biology-informed residual-dynamics proxy,train,ok,2,acute_resolving,0.06665665860398758,0.06705666494857582
future_burden_all_models,Hybrid Type IV/V: biology-informed residual-dynamics proxy,train,ok,77,chronic,0.2369424843877912,0.24872513784442135
future_burden_all_models,Hybrid Type IV/V: biology-informed residual-dynamics proxy,train,ok,110,hyperinflammatory,0.30781309386219624,0.3024069068132317
future_burden_all_models,Hybrid Type IV/V: biology-informed residual-dynamics proxy,train,ok,47,chronic,0.20136669606600283,0.19462621927777812
future_burden_all_models,Hybrid Type IV/V: biology-informed residual-dynamics proxy,train,ok,156,immune_excluded,0.12697100756704832,0.13695471642339982
future_burden_all_models,Hybrid Type IV/V: biology-informed residual-dynamics proxy,train,ok,183,suppressed,0.0677421135431344,0.06669389039192132
future_burden_all_models,Hybrid Type IV/V: biology-informed residual-dynamics proxy,train,ok,20,acute_resolving,0.15070403542920607,0.1508920675828499
future_burden_all_models,Hybrid Type IV/V: biology-informed residual-dynamics proxy,train,ok,87,hyperinflammatory,0.3254304886682681,0.32815866938505084
future_burden_all_models,Hybrid Type IV/V: biology-informed residual-dynamics proxy,train,ok,56,chronic,0.22244307806158434,0.22686671933317049
future_burden_all_models,Hybrid Type IV/V: biology-informed residual-dynamics proxy,train,ok,53,chronic,0.14456916270708023,0.15459787511309306
future_burden_all_models,Hybrid Type IV/V: biology-informed residual-dynamics proxy,train,ok,67,chronic,0.20517832107845896,0.2043287346127757
future_burden_all_models,Hybrid Type IV/V: biology-informed residual-dynamics proxy,train,ok,150,immune_excluded,0.15495874238669383,0.16364584796425172
future_burden_all_models,Hybrid Type IV/V: biology-informed residual-dynamics proxy,train,ok,75,chronic,0.17151656776318444,0.17406399141865028
future_burden_all_models,Hybrid Type IV/V: biology-informed residual-dynamics proxy,train,ok,111,hyperinflammatory,0.11642126257182384,0.11001891908551585
future_burden_all_models,Hybrid Type IV/V: biology-informed residual-dynamics proxy,train,ok,122,immune_excluded,0.3360422188098062,0.3358980522689867
future_burden_all_models,Hybrid Type IV/V: biology-informed residual-dynamics proxy,train,ok,165,suppressed,0.08719688872278407,0.08917154126524857
future_burden_all_models,Hybrid Type IV/V: biology-informed residual-dynamics proxy,train,ok,173,suppressed,0.06170535052537512,0.06306373803893203
future_burden_all_models,Hybrid Type IV/V: biology-informed residual-dynamics proxy,train,ok,97,hyperinflammatory,0.1442093296305148,0.15133409406867013
future_burden_all_models,Hybrid Type IV/V: biology-informed residual-dynamics proxy,train,ok,108,hyperinflammatory,0.3804127458757965,0.36929561279003437
future_burden_all_models,Hybrid Type IV/V: biology-informed residual-dynamics proxy,train,ok,1,acute_resolving,0.10294366772473462,0.10078695164109934
future_burden_all_models,Hybrid Type IV/V: biology-informed residual-dynamics proxy,train,ok,59,chronic,0.1998218162689698,0.19529329281845062
future_burden_all_models,Hybrid Type IV/V: biology-informed residual-dynamics proxy,train,ok,175,suppressed,0.09384666361914017,0.09519441301881316
future_burden_all_models,Hybrid Type IV/V: biology-informed residual-dynamics proxy,train,ok,34,acute_resolving,0.2016888556015865,0.19293331762200105
future_burden_all_models,Hybrid Type IV/V: biology-informed residual-dynamics proxy,train,ok,16,acute_resolving,0.16048182909770783,0.16234869206652158
future_burden_all_models,Hybrid Type IV/V: biology-informed residual-dynamics proxy,train,ok,148,immune_excluded,0.21918826252838397,0.2055899661544414
future_burden_all_models,Hybrid Type IV/V: biology-informed residual-dynamics proxy,train,ok,117,hyperinflammatory,0.1652962855657467,0.1690421174920256
future_burden_all_models,Hybrid Type IV/V: biology-informed residual-dynamics proxy,train,ok,176,suppressed,0.08876106608528458,0.09058172171788847
future_burden_all_models,Hybrid Type IV/V: biology-informed residual-dynamics proxy,train,ok,68,chronic,0.22930286717943854,0.24760164045164212
future_burden_all_models,Hybrid Type IV/V: biology-informed residual-dynamics proxy,train,ok,115,hyperinflammatory,0.17920553425511848,0.1783795741068408
future_burden_all_models,Hybrid Type IV/V: biology-informed residual-dynamics proxy,train,ok,132,immune_excluded,0.13935442826798403,0.15096287135317704
future_burden_all_models,Hybrid Type IV/V: biology-informed residual-dynamics proxy,train,ok,9,acute_resolving,0.21295279098322822,0.2020756952575983
future_burden_all_models,Hybrid Type IV/V: biology-informed residual-dynamics proxy,train,ok,130,immune_excluded,0.17218882667771632,0.17727124434873465
future_burden_all_models,Hybrid Type IV/V: biology-informed residual-dynamics proxy,train,ok,26,acute_resolving,0.18901629526185912,0.1830569822250251
future_burden_all_models,Hybrid Type IV/V: biology-informed residual-dynamics proxy,train,ok,89,hyperinflammatory,0.3604720211575839,0.34742680138267445
future_burden_all_models,Hybrid Type IV/V: biology-informed residual-dynamics proxy,train,ok,85,hyperinflammatory,0.3393081988661317,0.33580969418156736
future_burden_all_models,Hybrid Type IV/V: biology-informed residual-dynamics proxy,train,ok,126,immune_excluded,0.10801308163344087,0.10896967408544143
future_burden_all_models,Hybrid Type IV/V: biology-informed residual-dynamics proxy,train,ok,127,immune_excluded,0.3340544241787802,0.3346715897899954
future_burden_all_models,Hybrid Type IV/V: biology-informed residual-dynamics proxy,train,ok,102,hyperinflammatory,0.1069993582586517,0.10564453720663397
future_burden_all_models,Hybrid Type IV/V: biology-informed residual-dynamics proxy,train,ok,30,acute_resolving,0.18958154774557182,0.18352022720877678
future_burden_all_models,Hybrid Type IV/V: biology-informed residual-dynamics proxy,train,ok,74,chronic,0.3814531853180955,0.37230406868107113
future_burden_all_models,Hybrid Type IV/V: biology-informed residual-dynamics proxy,train,ok,181,suppressed,0.042333476491936556,0.04587507053265451
future_burden_all_models,Hybrid Type IV/V: biology-informed residual-dynamics proxy,train,ok,82,hyperinflammatory,0.22708174860494942,0.23072367737439184
future_burden_all_models,Hybrid Type IV/V: biology-informed residual-dynamics proxy,train,ok,43,chronic,0.3106231863698265,0.31059423519422774
future_burden_all_models,Hybrid Type IV/V: biology-informed residual-dynamics proxy,train,ok,163,suppressed,0.05039347286607311,0.05692630297407271
future_burden_all_models,Hybrid Type IV/V: biology-informed residual-dynamics proxy,train,ok,178,suppressed,0.07830210663522934,0.0717876534210185
future_burden_all_models,Hybrid Type IV/V: biology-informed residual-dynamics proxy,train,ok,184,suppressed,0.04557459475566145,0.05055409104910754
future_burden_all_models,Hybrid Type IV/V: biology-informed residual-dynamics proxy,train,ok,93,hyperinflammatory,0.18802178830457214,0.1867934341665165
future_burden_all_models,Hybrid Type IV/V: biology-informed residual-dynamics proxy,train,ok,69,chronic,0.15432961917102073,0.16256722625768813
future_burden_all_models,Hybrid Type IV/V: biology-informed residual-dynamics proxy,train,ok,161,suppressed,0.0604221779150073,0.0622642941841227
future_burden_all_models,Hybrid Type IV/V: biology-informed residual-dynamics proxy,train,ok,17,acute_resolving,0.05767434480317867,0.05355448689476538
future_burden_all_models,Hybrid Type IV/V: biology-informed residual-dynamics proxy,train,ok,194,suppressed,0.0604074004064277,0.0617018650471223
future_burden_all_models,Hybrid Type IV/V: biology-informed residual-dynamics proxy,train,ok,112,hyperinflammatory,0.15425081478607627,0.15548558064459256
future_burden_all_models,Hybrid Type IV/V: biology-informed residual-dynamics proxy,train,ok,193,suppressed,0.08495619807455647,0.08743792001725564
future_burden_all_models,Hybrid Type IV/V: biology-informed residual-dynamics proxy,train,ok,138,immune_excluded,0.17037201527363321,0.16912676417126954
future_burden_all_models,Hybrid Type IV/V: biology-informed residual-dynamics proxy,train,ok,159,immune_excluded,0.17810890794744463,0.1811114595505525
future_burden_all_models,Hybrid Type IV/V: biology-informed residual-dynamics proxy,train,ok,195,suppressed,0.05607942068340922,0.05763777826423109
future_burden_all_models,Hybrid Type IV/V: biology-informed residual-dynamics proxy,train,ok,186,suppressed,0.09084114155032492,0.09240929365467074
future_burden_all_models,Hybrid Type IV/V: biology-informed residual-dynamics proxy,test,ok,39,acute_resolving,0.06266598022291667,0.06552005653391753
future_burden_all_models,Hybrid Type IV/V: biology-informed residual-dynamics proxy,test,ok,185,suppressed,0.05424353241647829,0.05149279168096222
future_burden_all_models,Hybrid Type IV/V: biology-informed residual-dynamics proxy,test,ok,121,immune_excluded,0.21312791061811376,0.2616428162841703
future_burden_all_models,Hybrid Type IV/V: biology-informed residual-dynamics proxy,test,ok,147,immune_excluded,0.28289275936850483,0.3189827489566668
future_burden_all_models,Hybrid Type IV/V: biology-informed residual-dynamics proxy,test,ok,19,acute_resolving,0.06263307046602881,0.0636320844081797
future_burden_all_models,Hybrid Type IV/V: biology-informed residual-dynamics proxy,test,ok,42,chronic,0.3110914559376187,0.3312235039507846
future_burden_all_models,Hybrid Type IV/V: biology-informed residual-dynamics proxy,test,ok,105,hyperinflammatory,0.21145727923861984,0.1958040083354878
future_burden_all_models,Hybrid Type IV/V: biology-informed residual-dynamics proxy,test,ok,54,chronic,0.14718354742054462,0.16270410639587699
future_burden_all_models,Hybrid Type IV/V: biology-informed residual-dynamics proxy,test,ok,21,acute_resolving,0.0524027570798319,0.04876104565948059
future_burden_all_models,Hybrid Type IV/V: biology-informed residual-dynamics proxy,test,ok,155,immune_excluded,0.13906977378703508,0.1668946398050165
future_burden_all_models,Hybrid Type IV/V: biology-informed residual-dynamics proxy,test,ok,166,suppressed,0.06217778970878385,0.06535044314185012
future_burden_all_models,Hybrid Type IV/V: biology-informed residual-dynamics proxy,test,ok,144,immune_excluded,0.13000404757198142,0.16234318909997209
future_burden_all_models,Hybrid Type IV/V: biology-informed residual-dynamics proxy,test,ok,188,suppressed,0.06491244754300274,0.06633493643956336
future_burden_all_models,Hybrid Type IV/V: biology-informed residual-dynamics proxy,test,ok,180,suppressed,0.06363680734605627,0.06124224488864944
future_burden_all_models,Hybrid Type IV/V: biology-informed residual-dynamics proxy,test,ok,198,suppressed,0.04950995739653964,0.047966275745980745
future_burden_all_models,Hybrid Type IV/V: biology-informed residual-dynamics proxy,test,ok,61,chronic,0.15841424285585307,0.1743737736369028
future_burden_all_models,Hybrid Type IV/V: biology-informed residual-dynamics proxy,test,ok,79,chronic,0.17237840030067622,0.1707807887510299
future_burden_all_models,Hybrid Type IV/V: biology-informed residual-dynamics proxy,test,ok,65,chronic,0.2793841894750788,0.29267726061787247
future_burden_all_models,Hybrid Type IV/V: biology-informed residual-dynamics proxy,test,ok,80,chronic,0.2534039796998062,0.302646603194954
future_burden_all_models,Hybrid Type IV/V: biology-informed residual-dynamics proxy,test,ok,15,acute_resolving,0.07493823033148445,0.06710254780811375
future_burden_all_models,Hybrid Type IV/V: biology-informed residual-dynamics proxy,test,ok,24,acute_resolving,0.05760002710578522,0.05884475076214108
future_burden_all_models,Hybrid Type IV/V: biology-informed residual-dynamics proxy,test,ok,49,chronic,0.40234586362371944,0.3623158797494997
future_burden_all_models,Hybrid Type IV/V: biology-informed residual-dynamics proxy,test,ok,94,hyperinflammatory,0.38422065008518635,0.34313031374285735
future_burden_all_models,Hybrid Type IV/V: biology-informed residual-dynamics proxy,test,ok,23,acute_resolving,0.06288019170866263,0.062355978185431496
future_burden_all_models,Hybrid Type IV/V: biology-informed residual-dynamics proxy,test,ok,95,hyperinflammatory,0.1893896416937826,0.18035748329371562
future_burden_all_models,Hybrid Type IV/V: biology-informed residual-dynamics proxy,test,ok,8,acute_resolving,0.1710641422032237,0.16826610513445953
future_burden_all_models,Hybrid Type IV/V: biology-informed residual-dynamics proxy,test,ok,142,immune_excluded,0.23804163427268468,0.18519909526182005
future_burden_all_models,Hybrid Type IV/V: biology-informed residual-dynamics proxy,test,ok,66,chronic,0.21505450796620268,0.2650509175934943
future_burden_all_models,Hybrid Type IV/V: biology-informed residual-dynamics proxy,test,ok,171,suppressed,0.05590996059033122,0.06132714676516388
future_burden_all_models,Hybrid Type IV/V: biology-informed residual-dynamics proxy,test,ok,96,hyperinflammatory,0.35727644618180365,0.3258192816367068
future_burden_all_models,Hybrid Type IV/V: biology-informed residual-dynamics proxy,test,ok,58,chronic,0.22281828514481905,0.2760143220905584
future_burden_all_models,Hybrid Type IV/V: biology-informed residual-dynamics proxy,test,ok,199,suppressed,0.055449124622359416,0.05988902929211142
future_burden_all_models,Hybrid Type IV/V: biology-informed residual-dynamics proxy,test,ok,157,immune_excluded,0.11048661538695917,0.14744410469993505
future_burden_all_models,Hybrid Type IV/V: biology-informed residual-dynamics proxy,test,ok,88,hyperinflammatory,0.1580913770506452,0.1728092497175229
future_burden_all_models,Hybrid Type IV/V: biology-informed residual-dynamics proxy,test,ok,29,acute_resolving,0.07176821797577448,0.06722091730843965
future_burden_all_models,Hybrid Type IV/V: biology-informed residual-dynamics proxy,test,ok,134,immune_excluded,0.0775932100203578,0.10161707776963794
future_burden_all_models,Hybrid Type IV/V: biology-informed residual-dynamics proxy,test,ok,44,chronic,0.31624434693178644,0.309778347358554
future_burden_all_models,Hybrid Type IV/V: biology-informed residual-dynamics proxy,test,ok,101,hyperinflammatory,0.13471857225029923,0.15214676604458163
future_burden_all_models,Hybrid Type IV/V: biology-informed residual-dynamics proxy,test,ok,196,suppressed,0.05431544438932757,0.06338421216960705
future_burden_all_models,Hybrid Type IV/V: biology-informed residual-dynamics proxy,test,ok,103,hyperinflammatory,0.30918531424734597,0.30618268704204266
future_burden_all_models,Hybrid Type IV/V: biology-informed residual-dynamics proxy,test,ok,33,acute_resolving,0.1792277869207316,0.16524279430189312
future_burden_all_models,Hybrid Type IV/V: biology-informed residual-dynamics proxy,test,ok,104,hyperinflammatory,0.3641171639856099,0.3134449122143534
future_burden_all_models,Hybrid Type IV/V: biology-informed residual-dynamics proxy,test,ok,106,hyperinflammatory,0.3457714086336047,0.3294008698649581
future_burden_all_models,Hybrid Type IV/V: biology-informed residual-dynamics proxy,test,ok,123,immune_excluded,0.1286732391941205,0.15342468812639823
future_burden_all_models,Hybrid Type IV/V: biology-informed residual-dynamics proxy,test,ok,98,hyperinflammatory,0.2373559631194544,0.1890011667456305
future_burden_all_models,Hybrid Type IV/V: biology-informed residual-dynamics proxy,test,ok,190,suppressed,0.05757983358302931,0.060889098986553716
future_burden_all_models,Hybrid Type IV/V: biology-informed residual-dynamics proxy,test,ok,143,immune_excluded,0.2582041080668625,0.18817484678571053
future_burden_all_models,Hybrid Type IV/V: biology-informed residual-dynamics proxy,test,ok,11,acute_resolving,0.07216595670329484,0.06227360133152916
future_burden_all_models,Hybrid Type IV/V: biology-informed residual-dynamics proxy,test,ok,154,immune_excluded,0.1698659823179018,0.1776177006192981
future_burden_all_models,Hybrid Type IV/V: biology-informed residual-dynamics proxy,test,ok,167,suppressed,0.04174832207021787,0.05215076583834154
future_burden_all_models,Hybrid Type II: MM prediction + AI residual correction,train,ok,182,suppressed,0.0683712308397611,0.06816087879374719
future_burden_all_models,Hybrid Type II: MM prediction + AI residual correction,train,ok,133,immune_excluded,0.19104419924573593,0.19096964770178998
future_burden_all_models,Hybrid Type II: MM prediction + AI residual correction,train,ok,109,hyperinflammatory,0.20238624452500706,0.20224589312198363
future_burden_all_models,Hybrid Type II: MM prediction + AI residual correction,train,ok,7,acute_resolving,0.07435866293742996,0.07376698583241907
future_burden_all_models,Hybrid Type II: MM prediction + AI residual correction,train,ok,151,immune_excluded,0.1970304229126578,0.1967180950644946
future_burden_all_models,Hybrid Type II: MM prediction + AI residual correction,train,ok,152,immune_excluded,0.21883831375630053,0.2205617206028675
future_burden_all_models,Hybrid Type II: MM prediction + AI residual correction,train,ok,158,immune_excluded,0.1473794864549834,0.14706118108659053
future_burden_all_models,Hybrid Type II: MM prediction + AI residual correction,train,ok,118,hyperinflammatory,0.3477590918361296,0.345178682007055
future_burden_all_models,Hybrid Type II: MM prediction + AI residual correction,train,ok,35,acute_resolving,0.1906925176179525,0.19067130901204168
future_burden_all_models,Hybrid Type II: MM prediction + AI residual correction,train,ok,131,immune_excluded,0.18503932461114386,0.18408612406642105
future_burden_all_models,Hybrid Type II: MM prediction + AI residual correction,train,ok,62,chronic,0.19689277805655858,0.1965849305582747
future_burden_all_models,Hybrid Type II: MM prediction + AI residual correction,train,ok,160,immune_excluded,0.12178997641133647,0.12273875462022768
future_burden_all_models,Hybrid Type II: MM prediction + AI residual correction,train,ok,177,suppressed,0.06335553709522648,0.06310078295574524
future_burden_all_models,Hybrid Type II: MM prediction + AI residual correction,train,ok,200,suppressed,0.07206233112210889,0.07154075157077205
future_burden_all_models,Hybrid Type II: MM prediction + AI residual correction,train,ok,14,acute_resolving,0.043437149322267034,0.0436028470709197
future_burden_all_models,Hybrid Type II: MM prediction + AI residual correction,train,ok,90,hyperinflammatory,0.1613539131566745,0.16084878578491174
future_burden_all_models,Hybrid Type II: MM prediction + AI residual correction,train,ok,187,suppressed,0.09747490818269092,0.09696439558774092
future_burden_all_models,Hybrid Type II: MM prediction + AI residual correction,train,ok,197,suppressed,0.04338911142274665,0.04360296308116157
future_burden_all_models,Hybrid Type II: MM prediction + AI residual correction,train,ok,3,acute_resolving,0.03896084127614266,0.04084204049980159
future_burden_all_models,Hybrid Type II: MM prediction + AI residual correction,train,ok,13,acute_resolving,0.1953635725683529,0.1953511254091086
future_burden_all_models,Hybrid Type II: MM prediction + AI residual correction,train,ok,81,hyperinflammatory,0.1556211503380359,0.1548395331914343
future_burden_all_models,Hybrid Type II: MM prediction + AI residual correction,train,ok,170,suppressed,0.05319394954501663,0.05230993343521712
future_burden_all_models,Hybrid Type II: MM prediction + AI residual correction,train,ok,70,chronic,0.2904262656067884,0.2899820600630747
future_burden_all_models,Hybrid Type II: MM prediction + AI residual correction,train,ok,107,hyperinflammatory,0.20636113218997404,0.20589446932067965
future_burden_all_models,Hybrid Type II: MM prediction + AI residual correction,train,ok,128,immune_excluded,0.15310519593444272,0.1533155529007726
future_burden_all_models,Hybrid Type II: MM prediction + AI residual correction,train,ok,57,chronic,0.1285911869454824,0.1286534873216102
future_burden_all_models,Hybrid Type II: MM prediction + AI residual correction,train,ok,129,immune_excluded,0.1485291793260984,0.14792450175754288
future_burden_all_models,Hybrid Type II: MM prediction + AI residual correction,train,ok,146,immune_excluded,0.18209756590039214,0.18121315884042596
future_burden_all_models,Hybrid Type II: MM prediction + AI residual correction,train,ok,86,hyperinflammatory,0.323031954613824,0.3240979271362008
future_burden_all_models,Hybrid Type II: MM prediction + AI residual correction,train,ok,4,acute_resolving,0.04919954593255447,0.04933610554384631
future_burden_all_models,Hybrid Type II: MM prediction + AI residual correction,train,ok,168,suppressed,0.06567530401170554,0.06562923105905924
future_burden_all_models,Hybrid Type II: MM prediction + AI residual correction,train,ok,5,acute_resolving,0.2055889526329267,0.20551619769463186
future_burden_all_models,Hybrid Type II: MM prediction + AI residual correction,train,ok,116,hyperinflammatory,0.3196493225394033,0.319471972338559
future_burden_all_models,Hybrid Type II: MM prediction + AI residual correction,train,ok,37,acute_resolving,0.05444441933049729,0.05347972984775974
future_burden_all_models,Hybrid Type II: MM prediction + AI residual correction,train,ok,78,chronic,0.1635406856633828,0.16349977133057217
future_burden_all_models,Hybrid Type II: MM prediction + AI residual correction,train,ok,46,chronic,0.19309974877563654,0.19298055394624422
future_burden_all_models,Hybrid Type II: MM prediction + AI residual correction,train,ok,52,chronic,0.26719910310197553,0.26683002129634276
future_burden_all_models,Hybrid Type II: MM prediction + AI residual correction,train,ok,45,chronic,0.24711334826765757,0.24660651781204299
future_burden_all_models,Hybrid Type II: MM prediction + AI residual correction,train,ok,136,immune_excluded,0.17074089401368558,0.17091777317595472
future_burden_all_models,Hybrid Type II: MM prediction + AI residual correction,train,ok,31,acute_resolving,0.045439567864641685,0.04521912863006555
future_burden_all_models,Hybrid Type II: MM prediction + AI residual correction,train,ok,189,suppressed,0.0657772990578415,0.06563953245543859
future_burden_all_models,Hybrid Type II: MM prediction + AI residual correction,train,ok,64,chronic,0.2471687727764202,0.2509835654780742
future_burden_all_models,Hybrid Type II: MM prediction + AI residual correction,train,ok,125,immune_excluded,0.1464151755460547,0.14628496301009655
future_burden_all_models,Hybrid Type II: MM prediction + AI residual correction,train,ok,36,acute_resolving,0.06712520567712207,0.06713628793788065
future_burden_all_models,Hybrid Type II: MM prediction + AI residual correction,train,ok,71,chronic,0.3776348338131003,0.3784773059522123
future_burden_all_models,Hybrid Type II: MM prediction + AI residual correction,train,ok,12,acute_resolving,0.17569498233498734,0.17576014630295259
future_burden_all_models,Hybrid Type II: MM prediction + AI residual correction,train,ok,120,hyperinflammatory,0.3152687866417902,0.31614985554568553
future_burden_all_models,Hybrid Type II: MM prediction + AI residual correction,train,ok,48,chronic,0.403099727293235,0.39057917638916795
future_burden_all_models,Hybrid Type II: MM prediction + AI residual correction,train,ok,55,chronic,0.24110583252712714,0.24158117531734846
future_burden_all_models,Hybrid Type II: MM prediction + AI residual correction,train,ok,18,acute_resolving,0.08022349839872492,0.08148704936088921
future_burden_all_models,Hybrid Type II: MM prediction + AI residual correction,train,ok,119,hyperinflammatory,0.34304366697681576,0.3421000086712441
future_burden_all_models,Hybrid Type II: MM prediction + AI residual correction,train,ok,145,immune_excluded,0.09942589982171483,0.0994302997556239
future_burden_all_models,Hybrid Type II: MM prediction + AI residual correction,train,ok,28,acute_resolving,0.07360072926052083,0.0730388223416519
future_burden_all_models,Hybrid Type II: MM prediction + AI residual correction,train,ok,91,hyperinflammatory,0.3825824635686646,0.3821456137461182
future_burden_all_models,Hybrid Type II: MM prediction + AI residual correction,train,ok,92,hyperinflammatory,0.3345365312869948,0.33477341991552756
future_burden_all_models,Hybrid Type II: MM prediction + AI residual correction,train,ok,6,acute_resolving,0.08076389099546648,0.08160857124182128
future_burden_all_models,Hybrid Type II: MM prediction + AI residual correction,train,ok,32,acute_resolving,0.09575067935033668,0.0957261746701587
future_burden_all_models,Hybrid Type II: MM prediction + AI residual correction,train,ok,137,immune_excluded,0.2887441932088256,0.2874655746813624
future_burden_all_models,Hybrid Type II: MM prediction + AI residual correction,train,ok,27,acute_resolving,0.19512619870226489,0.19508966534770647
future_burden_all_models,Hybrid Type II: MM prediction + AI residual correction,train,ok,114,hyperinflammatory,0.30522007968943604,0.3062298911423731
future_burden_all_models,Hybrid Type II: MM prediction + AI residual correction,train,ok,124,immune_excluded,0.16544727972282572,0.1654808308725395
future_burden_all_models,Hybrid Type II: MM prediction + AI residual correction,train,ok,72,chronic,0.17395864442727932,0.17443129814832564
future_burden_all_models,Hybrid Type II: MM prediction + AI residual correction,train,ok,99,hyperinflammatory,0.1291497736439301,0.1285668403004653
future_burden_all_models,Hybrid Type II: MM prediction + AI residual correction,train,ok,174,suppressed,0.0976482142596182,0.09767070884883378
future_burden_all_models,Hybrid Type II: MM prediction + AI residual correction,train,ok,73,chronic,0.2699591912231375,0.2692543028100424
future_burden_all_models,Hybrid Type II: MM prediction + AI residual correction,train,ok,100,hyperinflammatory,0.1792756287796367,0.17940527244058657
future_burden_all_models,Hybrid Type II: MM prediction + AI residual correction,train,ok,84,hyperinflammatory,0.12881124671538408,0.1284355496755437
future_burden_all_models,Hybrid Type II: MM prediction + AI residual correction,train,ok,25,acute_resolving,0.06643827885596011,0.06653296879394746
future_burden_all_models,Hybrid Type II: MM prediction + AI residual correction,train,ok,22,acute_resolving,0.07059814596511194,0.0708180860244791
future_burden_all_models,Hybrid Type II: MM prediction + AI residual correction,train,ok,172,suppressed,0.061303395877489716,0.061366912802149454
future_burden_all_models,Hybrid Type II: MM prediction + AI residual correction,train,ok,135,immune_excluded,0.23533516977049052,0.23932607050542307
future_burden_all_models,Hybrid Type II: MM prediction + AI residual correction,train,ok,113,hyperinflammatory,0.32731174432081567,0.32651210678922576
future_burden_all_models,Hybrid Type II: MM prediction + AI residual correction,train,ok,83,hyperinflammatory,0.19247319835744103,0.19220891562828063
future_burden_all_models,Hybrid Type II: MM prediction + AI residual correction,train,ok,140,immune_excluded,0.1813693246041445,0.18033667615601656
future_burden_all_models,Hybrid Type II: MM prediction + AI residual correction,train,ok,192,suppressed,0.06363134183978866,0.06349955126513675
future_burden_all_models,Hybrid Type II: MM prediction + AI residual correction,train,ok,179,suppressed,0.05928086678179292,0.05964615961389338
future_burden_all_models,Hybrid Type II: MM prediction + AI residual correction,train,ok,149,immune_excluded,0.09151682582970821,0.0922540249154566
future_burden_all_models,Hybrid Type II: MM prediction + AI residual correction,train,ok,153,immune_excluded,0.16037448746057764,0.1603463954427051
future_burden_all_models,Hybrid Type II: MM prediction + AI residual correction,train,ok,164,suppressed,0.05194638627471002,0.051118999264631856
future_burden_all_models,Hybrid Type II: MM prediction + AI residual correction,train,ok,139,immune_excluded,0.12517146581813274,0.1258737976133253
future_burden_all_models,Hybrid Type II: MM prediction + AI residual correction,train,ok,40,acute_resolving,0.0703732169055205,0.06984686830785634
future_burden_all_models,Hybrid Type II: MM prediction + AI residual correction,train,ok,41,chronic,0.28739905553738443,0.2863541212471808
future_burden_all_models,Hybrid Type II: MM prediction + AI residual correction,train,ok,51,chronic,0.39057996083803875,0.39103889322267027
future_burden_all_models,Hybrid Type II: MM prediction + AI residual correction,train,ok,191,suppressed,0.06151471738705555,0.06169526757823471
future_burden_all_models,Hybrid Type II: MM prediction + AI residual correction,train,ok,10,acute_resolving,0.0607388932804261,0.060737520435670204
future_burden_all_models,Hybrid Type II: MM prediction + AI residual correction,train,ok,76,chronic,0.16721319334328535,0.16680924068297331
future_burden_all_models,Hybrid Type II: MM prediction + AI residual correction,train,ok,141,immune_excluded,0.1409262991023126,0.14014012941885262
future_burden_all_models,Hybrid Type II: MM prediction + AI residual correction,train,ok,169,suppressed,0.06396018352160243,0.06373431718872644
future_burden_all_models,Hybrid Type II: MM prediction + AI residual correction,train,ok,60,chronic,0.16660227405499917,0.16638638250383878
future_burden_all_models,Hybrid Type II: MM prediction + AI residual correction,train,ok,162,suppressed,0.0457051288623549,0.04535995407792117
future_burden_all_models,Hybrid Type II: MM prediction + AI residual correction,train,ok,38,acute_resolving,0.09350726539705287,0.0937715977576145
future_burden_all_models,Hybrid Type II: MM prediction + AI residual correction,train,ok,50,chronic,0.16146059547290886,0.16124966548672987
future_burden_all_models,Hybrid Type II: MM prediction + AI residual correction,train,ok,63,chronic,0.3082136318509301,0.30490237459087643
future_burden_all_models,Hybrid Type II: MM prediction + AI residual correction,train,ok,2,acute_resolving,0.06665665860398758,0.06695085242290523
future_burden_all_models,Hybrid Type II: MM prediction + AI residual correction,train,ok,77,chronic,0.2369424843877912,0.2386874017986325
future_burden_all_models,Hybrid Type II: MM prediction + AI residual correction,train,ok,110,hyperinflammatory,0.30781309386219624,0.3083185232142534
future_burden_all_models,Hybrid Type II: MM prediction + AI residual correction,train,ok,47,chronic,0.20136669606600283,0.20245720122983316
future_burden_all_models,Hybrid Type II: MM prediction + AI residual correction,train,ok,156,immune_excluded,0.12697100756704832,0.1275881616607523
future_burden_all_models,Hybrid Type II: MM prediction + AI residual correction,train,ok,183,suppressed,0.0677421135431344,0.06760932083970785
future_burden_all_models,Hybrid Type II: MM prediction + AI residual correction,train,ok,20,acute_resolving,0.15070403542920607,0.15007746076574827
future_burden_all_models,Hybrid Type II: MM prediction + AI residual correction,train,ok,87,hyperinflammatory,0.3254304886682681,0.32510846320911474
future_burden_all_models,Hybrid Type II: MM prediction + AI residual correction,train,ok,56,chronic,0.22244307806158434,0.2227790300066016
future_burden_all_models,Hybrid Type II: MM prediction + AI residual correction,train,ok,53,chronic,0.14456916270708023,0.1442325637270336
future_burden_all_models,Hybrid Type II: MM prediction + AI residual correction,train,ok,67,chronic,0.20517832107845896,0.2049698794110732
future_burden_all_models,Hybrid Type II: MM prediction + AI residual correction,train,ok,150,immune_excluded,0.15495874238669383,0.15482696831805418
future_burden_all_models,Hybrid Type II: MM prediction + AI residual correction,train,ok,75,chronic,0.17151656776318444,0.17151354869408517
future_burden_all_models,Hybrid Type II: MM prediction + AI residual correction,train,ok,111,hyperinflammatory,0.11642126257182384,0.11644795651040063
future_burden_all_models,Hybrid Type II: MM prediction + AI residual correction,train,ok,122,immune_excluded,0.3360422188098062,0.3353983326499659
future_burden_all_models,Hybrid Type II: MM prediction + AI residual correction,train,ok,165,suppressed,0.08719688872278407,0.08690652232574325
future_burden_all_models,Hybrid Type II: MM prediction + AI residual correction,train,ok,173,suppressed,0.06170535052537512,0.06176482927023323
future_burden_all_models,Hybrid Type II: MM prediction + AI residual correction,train,ok,97,hyperinflammatory,0.1442093296305148,0.14396598766468421
future_burden_all_models,Hybrid Type II: MM prediction + AI residual correction,train,ok,108,hyperinflammatory,0.3804127458757965,0.3801339576454307
future_burden_all_models,Hybrid Type II: MM prediction + AI residual correction,train,ok,1,acute_resolving,0.10294366772473462,0.10286974762818911
future_burden_all_models,Hybrid Type II: MM prediction + AI residual correction,train,ok,59,chronic,0.1998218162689698,0.2002036051735341
future_burden_all_models,Hybrid Type II: MM prediction + AI residual correction,train,ok,175,suppressed,0.09384666361914017,0.0937183040928566
future_burden_all_models,Hybrid Type II: MM prediction + AI residual correction,train,ok,34,acute_resolving,0.2016888556015865,0.2018370628967256
future_burden_all_models,Hybrid Type II: MM prediction + AI residual correction,train,ok,16,acute_resolving,0.16048182909770783,0.16034110537195137
future_burden_all_models,Hybrid Type II: MM prediction + AI residual correction,train,ok,148,immune_excluded,0.21918826252838397,0.2206420277698336
future_burden_all_models,Hybrid Type II: MM prediction + AI residual correction,train,ok,117,hyperinflammatory,0.1652962855657467,0.16490131957715437
future_burden_all_models,Hybrid Type II: MM prediction + AI residual correction,train,ok,176,suppressed,0.08876106608528458,0.08854797886447544
future_burden_all_models,Hybrid Type II: MM prediction + AI residual correction,train,ok,68,chronic,0.22930286717943854,0.2310373062244762
future_burden_all_models,Hybrid Type II: MM prediction + AI residual correction,train,ok,115,hyperinflammatory,0.17920553425511848,0.17914245102044607
future_burden_all_models,Hybrid Type II: MM prediction + AI residual correction,train,ok,132,immune_excluded,0.13935442826798403,0.13925752417405554
future_burden_all_models,Hybrid Type II: MM prediction + AI residual correction,train,ok,9,acute_resolving,0.21295279098322822,0.21540557041658803
future_burden_all_models,Hybrid Type II: MM prediction + AI residual correction,train,ok,130,immune_excluded,0.17218882667771632,0.1720902507215662
future_burden_all_models,Hybrid Type II: MM prediction + AI residual correction,train,ok,26,acute_resolving,0.18901629526185912,0.18917707451069093
future_burden_all_models,Hybrid Type II: MM prediction + AI residual correction,train,ok,89,hyperinflammatory,0.3604720211575839,0.36362723877572445
future_burden_all_models,Hybrid Type II: MM prediction + AI residual correction,train,ok,85,hyperinflammatory,0.3393081988661317,0.33875793510814345
future_burden_all_models,Hybrid Type II: MM prediction + AI residual correction,train,ok,126,immune_excluded,0.10801308163344087,0.10713132711010026
future_burden_all_models,Hybrid Type II: MM prediction + AI residual correction,train,ok,127,immune_excluded,0.3340544241787802,0.33430812301331153
future_burden_all_models,Hybrid Type II: MM prediction + AI residual correction,train,ok,102,hyperinflammatory,0.1069993582586517,0.1064422885168964
future_burden_all_models,Hybrid Type II: MM prediction + AI residual correction,train,ok,30,acute_resolving,0.18958154774557182,0.18959721332929014
future_burden_all_models,Hybrid Type II: MM prediction + AI residual correction,train,ok,74,chronic,0.3814531853180955,0.3827389420804523
future_burden_all_models,Hybrid Type II: MM prediction + AI residual correction,train,ok,181,suppressed,0.042333476491936556,0.04288620839460082
future_burden_all_models,Hybrid Type II: MM prediction + AI residual correction,train,ok,82,hyperinflammatory,0.22708174860494942,0.22919025551479885
future_burden_all_models,Hybrid Type II: MM prediction + AI residual correction,train,ok,43,chronic,0.3106231863698265,0.30865412697237765
future_burden_all_models,Hybrid Type II: MM prediction + AI residual correction,train,ok,163,suppressed,0.05039347286607311,0.0500956672535514
future_burden_all_models,Hybrid Type II: MM prediction + AI residual correction,train,ok,178,suppressed,0.07830210663522934,0.07919730763050234
future_burden_all_models,Hybrid Type II: MM prediction + AI residual correction,train,ok,184,suppressed,0.04557459475566145,0.04538343712547485
future_burden_all_models,Hybrid Type II: MM prediction + AI residual correction,train,ok,93,hyperinflammatory,0.18802178830457214,0.18850759143868953
future_burden_all_models,Hybrid Type II: MM prediction + AI residual correction,train,ok,69,chronic,0.15432961917102073,0.15437066322507095
future_burden_all_models,Hybrid Type II: MM prediction + AI residual correction,train,ok,161,suppressed,0.0604221779150073,0.06053333266724746
future_burden_all_models,Hybrid Type II: MM prediction + AI residual correction,train,ok,17,acute_resolving,0.05767434480317867,0.05777753253697594
future_burden_all_models,Hybrid Type II: MM prediction + AI residual correction,train,ok,194,suppressed,0.0604074004064277,0.060070768039698276
future_burden_all_models,Hybrid Type II: MM prediction + AI residual correction,train,ok,112,hyperinflammatory,0.15425081478607627,0.15424915808396375
future_burden_all_models,Hybrid Type II: MM prediction + AI residual correction,train,ok,193,suppressed,0.08495619807455647,0.08500519227365322
future_burden_all_models,Hybrid Type II: MM prediction + AI residual correction,train,ok,138,immune_excluded,0.17037201527363321,0.17091718428519637
future_burden_all_models,Hybrid Type II: MM prediction + AI residual correction,train,ok,159,immune_excluded,0.17810890794744463,0.17840826147242195
future_burden_all_models,Hybrid Type II: MM prediction + AI residual correction,train,ok,195,suppressed,0.05607942068340922,0.05561951376491209
future_burden_all_models,Hybrid Type II: MM prediction + AI residual correction,train,ok,186,suppressed,0.09084114155032492,0.09071773149659058
future_burden_all_models,Hybrid Type II: MM prediction + AI residual correction,test,ok,39,acute_resolving,0.06266598022291667,0.06178906778838092
future_burden_all_models,Hybrid Type II: MM prediction + AI residual correction,test,ok,185,suppressed,0.05424353241647829,0.05173016511347441
future_burden_all_models,Hybrid Type II: MM prediction + AI residual correction,test,ok,121,immune_excluded,0.21312791061811376,0.21670967879682293
future_burden_all_models,Hybrid Type II: MM prediction + AI residual correction,test,ok,147,immune_excluded,0.28289275936850483,0.2854816840994755
future_burden_all_models,Hybrid Type II: MM prediction + AI residual correction,test,ok,19,acute_resolving,0.06263307046602881,0.06230774007260845
future_burden_all_models,Hybrid Type II: MM prediction + AI residual correction,test,ok,42,chronic,0.3110914559376187,0.3072053131804441
future_burden_all_models,Hybrid Type II: MM prediction + AI residual correction,test,ok,105,hyperinflammatory,0.21145727923861984,0.21353427904761926
future_burden_all_models,Hybrid Type II: MM prediction + AI residual correction,test,ok,54,chronic,0.14718354742054462,0.14509533201806674
future_burden_all_models,Hybrid Type II: MM prediction + AI residual correction,test,ok,21,acute_resolving,0.0524027570798319,0.04989319834232103
future_burden_all_models,Hybrid Type II: MM prediction + AI residual correction,test,ok,155,immune_excluded,0.13906977378703508,0.1389350408861389
future_burden_all_models,Hybrid Type II: MM prediction + AI residual correction,test,ok,166,suppressed,0.06217778970878385,0.06264938118370506
future_burden_all_models,Hybrid Type II: MM prediction + AI residual correction,test,ok,144,immune_excluded,0.13000404757198142,0.13028499635244728
future_burden_all_models,Hybrid Type II: MM prediction + AI residual correction,test,ok,188,suppressed,0.06491244754300274,0.06558604265268862
future_burden_all_models,Hybrid Type II: MM prediction + AI residual correction,test,ok,180,suppressed,0.06363680734605627,0.06272032596585213
future_burden_all_models,Hybrid Type II: MM prediction + AI residual correction,test,ok,198,suppressed,0.04950995739653964,0.04789951242267642
future_burden_all_models,Hybrid Type II: MM prediction + AI residual correction,test,ok,61,chronic,0.15841424285585307,0.1604632767124779
future_burden_all_models,Hybrid Type II: MM prediction + AI residual correction,test,ok,79,chronic,0.17237840030067622,0.17224896016453187
future_burden_all_models,Hybrid Type II: MM prediction + AI residual correction,test,ok,65,chronic,0.2793841894750788,0.280676012687541
future_burden_all_models,Hybrid Type II: MM prediction + AI residual correction,test,ok,80,chronic,0.2534039796998062,0.2600998770429134
future_burden_all_models,Hybrid Type II: MM prediction + AI residual correction,test,ok,15,acute_resolving,0.07493823033148445,0.0726208984517615
future_burden_all_models,Hybrid Type II: MM prediction + AI residual correction,test,ok,24,acute_resolving,0.05760002710578522,0.058204871611676076
future_burden_all_models,Hybrid Type II: MM prediction + AI residual correction,test,ok,49,chronic,0.40234586362371944,0.3817890946482235
future_burden_all_models,Hybrid Type II: MM prediction + AI residual correction,test,ok,94,hyperinflammatory,0.38422065008518635,0.37738886656937043
future_burden_all_models,Hybrid Type II: MM prediction + AI residual correction,test,ok,23,acute_resolving,0.06288019170866263,0.06255055166496724
future_burden_all_models,Hybrid Type II: MM prediction + AI residual correction,test,ok,95,hyperinflammatory,0.1893896416937826,0.18989736519577216
future_burden_all_models,Hybrid Type II: MM prediction + AI residual correction,test,ok,8,acute_resolving,0.1710641422032237,0.17090902965678295
future_burden_all_models,Hybrid Type II: MM prediction + AI residual correction,test,ok,142,immune_excluded,0.23804163427268468,0.24185345907910785
future_burden_all_models,Hybrid Type II: MM prediction + AI residual correction,test,ok,66,chronic,0.21505450796620268,0.21931264667350947
future_burden_all_models,Hybrid Type II: MM prediction + AI residual correction,test,ok,171,suppressed,0.05590996059033122,0.05341794555895822
future_burden_all_models,Hybrid Type II: MM prediction + AI residual correction,test,ok,96,hyperinflammatory,0.35727644618180365,0.3656050229968128
future_burden_all_models,Hybrid Type II: MM prediction + AI residual correction,test,ok,58,chronic,0.22281828514481905,0.23179012935953708
future_burden_all_models,Hybrid Type II: MM prediction + AI residual correction,test,ok,199,suppressed,0.055449124622359416,0.05281610198371579
future_burden_all_models,Hybrid Type II: MM prediction + AI residual correction,test,ok,157,immune_excluded,0.11048661538695917,0.10181633685471736
future_burden_all_models,Hybrid Type II: MM prediction + AI residual correction,test,ok,88,hyperinflammatory,0.1580913770506452,0.15994759336382763
future_burden_all_models,Hybrid Type II: MM prediction + AI residual correction,test,ok,29,acute_resolving,0.07176821797577448,0.07066205142419642
future_burden_all_models,Hybrid Type II: MM prediction + AI residual correction,test,ok,134,immune_excluded,0.0775932100203578,0.08474721169447441
future_burden_all_models,Hybrid Type II: MM prediction + AI residual correction,test,ok,44,chronic,0.31624434693178644,0.30640729973390296
future_burden_all_models,Hybrid Type II: MM prediction + AI residual correction,test,ok,101,hyperinflammatory,0.13471857225029923,0.1350805186624451
future_burden_all_models,Hybrid Type II: MM prediction + AI residual correction,test,ok,196,suppressed,0.05431544438932757,0.05121658631925873
future_burden_all_models,Hybrid Type II: MM prediction + AI residual correction,test,ok,103,hyperinflammatory,0.30918531424734597,0.3133753867940527
future_burden_all_models,Hybrid Type II: MM prediction + AI residual correction,test,ok,33,acute_resolving,0.1792277869207316,0.18046182800177468
future_burden_all_models,Hybrid Type II: MM prediction + AI residual correction,test,ok,104,hyperinflammatory,0.3641171639856099,0.3730033359677286
future_burden_all_models,Hybrid Type II: MM prediction + AI residual correction,test,ok,106,hyperinflammatory,0.3457714086336047,0.3426874126077412
future_burden_all_models,Hybrid Type II: MM prediction + AI residual correction,test,ok,123,immune_excluded,0.1286732391941205,0.1299349119295557
future_burden_all_models,Hybrid Type II: MM prediction + AI residual correction,test,ok,98,hyperinflammatory,0.2373559631194544,0.25944420847280136
future_burden_all_models,Hybrid Type II: MM prediction + AI residual correction,test,ok,190,suppressed,0.05757983358302931,0.057643294721258787
future_burden_all_models,Hybrid Type II: MM prediction + AI residual correction,test,ok,143,immune_excluded,0.2582041080668625,0.25860882002425806
future_burden_all_models,Hybrid Type II: MM prediction + AI residual correction,test,ok,11,acute_resolving,0.07216595670329484,0.07130085930109041
future_burden_all_models,Hybrid Type II: MM prediction + AI residual correction,test,ok,154,immune_excluded,0.1698659823179018,0.17171140494747833
future_burden_all_models,Hybrid Type II: MM prediction + AI residual correction,test,ok,167,suppressed,0.04174832207021787,0.04529246445328869
future_burden_all_models,Hybrid Type V: Neural-ODE learned residual dynamics,train,ok,182,suppressed,0.0683712308397611,0.1303571988232379
future_burden_all_models,Hybrid Type V: Neural-ODE learned residual dynamics,train,ok,133,immune_excluded,0.19104419924573593,0.12782497268013626
future_burden_all_models,Hybrid Type V: Neural-ODE learned residual dynamics,train,ok,109,hyperinflammatory,0.20238624452500706,0.18826357089937976
future_burden_all_models,Hybrid Type V: Neural-ODE learned residual dynamics,train,ok,7,acute_resolving,0.07435866293742996,0.228600150020235
future_burden_all_models,Hybrid Type V: Neural-ODE learned residual dynamics,train,ok,151,immune_excluded,0.1970304229126578,0.11786988961557501
future_burden_all_models,Hybrid Type V: Neural-ODE learned residual dynamics,train,ok,152,immune_excluded,0.21883831375630053,0.4314837686023504
future_burden_all_models,Hybrid Type V: Neural-ODE learned residual dynamics,train,ok,158,immune_excluded,0.1473794864549834,0.18341994703312142
future_burden_all_models,Hybrid Type V: Neural-ODE learned residual dynamics,train,ok,118,hyperinflammatory,0.3477590918361296,0.3272508478897821
future_burden_all_models,Hybrid Type V: Neural-ODE learned residual dynamics,train,ok,35,acute_resolving,0.1906925176179525,0.13889864809267627
future_burden_all_models,Hybrid Type V: Neural-ODE learned residual dynamics,train,ok,131,immune_excluded,0.18503932461114386,0.1463910004144651
future_burden_all_models,Hybrid Type V: Neural-ODE learned residual dynamics,train,ok,62,chronic,0.19689277805655858,0.053740550736214414
future_burden_all_models,Hybrid Type V: Neural-ODE learned residual dynamics,train,ok,160,immune_excluded,0.12178997641133647,0.1304939988165643
future_burden_all_models,Hybrid Type V: Neural-ODE learned residual dynamics,train,ok,177,suppressed,0.06335553709522648,0.027460365204769733
future_burden_all_models,Hybrid Type V: Neural-ODE learned residual dynamics,train,ok,200,suppressed,0.07206233112210889,0.03159006267851875
future_burden_all_models,Hybrid Type V: Neural-ODE learned residual dynamics,train,ok,14,acute_resolving,0.043437149322267034,0.0
future_burden_all_models,Hybrid Type V: Neural-ODE learned residual dynamics,train,ok,90,hyperinflammatory,0.1613539131566745,0.08248516958004048
future_burden_all_models,Hybrid Type V: Neural-ODE learned residual dynamics,train,ok,187,suppressed,0.09747490818269092,0.08854096307374902
future_burden_all_models,Hybrid Type V: Neural-ODE learned residual dynamics,train,ok,197,suppressed,0.04338911142274665,0.07440012734829313
future_burden_all_models,Hybrid Type V: Neural-ODE learned residual dynamics,train,ok,3,acute_resolving,0.03896084127614266,0.023305220212737954
future_burden_all_models,Hybrid Type V: Neural-ODE learned residual dynamics,train,ok,13,acute_resolving,0.1953635725683529,0.16092712982752855
future_burden_all_models,Hybrid Type V: Neural-ODE learned residual dynamics,train,ok,81,hyperinflammatory,0.1556211503380359,0.2561872255851628
future_burden_all_models,Hybrid Type V: Neural-ODE learned residual dynamics,train,ok,170,suppressed,0.05319394954501663,0.06847976878628981
future_burden_all_models,Hybrid Type V: Neural-ODE learned residual dynamics,train,ok,70,chronic,0.2904262656067884,0.33508504428176533
future_burden_all_models,Hybrid Type V: Neural-ODE learned residual dynamics,train,ok,107,hyperinflammatory,0.20636113218997404,0.33385418279030205
future_burden_all_models,Hybrid Type V: Neural-ODE learned residual dynamics,train,ok,128,immune_excluded,0.15310519593444272,0.17868875626210245
future_burden_all_models,Hybrid Type V: Neural-ODE learned residual dynamics,train,ok,57,chronic,0.1285911869454824,0.1160241538099959
future_burden_all_models,Hybrid Type V: Neural-ODE learned residual dynamics,train,ok,129,immune_excluded,0.1485291793260984,0.11371936398261626
future_burden_all_models,Hybrid Type V: Neural-ODE learned residual dynamics,train,ok,146,immune_excluded,0.18209756590039214,0.1869310165271932
future_burden_all_models,Hybrid Type V: Neural-ODE learned residual dynamics,train,ok,86,hyperinflammatory,0.323031954613824,0.3017854247479639
future_burden_all_models,Hybrid Type V: Neural-ODE learned residual dynamics,train,ok,4,acute_resolving,0.04919954593255447,0.1936997796753974
future_burden_all_models,Hybrid Type V: Neural-ODE learned residual dynamics,train,ok,168,suppressed,0.06567530401170554,0.13731784038415612
future_burden_all_models,Hybrid Type V: Neural-ODE learned residual dynamics,train,ok,5,acute_resolving,0.2055889526329267,0.22441403405893479
future_burden_all_models,Hybrid Type V: Neural-ODE learned residual dynamics,train,ok,116,hyperinflammatory,0.3196493225394033,0.32077922344455145
future_burden_all_models,Hybrid Type V: Neural-ODE learned residual dynamics,train,ok,37,acute_resolving,0.05444441933049729,0.18098963397636408
future_burden_all_models,Hybrid Type V: Neural-ODE learned residual dynamics,train,ok,78,chronic,0.1635406856633828,0.017327096660579577
future_burden_all_models,Hybrid Type V: Neural-ODE learned residual dynamics,train,ok,46,chronic,0.19309974877563654,0.269755977825229
future_burden_all_models,Hybrid Type V: Neural-ODE learned residual dynamics,train,ok,52,chronic,0.26719910310197553,0.2567823459615516
future_burden_all_models,Hybrid Type V: Neural-ODE learned residual dynamics,train,ok,45,chronic,0.24711334826765757,0.4117711989466847
future_burden_all_models,Hybrid Type V: Neural-ODE learned residual dynamics,train,ok,136,immune_excluded,0.17074089401368558,0.17545733646807216
future_burden_all_models,Hybrid Type V: Neural-ODE learned residual dynamics,train,ok,31,acute_resolving,0.045439567864641685,0.028108992435085498
future_burden_all_models,Hybrid Type V: Neural-ODE learned residual dynamics,train,ok,189,suppressed,0.0657772990578415,0.1262163896467408
future_burden_all_models,Hybrid Type V: Neural-ODE learned residual dynamics,train,ok,64,chronic,0.2471687727764202,0.26286881729330136
future_burden_all_models,Hybrid Type V: Neural-ODE learned residual dynamics,train,ok,125,immune_excluded,0.1464151755460547,0.12884859239901267
future_burden_all_models,Hybrid Type V: Neural-ODE learned residual dynamics,train,ok,36,acute_resolving,0.06712520567712207,0.06345895587822233
future_burden_all_models,Hybrid Type V: Neural-ODE learned residual dynamics,train,ok,71,chronic,0.3776348338131003,0.34175137170472886
future_burden_all_models,Hybrid Type V: Neural-ODE learned residual dynamics,train,ok,12,acute_resolving,0.17569498233498734,0.13389280594547467
future_burden_all_models,Hybrid Type V: Neural-ODE learned residual dynamics,train,ok,120,hyperinflammatory,0.3152687866417902,0.3465775052304731
future_burden_all_models,Hybrid Type V: Neural-ODE learned residual dynamics,train,ok,48,chronic,0.403099727293235,0.39680193567662453
future_burden_all_models,Hybrid Type V: Neural-ODE learned residual dynamics,train,ok,55,chronic,0.24110583252712714,0.2581496201518283
future_burden_all_models,Hybrid Type V: Neural-ODE learned residual dynamics,train,ok,18,acute_resolving,0.08022349839872492,0.09936562352278264
future_burden_all_models,Hybrid Type V: Neural-ODE learned residual dynamics,train,ok,119,hyperinflammatory,0.34304366697681576,0.44796985261268435
future_burden_all_models,Hybrid Type V: Neural-ODE learned residual dynamics,train,ok,145,immune_excluded,0.09942589982171483,0.09436928873794112
future_burden_all_models,Hybrid Type V: Neural-ODE learned residual dynamics,train,ok,28,acute_resolving,0.07360072926052083,0.11690263014145996
future_burden_all_models,Hybrid Type V: Neural-ODE learned residual dynamics,train,ok,91,hyperinflammatory,0.3825824635686646,0.39960271406523573
future_burden_all_models,Hybrid Type V: Neural-ODE learned residual dynamics,train,ok,92,hyperinflammatory,0.3345365312869948,0.2781863890643053
future_burden_all_models,Hybrid Type V: Neural-ODE learned residual dynamics,train,ok,6,acute_resolving,0.08076389099546648,0.09115050160147134
future_burden_all_models,Hybrid Type V: Neural-ODE learned residual dynamics,train,ok,32,acute_resolving,0.09575067935033668,0.12168381257251852
future_burden_all_models,Hybrid Type V: Neural-ODE learned residual dynamics,train,ok,137,immune_excluded,0.2887441932088256,0.1596013597016534
future_burden_all_models,Hybrid Type V: Neural-ODE learned residual dynamics,train,ok,27,acute_resolving,0.19512619870226489,0.14370956447051372
future_burden_all_models,Hybrid Type V: Neural-ODE learned residual dynamics,train,ok,114,hyperinflammatory,0.30522007968943604,0.24051051314777439
future_burden_all_models,Hybrid Type V: Neural-ODE learned residual dynamics,train,ok,124,immune_excluded,0.16544727972282572,0.14188650638872682
future_burden_all_models,Hybrid Type V: Neural-ODE learned residual dynamics,train,ok,72,chronic,0.17395864442727932,0.18943301072810317
future_burden_all_models,Hybrid Type V: Neural-ODE learned residual dynamics,train,ok,99,hyperinflammatory,0.1291497736439301,0.19057598444175097
future_burden_all_models,Hybrid Type V: Neural-ODE learned residual dynamics,train,ok,174,suppressed,0.0976482142596182,0.0816363311845188
future_burden_all_models,Hybrid Type V: Neural-ODE learned residual dynamics,train,ok,73,chronic,0.2699591912231375,0.32533403556616114
future_burden_all_models,Hybrid Type V: Neural-ODE learned residual dynamics,train,ok,100,hyperinflammatory,0.1792756287796367,0.18924901926974888
future_burden_all_models,Hybrid Type V: Neural-ODE learned residual dynamics,train,ok,84,hyperinflammatory,0.12881124671538408,0.2809295176619836
future_burden_all_models,Hybrid Type V: Neural-ODE learned residual dynamics,train,ok,25,acute_resolving,0.06643827885596011,0.10307483144600994
future_burden_all_models,Hybrid Type V: Neural-ODE learned residual dynamics,train,ok,22,acute_resolving,0.07059814596511194,0.21744302600010143
future_burden_all_models,Hybrid Type V: Neural-ODE learned residual dynamics,train,ok,172,suppressed,0.061303395877489716,0.07023425312157794
future_burden_all_models,Hybrid Type V: Neural-ODE learned residual dynamics,train,ok,135,immune_excluded,0.23533516977049052,0.2218208275383271
future_burden_all_models,Hybrid Type V: Neural-ODE learned residual dynamics,train,ok,113,hyperinflammatory,0.32731174432081567,0.3506644869572215
future_burden_all_models,Hybrid Type V: Neural-ODE learned residual dynamics,train,ok,83,hyperinflammatory,0.19247319835744103,0.2645292466737811
future_burden_all_models,Hybrid Type V: Neural-ODE learned residual dynamics,train,ok,140,immune_excluded,0.1813693246041445,0.11500539493854342
future_burden_all_models,Hybrid Type V: Neural-ODE learned residual dynamics,train,ok,192,suppressed,0.06363134183978866,0.0853493540275516
future_burden_all_models,Hybrid Type V: Neural-ODE learned residual dynamics,train,ok,179,suppressed,0.05928086678179292,0.2046768371526221
future_burden_all_models,Hybrid Type V: Neural-ODE learned residual dynamics,train,ok,149,immune_excluded,0.09151682582970821,0.10131669681298977
future_burden_all_models,Hybrid Type V: Neural-ODE learned residual dynamics,train,ok,153,immune_excluded,0.16037448746057764,0.17540860653813733
future_burden_all_models,Hybrid Type V: Neural-ODE learned residual dynamics,train,ok,164,suppressed,0.05194638627471002,0.05139025289066651
future_burden_all_models,Hybrid Type V: Neural-ODE learned residual dynamics,train,ok,139,immune_excluded,0.12517146581813274,0.11992590051131356
future_burden_all_models,Hybrid Type V: Neural-ODE learned residual dynamics,train,ok,40,acute_resolving,0.0703732169055205,0.05903547869963304
future_burden_all_models,Hybrid Type V: Neural-ODE learned residual dynamics,train,ok,41,chronic,0.28739905553738443,0.2760023777752831
future_burden_all_models,Hybrid Type V: Neural-ODE learned residual dynamics,train,ok,51,chronic,0.39057996083803875,0.3330914484464727
future_burden_all_models,Hybrid Type V: Neural-ODE learned residual dynamics,train,ok,191,suppressed,0.06151471738705555,0.08753937481851748
future_burden_all_models,Hybrid Type V: Neural-ODE learned residual dynamics,train,ok,10,acute_resolving,0.0607388932804261,0.04636940970141532
future_burden_all_models,Hybrid Type V: Neural-ODE learned residual dynamics,train,ok,76,chronic,0.16721319334328535,0.29713053248492505
future_burden_all_models,Hybrid Type V: Neural-ODE learned residual dynamics,train,ok,141,immune_excluded,0.1409262991023126,0.21257736557644366
future_burden_all_models,Hybrid Type V: Neural-ODE learned residual dynamics,train,ok,169,suppressed,0.06396018352160243,0.0
future_burden_all_models,Hybrid Type V: Neural-ODE learned residual dynamics,train,ok,60,chronic,0.16660227405499917,0.18591514838644851
future_burden_all_models,Hybrid Type V: Neural-ODE learned residual dynamics,train,ok,162,suppressed,0.0457051288623549,0.032237703604371976
future_burden_all_models,Hybrid Type V: Neural-ODE learned residual dynamics,train,ok,38,acute_resolving,0.09350726539705287,0.14904341208502547
future_burden_all_models,Hybrid Type V: Neural-ODE learned residual dynamics,train,ok,50,chronic,0.16146059547290886,0.24026501948656787
future_burden_all_models,Hybrid Type V: Neural-ODE learned residual dynamics,train,ok,63,chronic,0.3082136318509301,0.4015319018622147
future_burden_all_models,Hybrid Type V: Neural-ODE learned residual dynamics,train,ok,2,acute_resolving,0.06665665860398758,0.19033665067161654
future_burden_all_models,Hybrid Type V: Neural-ODE learned residual dynamics,train,ok,77,chronic,0.2369424843877912,0.2650010106285613
future_burden_all_models,Hybrid Type V: Neural-ODE learned residual dynamics,train,ok,110,hyperinflammatory,0.30781309386219624,0.2694894217995064
future_burden_all_models,Hybrid Type V: Neural-ODE learned residual dynamics,train,ok,47,chronic,0.20136669606600283,0.5781572472057847
future_burden_all_models,Hybrid Type V: Neural-ODE learned residual dynamics,train,ok,156,immune_excluded,0.12697100756704832,0.17859387571797186
future_burden_all_models,Hybrid Type V: Neural-ODE learned residual dynamics,train,ok,183,suppressed,0.0677421135431344,0.07459762334278398
future_burden_all_models,Hybrid Type V: Neural-ODE learned residual dynamics,train,ok,20,acute_resolving,0.15070403542920607,0.21724945484586897
future_burden_all_models,Hybrid Type V: Neural-ODE learned residual dynamics,train,ok,87,hyperinflammatory,0.3254304886682681,0.48763512310011764
future_burden_all_models,Hybrid Type V: Neural-ODE learned residual dynamics,train,ok,56,chronic,0.22244307806158434,0.2781170025922705
future_burden_all_models,Hybrid Type V: Neural-ODE learned residual dynamics,train,ok,53,chronic,0.14456916270708023,0.23498226478608183
future_burden_all_models,Hybrid Type V: Neural-ODE learned residual dynamics,train,ok,67,chronic,0.20517832107845896,0.17304780397867636
future_burden_all_models,Hybrid Type V: Neural-ODE learned residual dynamics,train,ok,150,immune_excluded,0.15495874238669383,0.1634217220224139
future_burden_all_models,Hybrid Type V: Neural-ODE learned residual dynamics,train,ok,75,chronic,0.17151656776318444,0.15274123780245652
future_burden_all_models,Hybrid Type V: Neural-ODE learned residual dynamics,train,ok,111,hyperinflammatory,0.11642126257182384,0.1761645451742561
future_burden_all_models,Hybrid Type V: Neural-ODE learned residual dynamics,train,ok,122,immune_excluded,0.3360422188098062,0.44198515806223937
future_burden_all_models,Hybrid Type V: Neural-ODE learned residual dynamics,train,ok,165,suppressed,0.08719688872278407,0.09392564711621273
future_burden_all_models,Hybrid Type V: Neural-ODE learned residual dynamics,train,ok,173,suppressed,0.06170535052537512,0.07547648246901745
future_burden_all_models,Hybrid Type V: Neural-ODE learned residual dynamics,train,ok,97,hyperinflammatory,0.1442093296305148,0.2884858153592949
future_burden_all_models,Hybrid Type V: Neural-ODE learned residual dynamics,train,ok,108,hyperinflammatory,0.3804127458757965,0.39883946356956956
future_burden_all_models,Hybrid Type V: Neural-ODE learned residual dynamics,train,ok,1,acute_resolving,0.10294366772473462,0.14447095648793987
future_burden_all_models,Hybrid Type V: Neural-ODE learned residual dynamics,train,ok,59,chronic,0.1998218162689698,0.3041021446139045
future_burden_all_models,Hybrid Type V: Neural-ODE learned residual dynamics,train,ok,175,suppressed,0.09384666361914017,0.15228131229383116
future_burden_all_models,Hybrid Type V: Neural-ODE learned residual dynamics,train,ok,34,acute_resolving,0.2016888556015865,0.17334706200922134
future_burden_all_models,Hybrid Type V: Neural-ODE learned residual dynamics,train,ok,16,acute_resolving,0.16048182909770783,0.16554903124752166
future_burden_all_models,Hybrid Type V: Neural-ODE learned residual dynamics,train,ok,148,immune_excluded,0.21918826252838397,0.36374674352225994
future_burden_all_models,Hybrid Type V: Neural-ODE learned residual dynamics,train,ok,117,hyperinflammatory,0.1652962855657467,0.2191352892626247
future_burden_all_models,Hybrid Type V: Neural-ODE learned residual dynamics,train,ok,176,suppressed,0.08876106608528458,0.11917872518164217
future_burden_all_models,Hybrid Type V: Neural-ODE learned residual dynamics,train,ok,68,chronic,0.22930286717943854,0.260541908244201
future_burden_all_models,Hybrid Type V: Neural-ODE learned residual dynamics,train,ok,115,hyperinflammatory,0.17920553425511848,0.22188443032828437
future_burden_all_models,Hybrid Type V: Neural-ODE learned residual dynamics,train,ok,132,immune_excluded,0.13935442826798403,0.14550564495992424
future_burden_all_models,Hybrid Type V: Neural-ODE learned residual dynamics,train,ok,9,acute_resolving,0.21295279098322822,0.2339753766483949
future_burden_all_models,Hybrid Type V: Neural-ODE learned residual dynamics,train,ok,130,immune_excluded,0.17218882667771632,0.23942639943164729
future_burden_all_models,Hybrid Type V: Neural-ODE learned residual dynamics,train,ok,26,acute_resolving,0.18901629526185912,0.19834663020344648
future_burden_all_models,Hybrid Type V: Neural-ODE learned residual dynamics,train,ok,89,hyperinflammatory,0.3604720211575839,0.36599819086467483
future_burden_all_models,Hybrid Type V: Neural-ODE learned residual dynamics,train,ok,85,hyperinflammatory,0.3393081988661317,0.3395855068328378
future_burden_all_models,Hybrid Type V: Neural-ODE learned residual dynamics,train,ok,126,immune_excluded,0.10801308163344087,0.05458417569975733
future_burden_all_models,Hybrid Type V: Neural-ODE learned residual dynamics,train,ok,127,immune_excluded,0.3340544241787802,0.32528412667932693
future_burden_all_models,Hybrid Type V: Neural-ODE learned residual dynamics,train,ok,102,hyperinflammatory,0.1069993582586517,0.09674341189643572
future_burden_all_models,Hybrid Type V: Neural-ODE learned residual dynamics,train,ok,30,acute_resolving,0.18958154774557182,0.22762465514671545
future_burden_all_models,Hybrid Type V: Neural-ODE learned residual dynamics,train,ok,74,chronic,0.3814531853180955,0.2193499004025925
future_burden_all_models,Hybrid Type V: Neural-ODE learned residual dynamics,train,ok,181,suppressed,0.042333476491936556,0.11053194215136909
future_burden_all_models,Hybrid Type V: Neural-ODE learned residual dynamics,train,ok,82,hyperinflammatory,0.22708174860494942,0.35304161377292265
future_burden_all_models,Hybrid Type V: Neural-ODE learned residual dynamics,train,ok,43,chronic,0.3106231863698265,0.3316080754390875
future_burden_all_models,Hybrid Type V: Neural-ODE learned residual dynamics,train,ok,163,suppressed,0.05039347286607311,0.04504687802741861
future_burden_all_models,Hybrid Type V: Neural-ODE learned residual dynamics,train,ok,178,suppressed,0.07830210663522934,0.07713222686890948
future_burden_all_models,Hybrid Type V: Neural-ODE learned residual dynamics,train,ok,184,suppressed,0.04557459475566145,0.0
future_burden_all_models,Hybrid Type V: Neural-ODE learned residual dynamics,train,ok,93,hyperinflammatory,0.18802178830457214,0.22744405188485722
future_burden_all_models,Hybrid Type V: Neural-ODE learned residual dynamics,train,ok,69,chronic,0.15432961917102073,0.1871032958633701
future_burden_all_models,Hybrid Type V: Neural-ODE learned residual dynamics,train,ok,161,suppressed,0.0604221779150073,0.005351592461984005
future_burden_all_models,Hybrid Type V: Neural-ODE learned residual dynamics,train,ok,17,acute_resolving,0.05767434480317867,0.07188289230513635
future_burden_all_models,Hybrid Type V: Neural-ODE learned residual dynamics,train,ok,194,suppressed,0.0604074004064277,0.0836015619364059
future_burden_all_models,Hybrid Type V: Neural-ODE learned residual dynamics,train,ok,112,hyperinflammatory,0.15425081478607627,0.2157429513575055
future_burden_all_models,Hybrid Type V: Neural-ODE learned residual dynamics,train,ok,193,suppressed,0.08495619807455647,0.05459095346607745
future_burden_all_models,Hybrid Type V: Neural-ODE learned residual dynamics,train,ok,138,immune_excluded,0.17037201527363321,0.2498069212940739
future_burden_all_models,Hybrid Type V: Neural-ODE learned residual dynamics,train,ok,159,immune_excluded,0.17810890794744463,0.12090942152676518
future_burden_all_models,Hybrid Type V: Neural-ODE learned residual dynamics,train,ok,195,suppressed,0.05607942068340922,0.04180609192053801
future_burden_all_models,Hybrid Type V: Neural-ODE learned residual dynamics,train,ok,186,suppressed,0.09084114155032492,0.1563045329696066
future_burden_all_models,Hybrid Type V: Neural-ODE learned residual dynamics,test,ok,39,acute_resolving,0.06266598022291667,0.8975609849247059
future_burden_all_models,Hybrid Type V: Neural-ODE learned residual dynamics,test,ok,185,suppressed,0.05424353241647829,0.7650850534769137
future_burden_all_models,Hybrid Type V: Neural-ODE learned residual dynamics,test,ok,121,immune_excluded,0.21312791061811376,0.3095436615099405
future_burden_all_models,Hybrid Type V: Neural-ODE learned residual dynamics,test,ok,147,immune_excluded,0.28289275936850483,0.5082404969341731
future_burden_all_models,Hybrid Type V: Neural-ODE learned residual dynamics,test,ok,19,acute_resolving,0.06263307046602881,0.28199485088248144
future_burden_all_models,Hybrid Type V: Neural-ODE learned residual dynamics,test,ok,42,chronic,0.3110914559376187,0.35509059953415617
future_burden_all_models,Hybrid Type V: Neural-ODE learned residual dynamics,test,ok,105,hyperinflammatory,0.21145727923861984,0.09853404931455281
future_burden_all_models,Hybrid Type V: Neural-ODE learned residual dynamics,test,ok,54,chronic,0.14718354742054462,0.662702356619115
future_burden_all_models,Hybrid Type V: Neural-ODE learned residual dynamics,test,ok,21,acute_resolving,0.0524027570798319,0.04964315674062372
future_burden_all_models,Hybrid Type V: Neural-ODE learned residual dynamics,test,ok,155,immune_excluded,0.13906977378703508,0.32780327302887124
future_burden_all_models,Hybrid Type V: Neural-ODE learned residual dynamics,test,ok,166,suppressed,0.06217778970878385,0.17174292406378183
future_burden_all_models,Hybrid Type V: Neural-ODE learned residual dynamics,test,ok,144,immune_excluded,0.13000404757198142,0.11720053161464834
future_burden_all_models,Hybrid Type V: Neural-ODE learned residual dynamics,test,ok,188,suppressed,0.06491244754300274,1.0442467345683297
future_burden_all_models,Hybrid Type V: Neural-ODE learned residual dynamics,test,ok,180,suppressed,0.06363680734605627,0.24729713445041035
future_burden_all_models,Hybrid Type V: Neural-ODE learned residual dynamics,test,ok,198,suppressed,0.04950995739653964,0.14828173213880647
future_burden_all_models,Hybrid Type V: Neural-ODE learned residual dynamics,test,ok,61,chronic,0.15841424285585307,0.0
future_burden_all_models,Hybrid Type V: Neural-ODE learned residual dynamics,test,ok,79,chronic,0.17237840030067622,0.10496117942236645
future_burden_all_models,Hybrid Type V: Neural-ODE learned residual dynamics,test,ok,65,chronic,0.2793841894750788,0.0
future_burden_all_models,Hybrid Type V: Neural-ODE learned residual dynamics,test,ok,80,chronic,0.2534039796998062,0.057885138911064775
future_burden_all_models,Hybrid Type V: Neural-ODE learned residual dynamics,test,ok,15,acute_resolving,0.07493823033148445,0.2751561598229928
future_burden_all_models,Hybrid Type V: Neural-ODE learned residual dynamics,test,ok,24,acute_resolving,0.05760002710578522,0.3238657565371791
future_burden_all_models,Hybrid Type V: Neural-ODE learned residual dynamics,test,ok,49,chronic,0.40234586362371944,0.3866655870498432
future_burden_all_models,Hybrid Type V: Neural-ODE learned residual dynamics,test,ok,94,hyperinflammatory,0.38422065008518635,0.7502702554148357
future_burden_all_models,Hybrid Type V: Neural-ODE learned residual dynamics,test,ok,23,acute_resolving,0.06288019170866263,0.061552742823272596
future_burden_all_models,Hybrid Type V: Neural-ODE learned residual dynamics,test,ok,95,hyperinflammatory,0.1893896416937826,0.38191568419369776
future_burden_all_models,Hybrid Type V: Neural-ODE learned residual dynamics,test,ok,8,acute_resolving,0.1710641422032237,0.12877977118785483
future_burden_all_models,Hybrid Type V: Neural-ODE learned residual dynamics,test,ok,142,immune_excluded,0.23804163427268468,0.9458870798618846
future_burden_all_models,Hybrid Type V: Neural-ODE learned residual dynamics,test,ok,66,chronic,0.21505450796620268,0.6955702004085681
future_burden_all_models,Hybrid Type V: Neural-ODE learned residual dynamics,test,ok,171,suppressed,0.05590996059033122,0.40578661203530453
future_burden_all_models,Hybrid Type V: Neural-ODE learned residual dynamics,test,ok,96,hyperinflammatory,0.35727644618180365,0.667236597034129
future_burden_all_models,Hybrid Type V: Neural-ODE learned residual dynamics,test,ok,58,chronic,0.22281828514481905,0.2973140960875459
future_burden_all_models,Hybrid Type V: Neural-ODE learned residual dynamics,test,ok,199,suppressed,0.055449124622359416,0.6568556944495525
future_burden_all_models,Hybrid Type V: Neural-ODE learned residual dynamics,test,ok,157,immune_excluded,0.11048661538695917,0.4998467149386815
future_burden_all_models,Hybrid Type V: Neural-ODE learned residual dynamics,test,ok,88,hyperinflammatory,0.1580913770506452,0.5528199626294177
future_burden_all_models,Hybrid Type V: Neural-ODE learned residual dynamics,test,ok,29,acute_resolving,0.07176821797577448,0.18075659833287433
future_burden_all_models,Hybrid Type V: Neural-ODE learned residual dynamics,test,ok,134,immune_excluded,0.0775932100203578,0.8969901248989824
future_burden_all_models,Hybrid Type V: Neural-ODE learned residual dynamics,test,ok,44,chronic,0.31624434693178644,0.38662675099113797
future_burden_all_models,Hybrid Type V: Neural-ODE learned residual dynamics,test,ok,101,hyperinflammatory,0.13471857225029923,0.1884020216328806
future_burden_all_models,Hybrid Type V: Neural-ODE learned residual dynamics,test,ok,196,suppressed,0.05431544438932757,0.4114873285600964
future_burden_all_models,Hybrid Type V: Neural-ODE learned residual dynamics,test,ok,103,hyperinflammatory,0.30918531424734597,0.019660538458169247
future_burden_all_models,Hybrid Type V: Neural-ODE learned residual dynamics,test,ok,33,acute_resolving,0.1792277869207316,0.12142840174676349
future_burden_all_models,Hybrid Type V: Neural-ODE learned residual dynamics,test,ok,104,hyperinflammatory,0.3641171639856099,0.2391977898609038
future_burden_all_models,Hybrid Type V: Neural-ODE learned residual dynamics,test,ok,106,hyperinflammatory,0.3457714086336047,0.7366892222313272
future_burden_all_models,Hybrid Type V: Neural-ODE learned residual dynamics,test,ok,123,immune_excluded,0.1286732391941205,0.5159784906243474
future_burden_all_models,Hybrid Type V: Neural-ODE learned residual dynamics,test,ok,98,hyperinflammatory,0.2373559631194544,0.11442499089558371
future_burden_all_models,Hybrid Type V: Neural-ODE learned residual dynamics,test,ok,190,suppressed,0.05757983358302931,0.8649580534752568
future_burden_all_models,Hybrid Type V: Neural-ODE learned residual dynamics,test,ok,143,immune_excluded,0.2582041080668625,1.0149084061412608
future_burden_all_models,Hybrid Type V: Neural-ODE learned residual dynamics,test,ok,11,acute_resolving,0.07216595670329484,0.028493481539057258
future_burden_all_models,Hybrid Type V: Neural-ODE learned residual dynamics,test,ok,154,immune_excluded,0.1698659823179018,0.14782087504290695
future_burden_all_models,Hybrid Type V: Neural-ODE learned residual dynamics,test,ok,167,suppressed,0.04174832207021787,0.19314829233637298
future_burden_all_models,Hybrid Type IV: reduced state-space PINN,train,ok,182,suppressed,0.0683712308397611,0.18486589193344116
future_burden_all_models,Hybrid Type IV: reduced state-space PINN,train,ok,133,immune_excluded,0.19104419924573593,0.3345479369163513
future_burden_all_models,Hybrid Type IV: reduced state-space PINN,train,ok,109,hyperinflammatory,0.20238624452500706,0.35604122281074524
future_burden_all_models,Hybrid Type IV: reduced state-space PINN,train,ok,7,acute_resolving,0.07435866293742996,0.21034444868564606
future_burden_all_models,Hybrid Type IV: reduced state-space PINN,train,ok,151,immune_excluded,0.1970304229126578,0.3128453195095062
future_burden_all_models,Hybrid Type IV: reduced state-space PINN,train,ok,152,immune_excluded,0.21883831375630053,0.2945808470249176
future_burden_all_models,Hybrid Type IV: reduced state-space PINN,train,ok,158,immune_excluded,0.1473794864549834,0.24230986833572388
future_burden_all_models,Hybrid Type IV: reduced state-space PINN,train,ok,118,hyperinflammatory,0.3477590918361296,0.402913361787796
future_burden_all_models,Hybrid Type IV: reduced state-space PINN,train,ok,35,acute_resolving,0.1906925176179525,0.2579294741153717
future_burden_all_models,Hybrid Type IV: reduced state-space PINN,train,ok,131,immune_excluded,0.18503932461114386,0.2933126389980316
future_burden_all_models,Hybrid Type IV: reduced state-space PINN,train,ok,62,chronic,0.19689277805655858,0.3075028657913208
future_burden_all_models,Hybrid Type IV: reduced state-space PINN,train,ok,160,immune_excluded,0.12178997641133647,0.22141577303409576
future_burden_all_models,Hybrid Type IV: reduced state-space PINN,train,ok,177,suppressed,0.06335553709522648,0.18452611565589905
future_burden_all_models,Hybrid Type IV: reduced state-space PINN,train,ok,200,suppressed,0.07206233112210889,0.18055476248264313
future_burden_all_models,Hybrid Type IV: reduced state-space PINN,train,ok,14,acute_resolving,0.043437149322267034,0.2052178680896759
future_burden_all_models,Hybrid Type IV: reduced state-space PINN,train,ok,90,hyperinflammatory,0.1613539131566745,0.29474446177482605
future_burden_all_models,Hybrid Type IV: reduced state-space PINN,train,ok,187,suppressed,0.09747490818269092,0.20550435781478882
future_burden_all_models,Hybrid Type IV: reduced state-space PINN,train,ok,197,suppressed,0.04338911142274665,0.16300877928733826
future_burden_all_models,Hybrid Type IV: reduced state-space PINN,train,ok,3,acute_resolving,0.03896084127614266,0.1713329255580902
future_burden_all_models,Hybrid Type IV: reduced state-space PINN,train,ok,13,acute_resolving,0.1953635725683529,0.24013331532478333
future_burden_all_models,Hybrid Type IV: reduced state-space PINN,train,ok,81,hyperinflammatory,0.1556211503380359,0.31999698281288147
future_burden_all_models,Hybrid Type IV: reduced state-space PINN,train,ok,170,suppressed,0.05319394954501663,0.1835152804851532
future_burden_all_models,Hybrid Type IV: reduced state-space PINN,train,ok,70,chronic,0.2904262656067884,0.3247494399547577
future_burden_all_models,Hybrid Type IV: reduced state-space PINN,train,ok,107,hyperinflammatory,0.20636113218997404,0.36054104566574097
future_burden_all_models,Hybrid Type IV: reduced state-space PINN,train,ok,128,immune_excluded,0.15310519593444272,0.28259870409965515
future_burden_all_models,Hybrid Type IV: reduced state-space PINN,train,ok,57,chronic,0.1285911869454824,0.23189902305603027
future_burden_all_models,Hybrid Type IV: reduced state-space PINN,train,ok,129,immune_excluded,0.1485291793260984,0.1899200677871704
future_burden_all_models,Hybrid Type IV: reduced state-space PINN,train,ok,146,immune_excluded,0.18209756590039214,0.3211286962032318
future_burden_all_models,Hybrid Type IV: reduced state-space PINN,train,ok,86,hyperinflammatory,0.323031954613824,0.4190564453601837
future_burden_all_models,Hybrid Type IV: reduced state-space PINN,train,ok,4,acute_resolving,0.04919954593255447,0.2023080587387085
future_burden_all_models,Hybrid Type IV: reduced state-space PINN,train,ok,168,suppressed,0.06567530401170554,0.16836124658584595
future_burden_all_models,Hybrid Type IV: reduced state-space PINN,train,ok,5,acute_resolving,0.2055889526329267,0.2576063275337219
future_burden_all_models,Hybrid Type IV: reduced state-space PINN,train,ok,116,hyperinflammatory,0.3196493225394033,0.44747504591941833
future_burden_all_models,Hybrid Type IV: reduced state-space PINN,train,ok,37,acute_resolving,0.05444441933049729,0.17110943794250488
future_burden_all_models,Hybrid Type IV: reduced state-space PINN,train,ok,78,chronic,0.1635406856633828,0.2703360915184021
future_burden_all_models,Hybrid Type IV: reduced state-space PINN,train,ok,46,chronic,0.19309974877563654,0.39556148648262024
future_burden_all_models,Hybrid Type IV: reduced state-space PINN,train,ok,52,chronic,0.26719910310197553,0.42173898220062256
future_burden_all_models,Hybrid Type IV: reduced state-space PINN,train,ok,45,chronic,0.24711334826765757,0.4196828305721283
future_burden_all_models,Hybrid Type IV: reduced state-space PINN,train,ok,136,immune_excluded,0.17074089401368558,0.2963438034057617
future_burden_all_models,Hybrid Type IV: reduced state-space PINN,train,ok,31,acute_resolving,0.045439567864641685,0.1863366812467575
future_burden_all_models,Hybrid Type IV: reduced state-space PINN,train,ok,189,suppressed,0.0657772990578415,0.20744206011295319
future_burden_all_models,Hybrid Type IV: reduced state-space PINN,train,ok,64,chronic,0.2471687727764202,0.30719059705734253
future_burden_all_models,Hybrid Type IV: reduced state-space PINN,train,ok,125,immune_excluded,0.1464151755460547,0.2835143506526947
future_burden_all_models,Hybrid Type IV: reduced state-space PINN,train,ok,36,acute_resolving,0.06712520567712207,0.16580356657505035
future_burden_all_models,Hybrid Type IV: reduced state-space PINN,train,ok,71,chronic,0.3776348338131003,0.4773435592651367
future_burden_all_models,Hybrid Type IV: reduced state-space PINN,train,ok,12,acute_resolving,0.17569498233498734,0.24255205690860748
future_burden_all_models,Hybrid Type IV: reduced state-space PINN,train,ok,120,hyperinflammatory,0.3152687866417902,0.3878655433654785
future_burden_all_models,Hybrid Type IV: reduced state-space PINN,train,ok,48,chronic,0.403099727293235,0.5092859268188477
future_burden_all_models,Hybrid Type IV: reduced state-space PINN,train,ok,55,chronic,0.24110583252712714,0.34797245264053345
future_burden_all_models,Hybrid Type IV: reduced state-space PINN,train,ok,18,acute_resolving,0.08022349839872492,0.19443170726299286
future_burden_all_models,Hybrid Type IV: reduced state-space PINN,train,ok,119,hyperinflammatory,0.34304366697681576,0.43077877163887024
future_burden_all_models,Hybrid Type IV: reduced state-space PINN,train,ok,145,immune_excluded,0.09942589982171483,0.21334519982337952
future_burden_all_models,Hybrid Type IV: reduced state-space PINN,train,ok,28,acute_resolving,0.07360072926052083,0.18283452093601227
future_burden_all_models,Hybrid Type IV: reduced state-space PINN,train,ok,91,hyperinflammatory,0.3825824635686646,0.46294328570365906
future_burden_all_models,Hybrid Type IV: reduced state-space PINN,train,ok,92,hyperinflammatory,0.3345365312869948,0.40755563974380493
future_burden_all_models,Hybrid Type IV: reduced state-space PINN,train,ok,6,acute_resolving,0.08076389099546648,0.174743190407753
future_burden_all_models,Hybrid Type IV: reduced state-space PINN,train,ok,32,acute_resolving,0.09575067935033668,0.16332006454467773
future_burden_all_models,Hybrid Type IV: reduced state-space PINN,train,ok,137,immune_excluded,0.2887441932088256,0.3525129556655884
future_burden_all_models,Hybrid Type IV: reduced state-space PINN,train,ok,27,acute_resolving,0.19512619870226489,0.30191904306411743
future_burden_all_models,Hybrid Type IV: reduced state-space PINN,train,ok,114,hyperinflammatory,0.30522007968943604,0.3879992663860321
future_burden_all_models,Hybrid Type IV: reduced state-space PINN,train,ok,124,immune_excluded,0.16544727972282572,0.2818771302700043
future_burden_all_models,Hybrid Type IV: reduced state-space PINN,train,ok,72,chronic,0.17395864442727932,0.276880145072937
future_burden_all_models,Hybrid Type IV: reduced state-space PINN,train,ok,99,hyperinflammatory,0.1291497736439301,0.26934242248535156
future_burden_all_models,Hybrid Type IV: reduced state-space PINN,train,ok,174,suppressed,0.0976482142596182,0.1945139467716217
future_burden_all_models,Hybrid Type IV: reduced state-space PINN,train,ok,73,chronic,0.2699591912231375,0.2682613730430603
future_burden_all_models,Hybrid Type IV: reduced state-space PINN,train,ok,100,hyperinflammatory,0.1792756287796367,0.24697497487068176
future_burden_all_models,Hybrid Type IV: reduced state-space PINN,train,ok,84,hyperinflammatory,0.12881124671538408,0.2787081003189087
future_burden_all_models,Hybrid Type IV: reduced state-space PINN,train,ok,25,acute_resolving,0.06643827885596011,0.1567213386297226
future_burden_all_models,Hybrid Type IV: reduced state-space PINN,train,ok,22,acute_resolving,0.07059814596511194,0.16886864602565765
future_burden_all_models,Hybrid Type IV: reduced state-space PINN,train,ok,172,suppressed,0.061303395877489716,0.22632341086864471
future_burden_all_models,Hybrid Type IV: reduced state-space PINN,train,ok,135,immune_excluded,0.23533516977049052,0.2656555771827698
future_burden_all_models,Hybrid Type IV: reduced state-space PINN,train,ok,113,hyperinflammatory,0.32731174432081567,0.40576961636543274
future_burden_all_models,Hybrid Type IV: reduced state-space PINN,train,ok,83,hyperinflammatory,0.19247319835744103,0.330604612827301
future_burden_all_models,Hybrid Type IV: reduced state-space PINN,train,ok,140,immune_excluded,0.1813693246041445,0.23426157236099243
future_burden_all_models,Hybrid Type IV: reduced state-space PINN,train,ok,192,suppressed,0.06363134183978866,0.1914680302143097
future_burden_all_models,Hybrid Type IV: reduced state-space PINN,train,ok,179,suppressed,0.05928086678179292,0.21278317272663116
future_burden_all_models,Hybrid Type IV: reduced state-space PINN,train,ok,149,immune_excluded,0.09151682582970821,0.21721962094306946
future_burden_all_models,Hybrid Type IV: reduced state-space PINN,train,ok,153,immune_excluded,0.16037448746057764,0.2308795303106308
future_burden_all_models,Hybrid Type IV: reduced state-space PINN,train,ok,164,suppressed,0.05194638627471002,0.20620495080947876
future_burden_all_models,Hybrid Type IV: reduced state-space PINN,train,ok,139,immune_excluded,0.12517146581813274,0.22447413206100464
future_burden_all_models,Hybrid Type IV: reduced state-space PINN,train,ok,40,acute_resolving,0.0703732169055205,0.18970215320587158
future_burden_all_models,Hybrid Type IV: reduced state-space PINN,train,ok,41,chronic,0.28739905553738443,0.3808090388774872
future_burden_all_models,Hybrid Type IV: reduced state-space PINN,train,ok,51,chronic,0.39057996083803875,0.49649226665496826
future_burden_all_models,Hybrid Type IV: reduced state-space PINN,train,ok,191,suppressed,0.06151471738705555,0.19627141952514648
future_burden_all_models,Hybrid Type IV: reduced state-space PINN,train,ok,10,acute_resolving,0.0607388932804261,0.1816229522228241
future_burden_all_models,Hybrid Type IV: reduced state-space PINN,train,ok,76,chronic,0.16721319334328535,0.28045666217803955
future_burden_all_models,Hybrid Type IV: reduced state-space PINN,train,ok,141,immune_excluded,0.1409262991023126,0.3176366686820984
future_burden_all_models,Hybrid Type IV: reduced state-space PINN,train,ok,169,suppressed,0.06396018352160243,0.19258251786231995
future_burden_all_models,Hybrid Type IV: reduced state-space PINN,train,ok,60,chronic,0.16660227405499917,0.2716105580329895
future_burden_all_models,Hybrid Type IV: reduced state-space PINN,train,ok,162,suppressed,0.0457051288623549,0.20594573020935059
future_burden_all_models,Hybrid Type IV: reduced state-space PINN,train,ok,38,acute_resolving,0.09350726539705287,0.20315992832183838
future_burden_all_models,Hybrid Type IV: reduced state-space PINN,train,ok,50,chronic,0.16146059547290886,0.2602958083152771
future_burden_all_models,Hybrid Type IV: reduced state-space PINN,train,ok,63,chronic,0.3082136318509301,0.37253639101982117
future_burden_all_models,Hybrid Type IV: reduced state-space PINN,train,ok,2,acute_resolving,0.06665665860398758,0.16232016682624817
future_burden_all_models,Hybrid Type IV: reduced state-space PINN,train,ok,77,chronic,0.2369424843877912,0.35864534974098206
future_burden_all_models,Hybrid Type IV: reduced state-space PINN,train,ok,110,hyperinflammatory,0.30781309386219624,0.4558192491531372
future_burden_all_models,Hybrid Type IV: reduced state-space PINN,train,ok,47,chronic,0.20136669606600283,0.34122705459594727
future_burden_all_models,Hybrid Type IV: reduced state-space PINN,train,ok,156,immune_excluded,0.12697100756704832,0.3166496455669403
future_burden_all_models,Hybrid Type IV: reduced state-space PINN,train,ok,183,suppressed,0.0677421135431344,0.14937862753868103
future_burden_all_models,Hybrid Type IV: reduced state-space PINN,train,ok,20,acute_resolving,0.15070403542920607,0.23777057230472565
future_burden_all_models,Hybrid Type IV: reduced state-space PINN,train,ok,87,hyperinflammatory,0.3254304886682681,0.4518072009086609
future_burden_all_models,Hybrid Type IV: reduced state-space PINN,train,ok,56,chronic,0.22244307806158434,0.373351514339447
future_burden_all_models,Hybrid Type IV: reduced state-space PINN,train,ok,53,chronic,0.14456916270708023,0.2044985294342041
future_burden_all_models,Hybrid Type IV: reduced state-space PINN,train,ok,67,chronic,0.20517832107845896,0.336863249540329
future_burden_all_models,Hybrid Type IV: reduced state-space PINN,train,ok,150,immune_excluded,0.15495874238669383,0.3092111349105835
future_burden_all_models,Hybrid Type IV: reduced state-space PINN,train,ok,75,chronic,0.17151656776318444,0.2748152017593384
future_burden_all_models,Hybrid Type IV: reduced state-space PINN,train,ok,111,hyperinflammatory,0.11642126257182384,0.26543644070625305
future_burden_all_models,Hybrid Type IV: reduced state-space PINN,train,ok,122,immune_excluded,0.3360422188098062,0.3831721544265747
future_burden_all_models,Hybrid Type IV: reduced state-space PINN,train,ok,165,suppressed,0.08719688872278407,0.20435979962348938
future_burden_all_models,Hybrid Type IV: reduced state-space PINN,train,ok,173,suppressed,0.06170535052537512,0.16095836460590363
future_burden_all_models,Hybrid Type IV: reduced state-space PINN,train,ok,97,hyperinflammatory,0.1442093296305148,0.22868260741233826
future_burden_all_models,Hybrid Type IV: reduced state-space PINN,train,ok,108,hyperinflammatory,0.3804127458757965,0.5222567915916443
future_burden_all_models,Hybrid Type IV: reduced state-space PINN,train,ok,1,acute_resolving,0.10294366772473462,0.2174517810344696
future_burden_all_models,Hybrid Type IV: reduced state-space PINN,train,ok,59,chronic,0.1998218162689698,0.35575297474861145
future_burden_all_models,Hybrid Type IV: reduced state-space PINN,train,ok,175,suppressed,0.09384666361914017,0.21333825588226318
future_burden_all_models,Hybrid Type IV: reduced state-space PINN,train,ok,34,acute_resolving,0.2016888556015865,0.23518006503582
future_burden_all_models,Hybrid Type IV: reduced state-space PINN,train,ok,16,acute_resolving,0.16048182909770783,0.19241225719451904
future_burden_all_models,Hybrid Type IV: reduced state-space PINN,train,ok,148,immune_excluded,0.21918826252838397,0.29892387986183167
future_burden_all_models,Hybrid Type IV: reduced state-space PINN,train,ok,117,hyperinflammatory,0.1652962855657467,0.31177711486816406
future_burden_all_models,Hybrid Type IV: reduced state-space PINN,train,ok,176,suppressed,0.08876106608528458,0.18870069086551666
future_burden_all_models,Hybrid Type IV: reduced state-space PINN,train,ok,68,chronic,0.22930286717943854,0.30221104621887207
future_burden_all_models,Hybrid Type IV: reduced state-space PINN,train,ok,115,hyperinflammatory,0.17920553425511848,0.27940598130226135
future_burden_all_models,Hybrid Type IV: reduced state-space PINN,train,ok,132,immune_excluded,0.13935442826798403,0.2936336398124695
future_burden_all_models,Hybrid Type IV: reduced state-space PINN,train,ok,9,acute_resolving,0.21295279098322822,0.24349507689476013
future_burden_all_models,Hybrid Type IV: reduced state-space PINN,train,ok,130,immune_excluded,0.17218882667771632,0.31270527839660645
future_burden_all_models,Hybrid Type IV: reduced state-space PINN,train,ok,26,acute_resolving,0.18901629526185912,0.25594037771224976
future_burden_all_models,Hybrid Type IV: reduced state-space PINN,train,ok,89,hyperinflammatory,0.3604720211575839,0.40473610162734985
future_burden_all_models,Hybrid Type IV: reduced state-space PINN,train,ok,85,hyperinflammatory,0.3393081988661317,0.3963920772075653
future_burden_all_models,Hybrid Type IV: reduced state-space PINN,train,ok,126,immune_excluded,0.10801308163344087,0.2867168188095093
future_burden_all_models,Hybrid Type IV: reduced state-space PINN,train,ok,127,immune_excluded,0.3340544241787802,0.47637590765953064
future_burden_all_models,Hybrid Type IV: reduced state-space PINN,train,ok,102,hyperinflammatory,0.1069993582586517,0.24059051275253296
future_burden_all_models,Hybrid Type IV: reduced state-space PINN,train,ok,30,acute_resolving,0.18958154774557182,0.2490004003047943
future_burden_all_models,Hybrid Type IV: reduced state-space PINN,train,ok,74,chronic,0.3814531853180955,0.4539647102355957
future_burden_all_models,Hybrid Type IV: reduced state-space PINN,train,ok,181,suppressed,0.042333476491936556,0.1487169861793518
future_burden_all_models,Hybrid Type IV: reduced state-space PINN,train,ok,82,hyperinflammatory,0.22708174860494942,0.3704087734222412
future_burden_all_models,Hybrid Type IV: reduced state-space PINN,train,ok,43,chronic,0.3106231863698265,0.3982805609703064
future_burden_all_models,Hybrid Type IV: reduced state-space PINN,train,ok,163,suppressed,0.05039347286607311,0.16784507036209106
future_burden_all_models,Hybrid Type IV: reduced state-space PINN,train,ok,178,suppressed,0.07830210663522934,0.18292571604251862
future_burden_all_models,Hybrid Type IV: reduced state-space PINN,train,ok,184,suppressed,0.04557459475566145,0.16900913417339325
future_burden_all_models,Hybrid Type IV: reduced state-space PINN,train,ok,93,hyperinflammatory,0.18802178830457214,0.36616066098213196
future_burden_all_models,Hybrid Type IV: reduced state-space PINN,train,ok,69,chronic,0.15432961917102073,0.2630854845046997
future_burden_all_models,Hybrid Type IV: reduced state-space PINN,train,ok,161,suppressed,0.0604221779150073,0.18278370797634125
future_burden_all_models,Hybrid Type IV: reduced state-space PINN,train,ok,17,acute_resolving,0.05767434480317867,0.19234499335289001
future_burden_all_models,Hybrid Type IV: reduced state-space PINN,train,ok,194,suppressed,0.0604074004064277,0.17761918902397156
future_burden_all_models,Hybrid Type IV: reduced state-space PINN,train,ok,112,hyperinflammatory,0.15425081478607627,0.21749070286750793
future_burden_all_models,Hybrid Type IV: reduced state-space PINN,train,ok,193,suppressed,0.08495619807455647,0.1833549588918686
future_burden_all_models,Hybrid Type IV: reduced state-space PINN,train,ok,138,immune_excluded,0.17037201527363321,0.295519083738327
future_burden_all_models,Hybrid Type IV: reduced state-space PINN,train,ok,159,immune_excluded,0.17810890794744463,0.33272096514701843
future_burden_all_models,Hybrid Type IV: reduced state-space PINN,train,ok,195,suppressed,0.05607942068340922,0.18969252705574036
future_burden_all_models,Hybrid Type IV: reduced state-space PINN,train,ok,186,suppressed,0.09084114155032492,0.2033005654811859
future_burden_all_models,Hybrid Type IV: reduced state-space PINN,test,ok,39,acute_resolving,0.06266598022291667,0.2819405496120453
future_burden_all_models,Hybrid Type IV: reduced state-space PINN,test,ok,185,suppressed,0.05424353241647829,0.9675883650779724
future_burden_all_models,Hybrid Type IV: reduced state-space PINN,test,ok,121,immune_excluded,0.21312791061811376,0.9315687417984009
future_burden_all_models,Hybrid Type IV: reduced state-space PINN,test,ok,147,immune_excluded,0.28289275936850483,0.944471538066864
future_burden_all_models,Hybrid Type IV: reduced state-space PINN,test,ok,19,acute_resolving,0.06263307046602881,0.45227760076522827
future_burden_all_models,Hybrid Type IV: reduced state-space PINN,test,ok,42,chronic,0.3110914559376187,0.39151304960250854
future_burden_all_models,Hybrid Type IV: reduced state-space PINN,test,ok,105,hyperinflammatory,0.21145727923861984,0.4428332448005676
future_burden_all_models,Hybrid Type IV: reduced state-space PINN,test,ok,54,chronic,0.14718354742054462,0.36766570806503296
future_burden_all_models,Hybrid Type IV: reduced state-space PINN,test,ok,21,acute_resolving,0.0524027570798319,0.589102566242218
future_burden_all_models,Hybrid Type IV: reduced state-space PINN,test,ok,155,immune_excluded,0.13906977378703508,0.3956221342086792
future_burden_all_models,Hybrid Type IV: reduced state-space PINN,test,ok,166,suppressed,0.06217778970878385,0.7760705351829529
future_burden_all_models,Hybrid Type IV: reduced state-space PINN,test,ok,144,immune_excluded,0.13000404757198142,0.5764364004135132
future_burden_all_models,Hybrid Type IV: reduced state-space PINN,test,ok,188,suppressed,0.06491244754300274,0.9303442239761353
future_burden_all_models,Hybrid Type IV: reduced state-space PINN,test,ok,180,suppressed,0.06363680734605627,0.823783278465271
future_burden_all_models,Hybrid Type IV: reduced state-space PINN,test,ok,198,suppressed,0.04950995739653964,0.36062294244766235
future_burden_all_models,Hybrid Type IV: reduced state-space PINN,test,ok,61,chronic,0.15841424285585307,0.5086174607276917
future_burden_all_models,Hybrid Type IV: reduced state-space PINN,test,ok,79,chronic,0.17237840030067622,0.40245580673217773
future_burden_all_models,Hybrid Type IV: reduced state-space PINN,test,ok,65,chronic,0.2793841894750788,0.5743181109428406
future_burden_all_models,Hybrid Type IV: reduced state-space PINN,test,ok,80,chronic,0.2534039796998062,0.7196797132492065
future_burden_all_models,Hybrid Type IV: reduced state-space PINN,test,ok,15,acute_resolving,0.07493823033148445,1.8786077499389648
future_burden_all_models,Hybrid Type IV: reduced state-space PINN,test,ok,24,acute_resolving,0.05760002710578522,0.9149023294448853
future_burden_all_models,Hybrid Type IV: reduced state-space PINN,test,ok,49,chronic,0.40234586362371944,0.49900633096694946
future_burden_all_models,Hybrid Type IV: reduced state-space PINN,test,ok,94,hyperinflammatory,0.38422065008518635,1.4703724384307861
future_burden_all_models,Hybrid Type IV: reduced state-space PINN,test,ok,23,acute_resolving,0.06288019170866263,0.2840174436569214
future_burden_all_models,Hybrid Type IV: reduced state-space PINN,test,ok,95,hyperinflammatory,0.1893896416937826,1.518159031867981
future_burden_all_models,Hybrid Type IV: reduced state-space PINN,test,ok,8,acute_resolving,0.1710641422032237,0.4422338902950287
future_burden_all_models,Hybrid Type IV: reduced state-space PINN,test,ok,142,immune_excluded,0.23804163427268468,2.777017593383789
future_burden_all_models,Hybrid Type IV: reduced state-space PINN,test,ok,66,chronic,0.21505450796620268,0.5687600374221802
future_burden_all_models,Hybrid Type IV: reduced state-space PINN,test,ok,171,suppressed,0.05590996059033122,1.8648655414581299
future_burden_all_models,Hybrid Type IV: reduced state-space PINN,test,ok,96,hyperinflammatory,0.35727644618180365,0.6351079940795898
future_burden_all_models,Hybrid Type IV: reduced state-space PINN,test,ok,58,chronic,0.22281828514481905,0.728144645690918
future_burden_all_models,Hybrid Type IV: reduced state-space PINN,test,ok,199,suppressed,0.055449124622359416,0.7694634199142456
future_burden_all_models,Hybrid Type IV: reduced state-space PINN,test,ok,157,immune_excluded,0.11048661538695917,0.8148745894432068
future_burden_all_models,Hybrid Type IV: reduced state-space PINN,test,ok,88,hyperinflammatory,0.1580913770506452,0.535041332244873
future_burden_all_models,Hybrid Type IV: reduced state-space PINN,test,ok,29,acute_resolving,0.07176821797577448,0.8819001317024231
future_burden_all_models,Hybrid Type IV: reduced state-space PINN,test,ok,134,immune_excluded,0.0775932100203578,1.6731458902359009
future_burden_all_models,Hybrid Type IV: reduced state-space PINN,test,ok,44,chronic,0.31624434693178644,0.37150800228118896
future_burden_all_models,Hybrid Type IV: reduced state-space PINN,test,ok,101,hyperinflammatory,0.13471857225029923,1.551637887954712
future_burden_all_models,Hybrid Type IV: reduced state-space PINN,test,ok,196,suppressed,0.05431544438932757,0.359421968460083
future_burden_all_models,Hybrid Type IV: reduced state-space PINN,test,ok,103,hyperinflammatory,0.30918531424734597,0.9042156934738159
future_burden_all_models,Hybrid Type IV: reduced state-space PINN,test,ok,33,acute_resolving,0.1792277869207316,0.4603925347328186
future_burden_all_models,Hybrid Type IV: reduced state-space PINN,test,ok,104,hyperinflammatory,0.3641171639856099,1.0577070713043213
future_burden_all_models,Hybrid Type IV: reduced state-space PINN,test,ok,106,hyperinflammatory,0.3457714086336047,0.47038963437080383
future_burden_all_models,Hybrid Type IV: reduced state-space PINN,test,ok,123,immune_excluded,0.1286732391941205,0.6697691082954407
future_burden_all_models,Hybrid Type IV: reduced state-space PINN,test,ok,98,hyperinflammatory,0.2373559631194544,2.090742826461792
future_burden_all_models,Hybrid Type IV: reduced state-space PINN,test,ok,190,suppressed,0.05757983358302931,0.4683758318424225
future_burden_all_models,Hybrid Type IV: reduced state-space PINN,test,ok,143,immune_excluded,0.2582041080668625,0.7113969326019287
future_burden_all_models,Hybrid Type IV: reduced state-space PINN,test,ok,11,acute_resolving,0.07216595670329484,0.33441781997680664
future_burden_all_models,Hybrid Type IV: reduced state-space PINN,test,ok,154,immune_excluded,0.1698659823179018,0.7525923252105713
future_burden_all_models,Hybrid Type IV: reduced state-space PINN,test,ok,167,suppressed,0.04174832207021787,0.4206167757511139
